Name,BSE Code,NSE Code,ISIN Code,Industry Group,Industry,Current Price,Market Capitalization,EBIDT last year,High price all time,DMA 200,Down from 52w high,Debt,Promoter holding,Profit after tax latest quarter,YOY Quarterly profit growth,Profit after tax preceding year quarter,Profit after tax preceding quarter,QoQ Profits,Expected quarterly net profit,Net profit 2quarters back,Net profit 3quarters back,Pledged percentage,Price to Earning,Expected quarterly sales,Expected quarterly sales growth,Sales,Sales growth,YOY Quarterly sales growth,Net Profit latest quarter,Profit after tax,Return on capital employed,Return on equity,Profit growth,NPM latest quarter,Mkt Cap To Debt Cap,Cash from operations last year,Cash from operations preceding year,DMA 200 previous day,Expected quarterly operating profit,Expected quarterly EPS,RSI,Cash end of preceding year,CROIC,Cash end of last year,Reserves,Investments,Current assets,EVEBITDA,Price to book value,Sales latest quarter,Number of Shareholders,Number of Shareholders preceding quarter,Number of Shareholders 1year back,FII holding,DII holding,Public holding,Cash Equivalents
360 ONE,542772,360ONE,INE466L01038,Capital Markets,Stockbroking & Allied,1203.00,49079.73,2822.12,1318.00,1102.19,2.69,15931.31,6.20,330.53,16.11,284.67,288.74,14.47,535.81,327.28,315.48,0.00,38.89,1511.19,37.62,4621.10,36.82,34.52,330.53,1262.03,12.12,14.39,19.48,26.96,-3.14,-2921.06,-2462.17,1101.18,945.11,13.17,62.82,1091.58,-9.24,1481.59,9794.94,8842.44,3261.14,21.12,4.97,1226.09,76687.00,74294.00,68603.00,58.55,18.70,16.53,1481.59
3M India,523395,3MINDIA,INE470A01017,Diversified,Diversified,33550.00,37887.52,1033.73,41000.00,33463.09,12.40,169.75,75.00,176.95,-0.42,177.69,185.37,8.23,250.13,-62.05,191.34,0.00,85.93,1478.10,16.71,5316.99,15.71,19.00,233.07,440.89,50.01,29.98,-11.22,12.43,6.68,513.72,355.11,33462.21,273.40,222.04,35.58,937.38,23.51,817.78,1756.88,0.00,2542.38,36.24,21.38,1423.21,30673.00,29808.00,34588.00,3.50,8.16,13.33,817.78
63 Moons Tech.,526881,63MOONS,INE111B01023,IT - Software,Computers - Software & Consulting,770.80,3551.29,-98.81,3048.00,714.86,23.51,2.85,45.63,-39.68,-203.60,-13.07,-54.65,-289.18,,-31.73,-44.70,0.00,,,541.89,318.30,384.84,350.44,-47.56,-143.00,-3.71,-1.60,-76.91,-34.67,-3.38,-292.97,-142.78,714.29,,,46.96,1925.25,-4.21,1676.78,3542.62,583.27,2322.90,-12.96,1.00,137.16,44996.00,45869.00,46045.00,1.61,0.00,52.75,1676.78
A B B,500002,ABB,INE117A01022,Electrical Equipment,Heavy Electrical Equipment,7479.00,159128.78,2397.26,9200.00,6565.01,5.62,144.52,75.00,370.07,8.03,342.55,341.91,-79.69,469.04,432.85,409.04,0.00,103.25,3712.31,12.13,13476.81,10.22,21.03,362.30,1541.25,29.93,22.39,-13.03,10.40,12.02,1219.52,1331.80,6555.83,516.29,22.14,50.44,5507.82,14.47,5834.87,9297.10,1.56,13764.99,67.96,16.97,3558.87,183577.00,181528.00,182397.00,7.67,9.89,7.44,7335.52
A B Lifestyle,544403,ABLBL,INE14LE01019,Retailing,Speciality Retail,86.50,10553.87,1444.28,176.10,108.27,42.84,3018.10,46.60,29.02,20.62,24.06,60.50,-46.77,52.66,69.01,23.44,0.00,49.44,2248.61,10.34,8600.97,9.07,11.15,29.02,213.47,15.02,14.87,31.53,1.42,,1218.81,1144.17,108.49,352.99,0.43,28.61,53.65,,91.51,191.66,16.34,4565.34,9.17,7.48,2045.74,262354.00,266973.00,297575.00,12.70,20.80,19.42,91.51
A B Real Estate,500040,ABREL,INE055A01016,Realty,"Residential, Commercial Projects",1445.50,16138.09,-340.56,3141.95,1464.80,26.79,5636.49,50.21,-70.92,-59.41,-44.49,-102.21,-741.74,-110.55,-75.31,-17.82,0.00,,87.69,-10.38,450.47,-55.45,29.74,-34.59,-319.61,-4.48,-2.64,-249.75,-35.46,-10.06,747.23,-1293.44,1464.99,-68.87,-9.90,60.01,1000.62,-4.55,1398.76,3589.13,1511.65,13627.49,-61.81,4.36,188.85,95594.00,96982.00,105295.00,9.26,16.63,23.14,1398.76
Aadhar Hsg. Fin.,544176,AADHARHFC,INE883F01010,Finance,Housing Finance Company,474.95,20657.53,2818.86,563.00,487.79,15.64,18743.78,64.66,282.36,19.00,237.28,310.92,-9.19,420.21,281.21,266.47,0.00,17.91,1055.67,17.67,3817.29,17.72,17.06,282.36,1153.40,11.38,15.94,21.54,28.44,-0.79,-2807.88,-3026.65,487.91,803.04,9.60,34.64,1723.38,-11.48,1214.68,7105.19,637.46,1784.06,13.06,2.74,992.89,162826.00,184772.00,202739.00,5.80,9.92,19.61,1214.68
Aarti Drugs,524348,AARTIDRUGS,INE767A01016,Pharmaceuticals & Biotechnology,Pharmaceuticals,414.75,3784.96,311.58,1026.95,401.17,22.41,576.64,54.43,51.68,-4.14,53.91,55.19,-9.28,65.67,40.55,45.16,2.50,19.64,732.18,12.16,2677.58,10.54,19.01,50.13,192.69,11.90,13.36,2.04,7.35,1.43,253.54,244.58,401.04,94.36,7.19,51.60,7.56,4.55,8.81,1457.59,27.31,1467.77,12.95,2.44,702.78,143476.00,144946.00,160260.00,1.52,10.29,33.76,8.81
Aarti Industries,524208,AARTIIND,INE769A01020,Chemicals & Petrochemicals,Specialty Chemicals,520.05,18868.97,1172.00,1060.84,454.87,4.05,4966.00,41.82,153.28,256.47,43.00,137.00,13.14,160.25,133.00,106.00,3.49,36.13,2717.30,29.40,9010.00,26.99,42.51,155.00,522.28,6.85,7.13,122.25,6.42,1.49,775.00,1241.94,454.21,403.84,4.42,58.57,294.97,-1.90,609.00,5774.00,132.00,4187.00,17.32,3.17,2387.00,370868.00,384210.00,425399.00,7.00,21.11,30.08,609.00
Aarti Pharma,543748,AARTIPHARM,INE0LRU01027,Pharmaceuticals & Biotechnology,Pharmaceuticals,829.25,7514.67,386.95,971.50,726.34,12.38,754.36,42.86,76.14,53.82,49.50,61.12,24.57,59.83,47.96,27.92,11.08,34.91,473.54,13.20,1969.04,1.20,38.74,76.14,215.27,10.70,8.59,-19.21,14.21,2.96,261.93,331.56,725.31,102.06,6.60,61.77,8.65,-3.55,9.62,2079.28,193.85,1397.29,18.29,3.54,535.80,176506.00,179373.00,187039.00,8.17,7.22,41.74,9.62
AAVAS Financiers,541988,AAVAS,INE216P01012,Finance,Housing Finance Company,1364.90,10801.44,1978.39,3340.00,1438.19,23.10,15685.57,48.88,171.27,23.01,139.23,181.67,-5.72,252.69,170.05,163.93,0.00,15.72,753.54,12.97,2764.62,13.32,12.93,171.27,686.92,9.92,13.92,16.97,24.17,-0.53,-1386.42,-1660.13,1438.92,557.76,31.87,41.68,1559.63,-8.78,1843.30,4971.56,270.81,2368.93,12.07,2.14,708.72,113498.00,117980.00,121862.00,16.28,22.15,12.69,1843.30
Abbott India,500488,ABBOTINDIA,INE358A01014,Pharmaceuticals & Biotechnology,Pharmaceuticals,26120.00,55515.52,2176.08,37000.00,27563.03,20.73,171.99,74.99,428.52,17.13,365.86,394.93,8.51,500.45,375.96,415.27,0.00,34.38,1858.87,5.79,7004.38,6.29,4.33,428.52,1614.68,44.80,34.35,11.18,23.63,4.12,1319.24,1011.84,27577.53,527.86,235.51,32.12,1626.20,24.40,2254.95,4752.94,0.00,3770.69,23.65,11.63,1813.68,78320.00,75866.00,67584.00,0.38,8.77,15.85,2254.95
ACC,500410,ACC,INE012A01025,Cement & Cement Products,Cement & Cement Products,1301.10,24419.73,3366.76,2844.00,1509.29,34.52,428.61,56.69,163.92,-56.33,375.38,239.29,-38.31,379.29,404.25,1119.26,0.00,12.85,6517.50,8.54,25441.73,11.55,-4.59,147.00,1899.74,11.25,10.86,-18.63,2.82,1.98,-1364.01,1711.48,1511.39,695.92,20.20,37.73,1649.27,-1.65,557.73,20362.55,54.95,11372.89,8.04,1.19,5808.00,238540.00,235988.00,219069.00,5.83,21.12,16.19,557.73
ACME Solar Hold.,544283,ACMESOLAR,INE622W01025,Power,Power Generation,397.40,28094.88,2265.04,406.65,306.14,2.27,19896.29,71.40,235.33,64.83,142.77,134.46,70.15,106.30,113.70,115.06,0.00,47.18,705.93,50.92,2369.90,47.52,67.81,235.33,595.44,8.89,10.38,45.44,27.44,1.74,1248.59,1543.02,305.22,609.25,1.50,65.38,2916.03,-11.80,6158.09,4940.40,275.00,6985.74,16.31,4.76,857.50,143209.00,164635.00,197223.00,4.39,19.10,4.92,6158.09
Action Const.Eq.,532762,ACE,INE731H01025,"Agricultural, Commercial & Construction Vehicles",Construction Vehicles,1164.40,13863.12,614.01,1695.00,986.85,2.64,7.90,65.42,119.49,22.28,97.72,110.91,7.74,108.97,116.41,90.06,0.00,31.73,813.81,9.35,3414.04,5.21,20.49,119.49,436.86,31.70,22.90,3.34,15.21,3.38,417.27,411.98,985.07,122.96,9.15,63.51,55.47,14.70,77.20,1987.17,1283.46,1624.29,21.47,6.90,785.68,183575.00,181542.00,171647.00,7.82,2.59,24.12,77.20
Acutaas Chemical,543349,ACUTAAS,INE00FF01025,Pharmaceuticals & Biotechnology,Pharmaceuticals,3210.50,26283.10,521.98,3740.00,2582.02,14.16,35.60,32.66,74.26,67.67,44.29,131.76,-44.15,141.80,106.22,71.86,0.00,68.05,447.67,46.20,1461.80,40.90,59.08,74.99,386.22,31.56,24.05,104.30,22.75,17.84,292.17,118.34,2575.70,155.01,17.15,46.35,248.93,-5.79,224.83,1612.63,0.20,881.27,45.78,15.90,329.67,125569.00,112939.00,119890.00,21.61,19.55,26.16,224.83
Adani Energy Sol,539254,ADANIENSOL,INE931S01010,Power,Power Distribution,1548.50,189460.57,8670.33,4238.55,1297.73,13.44,49176.43,73.39,1149.06,124.22,512.48,683.78,71.11,792.88,574.06,557.10,0.00,64.90,8441.66,27.98,30479.83,20.91,42.41,1236.56,2919.12,9.65,9.44,21.81,12.73,2.23,10996.68,9044.51,1295.21,2536.16,6.02,37.82,3618.68,-1.52,3947.34,24226.26,2643.61,15589.44,23.74,7.32,9711.08,376377.00,403625.00,500926.00,10.31,13.05,3.26,3947.34
Adani Enterp.,512599,ADANIENT,INE423A01024,Metals & Minerals Trading,Trading - Minerals,2994.90,406876.17,16111.93,4062.14,2630.61,7.71,106621.79,71.97,568.16,-35.82,885.23,-104.93,-776.28,-15.86,5726.57,3414.43,0.79,171.39,27518.81,29.51,111431.39,18.06,49.92,-1461.54,2373.98,5.80,-3.38,-36.42,2.17,4.50,2356.91,4513.10,2626.95,4079.39,-0.09,45.33,6962.46,-13.17,11809.42,80796.71,9428.37,58452.04,27.39,4.78,32923.98,588595.00,664882.00,621739.00,10.51,10.75,6.78,11809.42
Adani Green,541450,ADANIGREEN,INE364U01010,Power,Power Generation,1301.80,214928.07,12093.00,3050.00,1237.79,20.21,103545.00,62.43,846.34,16.89,724.08,468.79,91.25,41.53,5.00,644.00,0.00,110.85,3423.22,13.80,13559.00,10.98,16.61,983.00,1938.87,7.39,11.40,4.37,22.22,2.35,10135.00,8364.00,1237.15,2983.80,0.22,33.44,3332.00,-11.37,2766.00,18318.00,2983.00,9834.00,25.00,10.74,4431.00,799143.00,930970.00,989821.00,11.84,4.82,20.90,2766.00
Adani Ports,532921,ADANIPORTS,INE742F01042,Transport Infrastructure,Port & Port services,1696.00,391309.84,25205.01,1891.80,1617.59,10.35,63565.52,66.03,3620.40,9.23,3314.59,3381.29,10.31,3510.47,3042.93,3120.20,0.00,29.45,11241.10,22.62,40430.43,23.85,18.57,3649.50,13287.46,14.12,16.38,16.78,33.73,2.09,20356.25,17226.28,1616.80,6516.91,15.12,43.39,6605.97,5.24,8483.51,95497.98,5448.65,20720.18,16.92,4.07,10820.80,1072323.00,1095768.00,1185335.00,15.58,13.60,4.79,8483.51
Adani Power,533096,ADANIPOWER,INE814H01029,Power,Integrated Power Utilities,204.00,394025.79,23359.36,254.20,185.97,19.75,54670.29,74.96,4805.69,41.98,3384.86,4017.08,13.93,3809.84,2488.09,2906.46,1.81,27.64,15478.97,15.03,59033.26,6.64,33.97,4866.60,14255.13,17.22,21.07,14.86,25.75,2.11,20513.65,21501.11,185.79,5964.91,1.95,37.44,6119.88,5.71,6926.32,61079.94,1515.99,27196.73,17.14,6.06,18901.89,2116256.00,2087011.00,1814142.00,11.76,4.07,9.20,6926.32
Adani Total Gas,542066,ATGL,INE399L01023,Gas,LPG/CNG/PNG/LNG Supplier,657.65,72372.59,1220.64,4000.00,640.80,23.52,2251.76,74.80,133.03,-17.97,162.17,155.84,-14.64,212.28,157.19,161.68,0.00,119.08,1748.21,21.07,6235.29,19.58,27.10,133.03,607.74,15.09,14.06,-4.01,7.63,6.19,1150.00,980.33,640.63,320.17,1.93,44.26,459.82,3.15,502.99,4714.03,1927.53,1112.51,61.48,14.99,1743.48,596758.00,636149.00,632842.00,12.77,6.34,6.07,502.99
ADF Foods,519183,ADFFOODS,INE982B01027,Food Products,Packaged Foods,267.35,2945.60,149.75,353.95,252.86,22.94,55.07,36.14,17.29,13.45,15.24,25.91,-33.27,32.00,22.38,26.39,0.00,30.44,201.10,23.67,717.64,19.44,25.90,17.29,96.77,21.82,17.66,38.03,10.34,4.72,57.59,37.42,252.72,39.21,2.91,42.90,66.01,1.48,72.39,549.58,14.52,426.80,18.90,5.14,167.29,39264.00,40319.00,41436.00,11.59,21.30,30.99,72.39
Aditya AMC,543374,ABSLAMC,INE404A01024,Capital Markets,Asset Management Company,995.40,28824.91,1319.11,1224.90,968.12,18.74,63.73,74.72,309.49,11.68,277.11,187.11,65.41,272.02,269.52,241.32,0.00,28.55,488.13,5.81,1860.59,6.59,3.48,309.49,1009.56,32.23,25.15,3.86,66.85,3.60,811.93,708.48,967.84,286.43,9.40,39.62,103.41,17.71,139.02,3897.26,3946.15,348.20,21.21,7.11,462.96,236462.00,244638.00,271241.00,4.41,14.26,6.58,139.02
Aditya Bir. Fas.,535755,ABFRL,INE647O01011,Retailing,Speciality Retail,54.75,6700.75,883.23,129.13,66.20,42.34,6189.11,46.61,-215.24,-1.54,-211.98,-138.77,-51.84,-369.91,-137.30,-295.09,0.00,,2212.29,11.64,8371.01,11.44,10.60,-248.73,-746.75,-3.76,-13.63,-10.31,-12.28,0.56,160.75,1681.33,66.32,132.39,-2.62,35.90,773.06,3.83,480.51,4618.52,1240.33,4836.40,12.87,1.14,2025.56,368478.00,369727.00,393518.00,12.87,5.69,34.52,480.51
Aditya Birla Cap,540691,ABCAPITAL,INE674K01013,Finance,Investment Company,409.00,111733.55,17253.78,430.70,352.21,5.04,179537.75,68.81,1174.70,40.07,838.63,1001.55,16.93,1485.76,965.85,882.47,0.00,27.76,12709.81,19.96,48185.84,16.33,28.17,1223.85,4024.83,8.72,12.04,18.14,10.05,-0.38,-36544.12,-27934.63,351.64,4848.43,5.21,53.90,6003.28,-15.40,4729.98,31803.50,125116.15,12407.64,15.69,3.11,12179.54,513052.00,522128.00,560382.00,7.94,13.36,9.77,4729.98
Aditya Infotech,544466,CPPLUS,INE819V01029,Industrial Manufacturing,Industrial Products,3468.60,40984.68,578.78,4094.50,2514.47,15.29,256.34,74.71,142.20,332.48,32.88,169.13,-15.92,179.87,95.98,69.98,0.00,85.87,1493.39,62.39,4883.20,51.85,89.51,142.20,477.29,28.56,25.41,214.81,10.14,-405.49,13.47,27.21,2504.88,204.06,15.20,47.66,181.87,-5.56,199.59,1865.08,0.73,3032.14,56.86,21.77,1402.42,58182.00,36773.00,,6.35,13.61,5.34,199.59
Aditya Vision,540205,AVL,INE679V01027,Retailing,Speciality Retail,611.00,7887.73,239.03,705.00,548.30,13.33,572.80,47.14,77.22,39.99,55.16,21.73,255.36,30.01,27.31,12.72,0.00,56.29,581.21,27.04,2924.07,26.52,26.85,77.22,140.12,17.08,18.71,30.26,6.47,40.90,74.95,-40.82,547.67,51.07,2.32,45.35,121.35,-2.23,128.65,675.51,0.00,1079.23,30.52,11.46,1192.68,33586.00,33945.00,29458.00,15.05,21.67,16.13,128.65
Ador Welding,517041,ADOR,INE045A01017,Industrial Products,Other Industrial Products,1684.00,2935.93,142.51,1770.00,1179.87,1.05,2.95,53.76,27.35,890.46,-3.46,35.32,-18.43,33.81,27.10,25.62,0.00,24.52,313.08,11.81,1193.54,8.58,23.19,27.35,119.74,22.71,16.42,106.13,8.86,3.32,116.73,139.14,1174.80,39.85,19.43,74.40,66.88,12.94,92.39,546.47,47.32,508.75,15.60,5.20,308.63,35275.00,35567.00,38889.00,1.05,10.47,34.72,92.39
Advait Energy,543230,ADVAIT,INE0ALI01010,Electrical Equipment,Other Electrical Equipment,2115.40,2316.70,96.51,2485.70,1951.54,14.90,95.25,66.76,13.89,65.95,8.37,17.67,-22.43,26.68,17.39,10.17,0.00,40.12,263.82,68.18,775.37,69.89,51.37,14.80,57.75,27.91,21.53,70.61,8.26,17.90,-9.68,46.47,1949.90,32.53,22.88,43.57,96.06,-10.53,115.91,267.18,24.10,442.11,21.55,8.32,179.27,33709.00,33066.00,29389.00,0.68,0.04,32.51,115.91
Advanced Enzyme,540025,ADVENZYMES,INE837H01020,Pharmaceuticals & Biotechnology,Biotechnology,303.00,3391.76,265.10,571.15,323.11,27.82,32.01,43.25,37.09,-7.11,39.93,42.87,-14.72,49.01,43.18,44.74,0.00,21.52,204.19,10.66,749.64,12.17,2.09,38.59,157.60,13.96,10.16,15.13,20.33,1.93,156.78,142.50,323.31,60.75,4.21,40.98,107.69,6.36,115.93,1609.57,583.89,459.75,12.60,2.08,189.79,63599.00,66193.00,67589.00,26.70,4.77,25.28,115.93
Aegis Logistics,500003,AEGISLOG,INE208C01025,Gas,Trading - Gas,1336.20,46912.66,1750.29,1498.00,929.10,10.80,4149.93,58.10,484.44,268.90,131.32,410.37,19.85,532.66,232.63,244.02,0.00,37.49,3123.90,36.18,8970.66,30.35,37.07,544.84,1251.27,13.33,16.27,88.67,23.12,4.84,2027.69,558.19,925.00,664.29,13.49,54.45,3190.88,2.49,4194.54,6019.92,1744.91,5093.12,20.41,7.75,2356.86,77194.00,78190.00,84323.00,19.54,3.60,18.77,4194.54
Aegis Vopak Term,544407,AEGISVOPAK,INE0INX01018,Oil,Oil Storage & Transportation,266.60,29632.29,723.98,311.50,239.67,14.41,3730.93,86.94,66.08,-6.96,71.02,68.64,-6.02,78.53,89.04,53.93,0.00,109.42,232.57,23.95,904.26,26.06,12.39,69.42,270.81,7.56,11.02,42.89,29.70,6.63,701.96,576.33,239.40,173.90,0.67,43.74,725.27,0.58,306.88,3182.58,0.00,735.25,47.98,6.88,233.77,50411.00,48956.00,57139.00,5.35,5.30,2.41,306.88
Aequs,544634,AEQUS,INE947N01017,Aerospace & Defense,Aerospace & Defense,260.09,17446.67,168.91,274.60,188.41,5.28,700.93,59.09,-53.23,-1457.91,3.92,-57.45,0.91,,-42.68,-20.59,0.00,,,,1370.41,33.08,54.77,-53.23,-164.05,1.69,-9.96,-73.70,-13.46,,-98.75,26.14,187.69,,,64.19,79.79,-15.43,356.65,815.82,105.57,1345.24,119.15,11.73,395.55,53564.00,40774.00,,5.17,8.85,24.62,356.65
Aeroflex,543972,AEROFLEX,INE024001021,Industrial Products,Iron & Steel Products,475.30,6288.35,101.70,521.90,329.77,8.93,8.90,65.47,18.79,162.06,7.17,17.64,6.52,28.71,16.49,14.23,0.00,93.65,164.22,48.12,502.98,35.64,72.39,18.79,67.15,18.92,14.07,42.06,12.92,14.31,65.84,26.58,328.31,38.27,2.17,60.02,26.75,-6.42,69.65,420.81,0.01,322.71,52.17,14.06,145.38,109759.00,97254.00,117540.00,3.61,1.48,29.45,69.65
Aether Industri.,543534,AETHER,INE0BWX01014,Chemicals & Petrochemicals,Specialty Chemicals,1634.40,21702.38,384.57,1692.00,1171.17,3.40,457.94,74.92,62.75,27.98,49.03,55.06,16.18,88.11,64.48,53.96,0.00,90.45,369.82,32.03,1230.56,34.44,27.25,62.75,239.93,11.92,9.66,30.35,19.22,40.56,142.38,100.09,1166.51,116.02,6.64,65.67,239.78,-14.81,5.66,2323.21,0.21,1171.47,53.80,8.83,326.56,65336.00,65562.00,72628.00,7.42,10.49,7.17,5.66
Afcom Holdings,544224,,INE0OXY01013,Transport Services,Logistics Solution Provider,1547.95,4444.72,238.14,1587.00,1040.04,2.46,375.59,35.84,39.24,86.06,21.09,44.66,-12.14,,34.45,28.39,0.00,30.29,,,640.40,144.27,48.12,39.24,146.74,33.49,36.01,160.47,22.28,30.63,35.99,27.38,1034.93,,,62.69,0.09,-1.42,62.06,660.68,0.00,535.56,18.35,6.44,176.10,6978.00,6454.00,3672.00,0.68,7.96,55.52,153.30
Afcons Infrastr.,544280,AFCONS,INE101I01011,Construction,Civil Construction,280.20,10305.32,1614.44,570.00,332.30,41.55,3626.91,50.17,30.60,-77.73,137.40,-88.40,134.22,-19.42,96.81,105.08,100.00,50.29,2541.55,-14.95,11249.00,-11.87,-20.75,30.30,204.90,13.91,5.61,-61.53,1.13,1.81,-127.49,-132.20,332.82,243.56,-0.53,49.01,770.56,-3.74,885.89,5082.02,0.54,12953.97,9.23,1.89,2671.00,240266.00,237539.00,266041.00,12.15,20.07,17.62,885.89
Affle 3i,542752,AFFLE,INE00WC01027,IT - Services,IT Enabled Services,1729.50,24361.79,688.30,2186.80,1572.29,20.91,14.81,54.91,128.44,21.74,105.50,119.51,7.47,137.20,119.32,110.51,0.00,50.99,776.11,20.01,2835.73,19.78,20.37,128.44,477.78,16.84,13.79,19.21,17.19,5.88,502.35,425.99,1570.71,174.68,9.74,62.95,1391.70,7.01,1294.07,3624.09,113.87,2639.62,31.88,6.67,747.16,243769.00,240775.00,261724.00,15.37,18.77,10.82,1294.07
AGI Greenpac,500187,AGI,INE415A01038,Industrial Products,Packaging,711.65,4608.11,690.42,1307.90,680.59,26.41,241.04,60.39,99.58,12.08,88.85,115.60,-13.86,98.44,71.64,76.12,0.00,12.52,644.74,7.17,2762.93,4.26,14.19,99.58,368.03,19.60,15.80,5.74,12.68,0.80,572.03,428.55,680.28,149.82,15.22,54.41,363.70,8.60,84.13,2394.93,100.02,1105.36,6.82,1.91,785.27,58757.00,57390.00,53546.00,6.26,1.06,32.26,84.13
AGI Infra,539042,AGIIL,INE976R01033,Realty,"Residential, Commercial Projects",293.70,3671.18,132.69,434.40,307.79,32.39,185.61,71.29,27.52,37.53,20.01,26.69,3.18,24.55,26.11,22.05,0.00,35.86,88.74,4.03,357.36,3.93,5.27,27.54,102.37,20.11,24.98,41.67,28.56,6.62,-32.38,-19.91,307.93,34.42,1.96,31.66,27.57,-5.57,98.45,452.30,0.00,1269.38,26.17,7.90,96.44,11736.00,9169.00,6119.00,4.68,0.01,24.02,98.45
Ahluwalia Contr.,532811,AHLUCONT,INE758C01029,Construction,Civil Construction,693.50,4647.59,507.56,1542.45,846.60,35.66,73.14,55.32,10.39,-79.71,51.21,82.02,-87.33,56.81,54.06,78.57,0.00,20.65,1309.81,11.26,4686.13,12.00,12.03,10.39,225.04,20.45,13.78,1.18,0.92,1.47,281.13,359.43,848.14,104.18,8.48,25.83,964.35,5.52,817.46,2045.51,0.00,3179.12,8.34,2.26,1125.81,34624.00,36498.00,37376.00,14.05,22.32,8.32,817.46
AIA Engineering,532683,AIAENG,INE212H01026,Industrial Products,Castings & Forgings,4357.60,40662.04,1744.26,5180.00,4128.33,15.88,10.27,58.50,301.11,-1.28,305.02,393.27,-23.48,279.34,292.95,277.48,0.00,32.05,1132.64,8.10,4548.94,5.63,12.42,300.99,1268.78,21.09,17.02,14.70,25.77,4.67,591.50,1162.31,4126.02,311.39,29.93,36.98,437.54,9.53,223.86,8006.68,4302.08,7096.24,23.13,5.07,1168.02,58979.00,59500.00,55456.00,16.87,22.10,2.54,223.86
Aimtron,,AIMTRON,INE0RUV01018,Industrial Manufacturing,Industrial Products,1681.60,3504.68,69.25,1780.00,1092.16,5.53,55.30,70.90,25.69,77.79,14.45,20.29,26.61,,,,0.00,76.24,,,301.16,89.21,75.94,25.69,45.97,28.15,23.60,79.36,14.39,,-39.96,-18.67,1086.24,,,63.49,35.58,-17.41,13.88,213.98,0.00,355.05,51.21,14.77,178.58,4993.00,4243.00,3832.00,0.22,2.17,26.72,13.88
Ajanta Pharma,532331,AJANTPHARM,INE031B01049,Pharmaceuticals & Biotechnology,Pharmaceuticals,3658.60,45639.76,1661.56,3796.95,3048.55,3.64,260.17,63.49,334.22,30.89,255.34,266.70,25.32,362.38,273.77,260.19,22.53,40.22,1651.29,21.98,5776.17,20.19,24.82,334.22,1134.88,34.51,27.14,22.04,20.56,4.77,529.19,1157.23,3042.42,417.07,29.00,64.39,176.24,12.80,104.77,4502.02,588.35,3175.58,27.20,10.10,1625.96,65296.00,67955.00,68882.00,7.68,21.80,7.03,104.77
Ajax Engineering,544356,AJAXENGG,INE274Y01021,"Agricultural, Commercial & Construction Vehicles",Construction Vehicles,566.40,6492.60,314.98,756.75,562.54,22.25,1.84,80.00,55.60,5.14,52.88,94.96,-41.45,49.84,38.24,39.07,0.00,28.21,450.48,1.27,2110.62,1.89,1.73,55.60,230.17,23.86,17.85,-6.43,11.72,2.90,377.29,42.72,562.50,52.54,4.36,47.66,67.48,14.51,168.89,1380.78,951.69,1439.56,19.87,4.65,474.60,69540.00,72001.00,94515.00,4.67,11.17,4.17,168.89
Ajmera Realty,513349,AJMERA,INE298G01035,Realty,"Residential, Commercial Projects",119.07,2347.48,306.33,291.04,140.52,46.22,711.23,68.56,43.06,12.49,38.28,55.60,-23.22,79.40,27.87,31.24,0.02,15.19,405.56,85.16,1148.89,43.14,22.65,44.94,154.57,14.28,11.50,16.39,14.18,2.55,68.63,7.55,140.73,111.94,3.87,42.79,101.40,4.08,86.99,1359.11,119.83,2236.87,9.25,1.68,316.97,27336.00,25013.00,27784.00,0.95,0.82,29.69,86.99
Akums Drugs,544222,AKUMS,INE09XN01023,Pharmaceuticals & Biotechnology,Pharmaceuticals,752.90,11864.37,650.74,1175.90,570.09,2.91,157.43,75.26,100.01,57.55,63.48,85.82,24.15,74.64,67.68,42.69,0.00,38.89,1134.00,11.45,4501.62,9.18,13.93,100.98,305.07,14.94,8.45,-7.42,8.66,2.02,1181.20,465.20,568.25,139.68,4.70,66.21,576.45,13.77,1680.60,3282.73,0.14,3559.86,14.77,3.58,1166.63,70289.00,72589.00,69424.00,1.91,13.44,6.67,1680.60
Alembic,506235,ALEMBICLTD,INE426A01027,Realty,"Residential, Commercial Projects",91.63,2345.20,158.25,169.00,92.73,16.63,10.64,70.88,64.89,5.27,61.64,67.13,-3.34,17.73,60.13,128.49,0.00,7.31,59.77,7.01,238.98,8.21,-2.03,64.89,320.64,6.07,13.02,1.31,133.14,3.75,120.07,86.37,92.74,21.71,0.69,57.82,4.37,0.63,3.29,2393.73,1974.15,100.61,14.55,0.96,48.74,101238.00,102008.00,107510.00,1.25,0.06,27.82,3.29
Alembic Pharma,533573,APLLTD,INE901L01018,Pharmaceuticals & Biotechnology,Pharmaceuticals,814.10,16009.06,1174.90,1303.90,809.86,18.43,1429.94,69.87,173.07,12.11,154.38,220.93,-14.47,217.74,131.95,183.71,0.00,21.45,2215.15,15.97,7783.95,14.12,25.66,172.36,746.18,12.64,13.45,25.81,8.02,2.17,782.73,87.96,809.82,342.72,11.08,47.59,90.10,1.53,202.70,5635.50,140.88,4542.59,13.98,2.82,2149.77,86796.00,86432.00,89013.00,4.17,15.93,10.00,202.70
Alivus Life,543322,ALIVUS,INE03Q201024,Pharmaceuticals & Biotechnology,Pharmaceuticals,1370.00,16821.53,820.18,1418.00,1068.43,3.39,56.77,74.87,160.08,31.71,121.54,162.66,-1.59,180.19,150.26,130.03,0.00,27.06,628.23,6.85,2590.40,7.93,6.41,160.08,621.71,23.79,17.88,25.42,25.00,2.96,565.41,391.52,1065.40,201.11,14.68,67.39,71.24,8.20,2.13,3307.59,780.46,1868.98,18.53,5.05,640.41,125559.00,127969.00,138500.00,5.54,7.18,12.42,2.13
Alkem Lab,539523,ALKEM,INE540L01014,Pharmaceuticals & Biotechnology,Pharmaceuticals,5400.00,64589.10,3590.06,6440.00,5479.92,8.99,2047.16,49.70,519.95,-20.47,653.76,312.10,107.47,773.93,653.03,779.11,0.00,28.42,4506.72,12.64,15081.28,13.36,10.95,520.98,2272.90,21.24,18.89,-0.05,13.93,3.00,1963.03,1912.84,5480.72,940.79,64.60,41.05,1563.08,9.96,1732.90,13796.19,1868.81,11473.21,17.87,4.67,3740.15,62822.00,62835.00,79740.00,10.42,22.64,17.25,1732.90
Alkyl Amines,506767,ALKYLAMINE,INE150B01039,Chemicals & Petrochemicals,Specialty Chemicals,1923.80,9849.82,316.44,4749.00,1739.17,15.50,1.19,72.04,94.63,91.40,49.44,45.37,108.57,72.21,42.26,42.94,0.00,43.74,441.43,13.36,1658.33,5.11,30.20,94.63,225.20,16.64,12.27,20.63,17.92,3.20,238.55,263.11,1737.32,92.28,14.12,55.46,204.06,10.87,201.70,1523.13,50.59,622.83,25.75,6.42,528.01,142625.00,146028.00,161021.00,3.50,3.10,21.36,201.70
Allied Blenders,544203,ABDL,INE552Z01027,Beverages,Breweries & Distilleries,595.45,16646.99,566.65,719.95,558.84,17.29,1150.53,80.91,49.22,-12.98,56.56,40.85,20.73,74.01,63.74,62.92,0.00,74.63,1061.87,7.25,3978.87,7.97,6.08,45.42,223.06,18.38,14.29,-7.15,4.64,23.97,361.96,-678.42,558.47,137.67,2.65,42.55,131.74,-8.16,165.18,1606.72,0.01,2939.72,30.97,10.02,978.94,112420.00,119762.00,105910.00,3.24,5.07,10.77,165.18
Alok Industries,521070,ALOKINDS,INE270A01029,Textiles & Apparels,Other Textile Products,11.54,5729.88,67.41,97.58,14.08,40.33,26105.76,75.00,-155.45,21.16,-197.16,-192.58,28.20,-195.86,-217.63,-162.38,0.00,,980.27,4.16,3775.41,3.86,6.50,-138.25,-733.19,-3.95,,18.60,-15.65,5.56,419.28,115.22,14.10,23.29,-0.39,34.41,71.51,-4.86,122.55,-22024.32,0.05,1439.38,230.79,,993.11,950058.00,965719.00,1033519.00,1.90,0.39,22.73,122.55
Alpex Solar,,ALPEXSOLAR,INE0R4701017,Electrical Equipment,Other Electrical Equipment,828.95,2117.39,327.39,1449.70,907.87,39.79,536.52,65.90,39.87,-5.72,42.29,53.27,-25.15,135.37,54.27,52.67,6.47,10.55,1138.30,117.68,2346.38,116.51,32.37,39.87,200.73,43.53,51.96,60.98,7.92,-14.08,-115.61,68.84,908.66,165.35,53.00,49.96,45.86,-21.26,149.73,536.26,1.48,906.05,7.32,3.77,503.42,8517.00,8032.00,6010.00,3.13,0.40,30.58,149.73
Altius Telecom,543225,,INE0BWS23018,Telecom - Services,Telecom - Infrastructure,173.00,52720.02,10181.50,173.00,157.44,0.00,52667.00,,375.30,65.55,226.70,309.80,21.14,388.41,290.10,280.00,,41.67,6421.04,5.61,24160.10,9.79,-0.08,375.30,1265.19,8.60,8.07,53.56,6.23,0.70,9851.10,7066.40,157.28,2672.26,1.27,63.89,1368.00,10.71,1920.80,-21315.40,0.00,7760.20,10.01,4.60,6025.10,,,,,,,1920.80
Amagi Media Labs,544679,AMAGI,INE121R01077,IT - Services,IT Enabled Services,576.45,12647.67,114.90,727.40,454.37,20.75,30.98,14.92,33.91,760.66,3.94,34.26,-1.02,,30.94,2.53,3.10,124.44,,,1612.42,29.50,32.36,33.91,101.64,8.00,10.30,204.31,7.76,-14.88,-9.24,33.57,453.15,,,43.34,492.02,-5.52,1218.30,1648.64,229.38,2171.14,76.79,7.10,436.88,15350.00,17485.00,,42.23,37.11,5.73,1218.30
Amara Raja Ener.,500008,ARE&M,INE885A01032,Auto Components,Auto Components & Equipments,930.85,17020.42,1633.84,1775.95,890.26,12.02,372.75,32.86,202.80,4.53,194.01,187.45,-37.08,264.77,151.69,302.40,0.00,21.69,3915.52,15.56,14240.38,12.81,20.64,202.80,784.63,13.43,8.26,-6.15,5.02,1.21,1340.03,1375.20,889.85,431.98,14.47,54.09,165.30,8.63,115.37,8142.45,2585.49,3831.35,10.42,2.09,4041.44,818619.00,809144.00,871584.00,17.34,15.31,34.50,115.37
Amber Enterp.,540902,AMBER,INE371P01015,Consumer Durables,Household Appliances,7275.00,25621.96,982.43,8974.00,7337.21,18.93,2701.59,38.09,100.37,-3.37,103.87,93.47,-98.09,-15.02,-9.34,-32.15,0.00,124.18,1901.03,15.42,12625.07,14.56,12.72,3.09,206.33,10.25,5.95,-24.97,2.09,4.14,240.16,710.89,7337.83,129.24,-4.26,46.32,726.77,-1.69,465.55,4336.93,37.84,6449.68,26.23,5.86,3887.72,119692.00,116560.00,132907.00,20.47,30.54,10.88,465.55
Ambuja Cements,500425,AMBUJACEM,INE079A01024,Cement & Cement Products,Cement & Cement Products,411.00,102503.30,7428.67,706.95,469.47,31.59,865.93,67.33,593.33,-29.75,844.64,1931.50,-64.46,670.70,402.88,2302.28,0.00,21.77,9541.15,4.00,39867.14,7.07,-7.67,660.00,4708.12,5.61,8.85,3.82,7.14,2.13,5361.53,2237.35,470.06,1602.26,2.36,38.27,6172.16,-2.52,958.60,58852.96,113.17,13715.93,14.77,1.71,9500.00,674206.00,607505.00,618855.00,5.63,19.44,7.38,958.60
Amic Forging,544037,,INE0P9J01013,Industrial Products,Castings & Forgings,1921.10,2218.64,43.79,2057.00,1606.10,6.61,5.64,57.96,15.87,23.69,12.83,12.37,28.29,,,,0.00,78.48,,,141.78,17.79,30.44,15.87,28.27,23.46,16.79,37.23,21.10,29.03,8.86,6.02,1602.94,,,55.54,19.53,-18.04,6.77,201.64,11.28,93.05,50.64,9.72,75.20,2686.00,2723.00,2888.00,0.15,0.56,41.32,6.77
Anand Rathi Shar,544530,ARSSBL,INE549H01021,Capital Markets,Stockbroking & Allied,497.65,3132.83,383.96,795.10,532.58,37.41,840.31,69.62,39.16,67.57,23.37,41.99,-44.01,60.73,37.87,28.59,6.15,21.22,276.73,21.86,976.16,17.09,22.22,23.51,147.61,19.82,14.17,53.07,15.94,0.79,745.44,673.88,532.93,112.95,9.63,38.54,2210.89,27.82,3543.35,1321.60,44.21,5879.15,1.06,2.31,245.68,81900.00,80457.00,,0.15,4.06,26.17,3543.35
Anand Rathi Wea.,543415,ANANDRATHI,INE463V01026,Capital Markets,Financial Products Distributor,2171.10,36066.51,572.18,2230.00,1740.06,2.64,83.25,41.37,163.22,76.97,92.23,102.23,59.66,127.54,99.81,97.16,13.83,78.00,351.14,22.74,1155.70,22.89,18.21,163.22,462.42,57.47,45.30,46.60,52.16,12.79,253.71,351.91,1735.73,140.66,7.68,63.98,22.70,28.88,223.10,983.55,315.70,828.33,54.86,35.16,312.95,80729.00,64931.00,59186.00,6.37,10.40,41.86,223.10
Anant Raj,515055,ANANTRAJ,INE242C01024,Realty,"Residential, Commercial Projects",633.85,22821.64,723.15,947.90,554.20,14.82,680.55,57.43,149.64,18.88,125.88,146.60,0.32,179.59,144.23,138.18,0.00,39.44,724.62,14.87,2550.59,16.97,6.58,149.19,578.61,12.07,11.15,25.67,23.63,36.62,-434.78,253.34,553.40,198.64,4.99,64.08,346.13,-4.02,911.47,5716.73,183.26,3666.77,29.52,3.94,631.40,375155.00,368350.00,257866.00,10.74,4.60,27.22,911.47
Anantam Highways,544579,ANANTAM,INE1UA823019,Transport Infrastructure,"Road AssetsToll, Annuity, Hybrid-Annuity",105.39,2299.00,302.10,117.00,104.89,9.92,2101.18,,59.43,3791.30,-1.61,202.87,-70.71,,-4.16,-1.59,0.00,8.96,,,484.13,,,59.43,256.55,13.71,16.75,385960.00,37.60,,486.65,0.00,104.89,,,51.64,0.00,,191.88,128.92,0.00,590.61,9.70,0.99,158.05,,,,,,,191.88
Angel One,543235,ANGELONE,INE732I01021,Capital Markets,Stockbroking & Allied,289.50,26451.25,1834.44,390.04,291.40,19.68,7951.41,28.59,231.40,102.15,114.47,320.24,-27.74,357.61,268.66,211.73,0.00,25.63,1462.26,21.68,5425.77,9.09,25.35,231.40,1032.03,14.77,15.59,3.84,16.19,-2.13,-4141.74,-1859.84,291.42,522.95,3.91,36.23,11804.42,-19.53,16560.49,6026.71,257.36,18003.73,8.72,4.31,1429.69,356468.00,359235.00,325965.00,13.76,20.34,37.30,16560.49
Antelopus Selan,530075,ANTELOPUS,INE818A01017,Oil,Oil Exploration & Production,796.65,2800.34,167.49,1099.80,692.47,14.74,3.55,69.94,61.79,450.71,11.22,38.08,42.65,51.88,28.50,11.81,0.00,19.98,110.77,100.93,359.29,46.50,158.82,54.32,140.18,21.22,15.93,119.13,47.15,3.26,120.60,125.75,691.42,67.85,14.75,46.07,23.57,-6.63,52.14,620.29,16.65,183.64,11.92,4.27,131.04,24275.00,26349.00,26109.00,0.41,0.76,28.90,52.14
Anthem Bioscienc,544449,ANTHEM,INE0CZ201020,Pharmaceuticals & Biotechnology,Biotechnology,874.50,49261.83,987.43,904.00,750.29,3.26,53.93,71.42,119.94,-11.67,135.79,189.10,-36.79,171.60,92.82,173.43,0.00,83.03,550.71,0.12,2002.34,-2.14,-22.58,119.94,593.31,30.37,22.28,17.56,28.68,10.40,844.49,270.55,749.04,211.85,3.05,63.75,172.28,5.84,274.88,2930.17,1007.46,1137.56,51.58,16.15,418.22,173273.00,180220.00,,2.57,13.48,12.52,274.88
Anupam Rasayan,543275,ANURAS,INE930P01018,Chemicals & Petrochemicals,Specialty Chemicals,1239.40,14136.51,543.01,1415.40,1233.37,12.43,1867.49,59.07,38.64,13.51,34.04,42.65,-8.54,114.95,60.59,57.15,21.79,80.91,1061.86,45.18,2534.61,51.76,34.82,51.22,174.72,7.36,5.50,41.51,7.82,11.68,334.33,-30.13,1233.31,234.32,7.62,55.82,127.72,-7.93,393.63,3187.99,18.52,3727.51,26.51,4.23,654.98,42776.00,43475.00,47711.00,7.72,0.38,32.82,393.63
Anzen IYEP Trust,543655,ANZEN,INE0MIZ23019,Power,Power - Transmission,131.50,3362.70,390.16,134.00,117.88,1.87,5043.71,,43.39,354.35,9.55,1.79,1400.83,-14.87,-3.96,-8.05,0.00,101.38,232.43,130.89,647.59,106.47,160.84,54.03,33.17,3.28,-0.20,822.66,18.75,,424.84,240.01,117.75,186.21,-0.47,55.10,106.48,-22.64,739.88,-617.27,206.83,1002.13,14.57,1.65,288.12,,,,,,,739.88
Apar Inds.,532259,APARINDS,INE372A01015,Electrical Equipment,Other Electrical Equipment,16784.00,70309.64,1940.78,18465.00,12130.52,9.10,955.51,57.76,467.45,77.80,262.91,259.14,84.44,495.49,208.92,251.70,0.00,58.33,7176.69,25.57,24389.02,23.96,29.13,467.45,1205.33,31.12,20.23,36.71,7.09,9.64,967.58,1290.57,12083.75,669.70,118.33,59.32,761.03,2.36,731.88,5353.21,58.73,11196.76,31.28,12.50,6591.06,95279.00,89009.00,112365.00,10.76,23.02,8.47,731.88
Apcotex Industri,523694,APCOTEXIND,INE116A01032,Industrial Products,Rubber,613.65,3179.16,194.12,712.45,467.26,13.87,96.39,58.23,78.94,312.00,19.16,34.74,127.23,50.78,22.22,25.30,0.00,19.74,410.76,22.00,1591.36,11.17,39.88,78.94,161.02,19.80,17.09,175.58,15.02,2.56,203.44,84.72,465.79,66.70,9.79,55.70,39.04,10.10,45.97,610.62,117.36,472.94,11.82,5.12,525.63,30918.00,30391.00,32692.00,0.69,1.91,39.18,45.97
Apeejay Surrend.,544111,PARKHOTELS,INE988S01028,Leisure Services,Hotels & Resorts,116.40,2483.68,223.74,235.00,127.40,29.07,372.89,68.21,11.49,-17.04,13.85,12.06,-3.28,23.52,24.20,16.21,0.00,38.60,181.92,8.70,717.90,10.34,8.12,11.49,64.35,9.43,5.09,-35.22,6.89,1.34,181.51,157.62,127.51,53.73,1.10,38.02,21.43,-0.93,24.21,1320.98,77.21,316.53,12.44,1.85,166.78,50557.00,51406.00,46386.00,4.07,8.81,18.91,24.21
APL Apollo Tubes,533758,APLAPOLLO,INE702C01027,Industrial Products,Iron & Steel Products,2140.00,59584.58,1913.67,2301.40,1885.70,7.01,497.65,28.25,263.11,10.94,237.17,354.35,-25.75,360.17,310.04,301.54,0.00,48.48,5756.68,10.57,23064.55,10.44,8.45,263.11,1229.04,31.64,25.31,53.43,4.69,4.13,2103.19,1213.28,1883.15,459.11,12.97,77.06,574.91,15.44,886.23,5240.99,48.49,3854.14,30.10,11.22,5606.71,158947.00,158128.00,183416.00,35.12,18.58,18.04,886.23
Apollo Hospitals,508869,APOLLOHOSP,INE437A01024,Healthcare Services,Hospital,8735.00,124896.47,3928.60,9326.80,8036.76,6.35,8492.90,28.02,580.70,34.17,432.80,529.30,10.72,758.56,516.30,494.00,2.49,59.37,7467.49,18.47,26429.90,17.20,20.56,610.40,2103.65,17.45,21.15,33.69,8.67,5.00,2855.70,2136.40,8029.74,1134.24,50.19,46.70,1360.20,4.09,1116.80,9408.20,2178.70,5883.30,31.09,13.25,7043.50,174281.00,174610.00,141007.00,41.49,23.72,6.53,1116.80
Apollo Micro Sys,540879,APOLLO,INE713T01028,Aerospace & Defense,Aerospace & Defense,386.75,14403.27,224.43,466.70,317.58,17.13,543.26,49.98,26.91,45.38,18.51,37.62,-31.48,72.43,22.88,30.03,30.51,118.72,401.38,78.19,1022.03,69.08,88.12,25.21,121.32,14.47,11.76,82.52,10.03,-34.20,-129.76,10.24,316.89,93.34,1.95,46.02,62.48,-13.61,156.11,1277.37,0.00,1665.51,61.98,10.52,251.29,398043.00,373806.00,305636.00,7.59,1.71,40.72,156.11
Apollo Pipes,531761,APOLLOPIPE,INE126J01016,Industrial Products,Plastic Products - Industrial,603.25,2654.68,69.12,798.85,442.64,0.45,123.87,51.72,-8.57,-205.28,8.14,0.99,-8453.85,-6.08,-4.75,1.39,0.00,,242.34,2.81,1125.34,-1.99,7.43,-11.12,-9.22,1.23,-0.88,-132.57,-3.76,,35.19,28.67,441.02,10.06,-1.06,78.19,137.75,-5.31,83.88,775.09,68.46,471.20,46.06,3.24,295.43,39071.00,44305.00,45226.00,2.53,7.20,38.29,83.88
Apollo Tyres,500877,APOLLOTYRE,INE438A01022,Auto Components,Tyres & Rubber Products,429.30,27284.04,4284.19,584.90,443.08,20.57,3675.23,36.93,331.31,0.09,331.01,935.47,-44.71,557.51,470.52,258.05,0.01,12.79,7675.81,12.37,29307.63,11.23,12.76,348.87,2133.34,13.86,13.07,72.55,4.48,0.83,3667.37,1823.14,443.21,1054.59,8.78,44.72,897.50,10.40,1044.03,16651.66,62.20,10698.32,6.93,1.63,7397.79,426532.00,408704.00,421813.00,10.09,29.05,21.97,1044.03
Aptus Value Hou.,543335,APTUS,INE852O01025,Finance,Housing Finance Company,253.30,12693.23,1874.36,401.70,271.82,30.57,7903.77,23.86,260.94,19.01,219.25,260.95,0.00,373.67,236.19,226.55,0.00,12.89,648.03,19.11,2272.27,21.14,15.38,260.94,984.63,15.41,20.11,23.27,43.47,-1.01,-489.26,-1404.91,272.01,534.62,7.46,37.34,423.74,-9.02,590.74,4959.89,240.15,838.52,10.39,2.51,600.29,166122.00,166229.00,164752.00,29.96,29.90,16.27,590.74
Archean Chemical,543657,ACI,INE128X01021,Chemicals & Petrochemicals,Specialty Chemicals,499.95,6174.13,259.58,838.20,563.33,31.14,466.38,53.43,30.68,-23.66,40.19,13.42,148.24,24.69,24.00,29.04,24.49,63.76,237.76,1.97,1115.88,-0.43,11.92,30.36,96.83,7.41,5.42,-49.20,9.28,1.64,139.63,176.23,563.97,52.93,2.00,38.87,52.84,-1.10,55.00,1909.70,256.86,525.30,26.10,3.19,327.20,67113.00,64925.00,75697.00,11.00,24.18,11.40,55.00
Arkade,544261,ARKADE,INE0QRL01017,Realty,"Residential, Commercial Projects",131.01,2431.43,201.18,213.69,132.50,30.92,99.06,71.19,19.08,-33.66,28.76,72.52,117.41,61.55,40.30,45.81,0.00,13.68,303.66,15.17,803.93,12.10,-7.83,19.08,177.68,19.29,20.83,14.29,12.98,-2.12,-119.29,-217.72,132.51,66.49,3.31,46.33,134.06,-9.66,25.46,696.50,73.97,1043.25,13.16,2.76,146.97,61136.00,62202.00,70242.00,0.13,0.08,28.59,25.46
Arman Financial,531179,ARMANFIN,INE109C01017,Finance,Non Banking Financial Company (NBFC),1973.10,2073.54,284.47,2680.00,1692.28,8.61,1775.72,22.00,45.17,409.81,-14.58,41.01,10.14,25.66,22.18,7.99,0.00,17.82,175.01,9.92,696.64,0.00,33.63,45.17,116.35,11.74,6.26,1779.64,22.39,-0.65,-476.40,492.82,1689.45,90.43,24.41,54.65,403.42,-4.38,398.88,922.82,92.46,431.20,9.46,2.22,201.78,32079.00,33752.00,37608.00,3.08,4.85,70.07,398.88
Artemis Medicare,542919,ARTEMISMED,INE025R01021,Healthcare Services,Hospital,321.30,5084.76,215.03,350.00,264.55,1.61,260.40,58.39,31.05,44.96,21.42,29.55,5.08,37.91,22.51,29.96,0.00,44.06,310.63,15.14,1092.70,15.49,12.89,31.05,115.41,14.53,11.88,31.21,11.01,3.53,128.82,150.18,263.98,58.07,2.39,67.86,393.26,3.39,205.77,922.84,15.02,358.00,22.53,5.42,282.01,36335.00,32044.00,31614.00,12.28,2.40,20.76,205.77
Arvind Fashions.,542484,ARVINDFASN,INE955V01021,Retailing,Speciality Retail,428.30,5723.18,760.72,792.04,464.13,26.03,1335.88,35.10,9.71,-23.57,12.71,43.98,-58.38,75.60,36.11,56.35,8.31,43.67,1624.57,14.61,5437.38,13.94,15.46,27.61,131.05,19.55,14.07,666.17,2.19,1.15,404.31,529.52,464.49,213.38,1.96,31.43,164.73,15.06,63.91,890.18,0.00,2777.78,9.16,6.07,1278.50,174838.00,177446.00,189948.00,12.15,24.99,27.76,63.91
Arvind Ltd,500101,ARVIND,INE034A01011,Textiles & Apparels,Garments & Apparels,539.00,14616.30,1067.49,600.00,437.30,10.17,1659.52,38.09,67.02,25.89,53.24,155.20,-64.89,147.62,100.97,106.74,7.24,33.32,2797.41,17.98,9797.83,15.21,24.65,57.77,438.65,13.84,10.88,19.39,2.90,1.63,867.08,762.88,436.28,292.13,5.02,50.18,116.58,6.55,163.49,3782.07,268.54,4441.27,14.14,3.49,2500.96,181024.00,176908.00,186124.00,15.88,22.78,23.26,163.49
Arvind SmartSp.,539301,ARVSMART,INE034S01021,Realty,"Residential, Commercial Projects",659.10,3024.84,165.55,1025.00,605.26,5.00,583.18,53.83,99.01,785.60,11.18,42.32,120.49,77.58,29.22,18.07,0.00,16.42,301.86,114.83,779.92,5.31,212.14,97.39,184.27,12.37,14.16,55.16,30.66,-7.36,-170.44,-83.98,604.72,103.37,16.90,61.12,56.45,-7.80,174.44,603.32,121.36,2520.56,11.18,4.66,317.63,92477.00,93140.00,96519.00,0.69,8.99,36.50,174.44
Asahi India Glas,515030,ASAHIINDIA,INE439A01020,Auto Components,Auto Components & Equipments,951.55,24262.67,959.04,1074.00,881.58,11.40,2197.96,51.58,149.08,165.41,56.17,132.30,12.42,136.54,99.47,58.19,3.36,54.35,1300.69,12.98,5174.58,10.32,15.03,149.08,446.41,11.76,10.71,37.04,10.55,3.39,501.69,719.97,880.88,258.54,5.36,62.51,164.54,-5.34,245.31,3906.60,77.72,2330.99,24.13,6.17,1413.39,64157.00,64539.00,63611.00,4.85,5.26,38.31,245.31
Ashapura Minech.,527001,ASHAPURMIN,INE348A01023,Minerals & Mining,Industrial Minerals,599.95,5734.98,699.73,924.90,635.04,35.13,1443.74,48.04,115.34,4.99,109.86,110.73,-10.22,150.90,75.95,105.98,0.00,13.95,2017.01,111.76,5497.68,62.64,19.22,108.31,410.98,20.72,28.05,18.75,6.70,2.27,462.86,188.40,635.39,235.05,15.80,35.29,121.51,-1.81,329.33,1630.18,370.65,2587.96,9.77,3.47,1616.12,47193.00,43255.00,33267.00,19.22,0.40,32.34,329.33
Ashiana Housing,523716,ASHIANA,INE365D01021,Realty,"Residential, Commercial Projects",367.30,3706.37,173.94,469.00,344.28,18.01,306.63,61.11,13.11,3.07,12.72,20.98,-37.51,30.68,56.66,27.54,0.00,31.33,293.98,77.55,957.68,37.13,-63.30,13.11,118.29,14.45,14.52,195.43,12.20,2.01,342.19,233.51,344.05,36.38,3.05,41.85,393.40,20.86,625.08,853.01,257.21,4386.51,19.86,4.23,107.44,24051.00,23194.00,25086.00,8.19,8.08,22.63,597.86
Ashika Global Securities.,543766,ASHIKAG,INE094B01013,Finance,Non Banking Financial Company (NBFC),432.80,3213.74,141.77,915.00,392.89,16.92,261.79,74.32,101.30,15.48,87.72,-35.09,384.42,,-3.99,12.49,0.00,42.80,,,283.60,5561.56,43.30,100.97,75.09,13.33,7.49,217.09,59.86,,-86.03,-390.20,392.49,,,49.33,8.16,-18.41,485.39,1124.37,722.86,577.11,18.17,1.66,168.69,4572.00,4341.00,3921.00,1.45,0.44,23.80,485.39
Ashok Leyland,500477,ASHOKLEY,INE208A01029,"Agricultural, Commercial & Construction Vehicles",Commercial Vehicles,173.80,101852.23,11242.95,215.42,161.20,19.32,63935.70,51.51,615.81,0.78,611.07,1303.31,-51.66,1126.58,862.24,819.70,40.10,27.35,14613.23,16.19,57723.13,16.50,11.62,667.77,3723.71,13.63,27.43,16.59,5.11,-3.21,-4894.71,128.47,161.07,2772.23,1.77,58.02,7263.44,-7.43,10757.22,13654.30,7467.08,37420.27,13.24,7.17,13069.59,1645114.00,1502640.00,1392223.00,20.67,15.75,11.99,10757.22
Ashoka Buildcon,533271,ASHOKA,INE442H01029,Construction,Civil Construction,112.07,3144.66,2061.26,319.00,141.45,47.75,1608.46,54.47,127.77,-41.23,217.39,152.78,-13.37,207.58,2111.41,90.69,0.00,4.65,1406.23,-24.04,7132.42,-24.59,-20.53,127.17,676.82,26.52,15.34,-61.57,8.48,0.32,654.58,1673.45,141.74,322.38,7.39,27.62,376.68,12.68,662.51,6438.92,439.78,6648.50,2.40,0.48,1499.61,201522.00,196709.00,198952.00,4.39,14.02,27.10,662.51
Asian Energy,530355,ASIANENE,INE276G01015,Oil,Oil Equipment & Services,484.90,2369.04,107.75,490.00,335.59,1.04,158.64,56.14,11.96,115.50,5.55,33.91,-60.92,10.29,17.53,-3.97,0.00,36.68,208.35,104.26,946.87,82.01,135.06,12.76,64.59,16.51,12.93,41.59,4.71,44.53,52.99,-33.08,334.09,19.07,1.98,72.95,77.70,-8.20,146.85,449.26,11.94,715.10,20.02,4.41,271.19,23990.00,20289.00,21701.00,1.39,0.27,42.19,146.85
Asian Paints,500820,ASIANPAINT,INE021A01026,Consumer Durables,Paints,2625.20,252923.82,7589.12,3590.00,2592.08,12.07,3928.93,52.63,1539.25,39.96,1099.77,1172.12,31.54,1471.04,1073.92,1018.23,9.54,51.86,9569.53,12.17,37186.93,9.78,17.94,1559.45,4877.01,26.34,21.79,26.67,14.79,4.44,7088.18,4423.96,2591.74,1842.03,15.14,36.31,781.98,16.32,1073.68,21275.67,7061.74,13898.81,31.27,11.78,10541.94,959219.00,1001799.00,1171145.00,13.32,20.70,13.19,1073.68
ASK Automotive,544022,ASKAUTOLTD,INE491J01022,Auto Components,Auto Components & Equipments,643.85,12726.50,552.00,687.70,481.63,6.38,679.01,74.95,85.12,28.83,66.07,71.54,18.98,124.45,79.92,79.80,0.00,40.23,1448.94,37.51,4643.15,27.91,52.38,85.12,316.38,25.42,25.13,23.18,6.27,4.08,301.19,360.20,480.00,178.47,6.31,66.91,20.06,-2.35,12.91,1271.67,45.36,740.57,22.67,9.68,1358.11,79443.00,83847.00,78376.00,9.50,10.97,4.58,12.91
ASM Technologies,526433,,INE867C01010,IT - Software,Computers - Software & Consulting,4578.85,6679.01,106.42,5165.00,3476.77,11.35,127.68,57.65,26.82,72.25,15.57,16.11,60.02,41.03,9.31,19.12,9.31,91.43,252.98,63.79,604.42,68.31,61.75,26.82,73.05,26.95,25.47,86.64,13.49,34.22,68.03,-23.48,3465.69,51.78,28.13,50.80,13.16,-7.61,29.16,292.45,88.27,230.17,52.33,21.75,198.82,28766.00,28455.00,21747.00,0.49,0.72,41.13,29.16
Aster DM Quality,540975,ASTERDM,INE914M01019,Healthcare Services,Hospital,765.65,66697.93,989.63,891.30,712.91,14.10,2219.66,53.72,47.54,-46.12,88.23,139.93,-80.94,161.00,58.65,121.31,18.17,184.79,1411.01,17.86,4876.03,15.70,21.60,29.28,360.94,11.40,10.70,2.06,6.61,6.08,655.92,425.05,712.38,271.10,1.01,33.04,1380.00,-1.84,1325.36,4057.73,1166.56,1947.79,64.51,8.67,1310.68,133338.00,136892.00,148139.00,10.32,16.48,19.48,1325.36
Astra Microwave,532493,ASTRAMICRO,INE386C01029,Aerospace & Defense,Aerospace & Defense,1684.20,15973.27,360.05,1960.00,1310.15,14.07,287.66,6.54,12.35,-24.09,16.27,105.98,-88.35,30.51,46.81,23.90,0.00,84.50,229.10,6.76,1139.74,4.02,-11.55,12.35,189.04,20.25,15.99,16.28,6.99,31.28,386.73,-90.15,1306.39,53.79,3.21,45.29,98.17,-2.00,252.85,1295.58,49.73,1620.51,45.29,12.16,176.66,117894.00,116138.00,107384.00,10.74,16.09,66.64,252.85
Astral,532830,ASTRAL,INE006I01046,Industrial Products,Plastic Products - Industrial,1532.00,41314.98,1082.70,2454.00,1498.59,13.38,250.30,54.22,120.20,48.21,81.10,217.38,-43.57,196.76,107.70,134.80,0.00,69.74,1859.20,17.86,6785.40,16.79,15.93,120.20,592.39,19.22,13.85,22.27,7.62,4.50,1117.00,629.60,1498.26,294.04,7.32,59.25,608.30,8.29,943.40,4031.00,0.00,2639.10,35.04,10.14,1578.00,264925.00,258441.00,298456.00,13.89,20.93,10.59,943.40
Astrazeneca Phar,506820,ASTRAZEN,INE203A01020,Pharmaceuticals & Biotechnology,Pharmaceuticals,7507.00,18748.25,290.36,10691.00,8381.51,23.79,110.66,75.00,38.11,-32.04,56.08,45.69,-15.49,64.95,32.59,54.22,0.00,108.07,724.55,29.59,2432.06,31.10,29.73,37.93,173.48,29.26,23.29,-17.96,5.58,31.62,-15.14,65.36,8390.30,72.18,25.98,29.78,536.70,2.36,448.62,867.79,0.00,1739.93,71.82,21.50,682.79,29338.00,29007.00,34378.00,2.68,6.08,16.24,448.62
Ather Energy,544397,ATHERENERG,INE0LEZ01016,Automobiles,2/3 Wheelers,1449.60,57167.84,-257.04,1589.40,931.03,8.80,664.22,39.58,-50.87,71.46,-178.23,-100.23,49.25,-211.82,-84.64,-154.10,0.00,,1570.34,74.70,4244.12,67.15,88.79,-50.87,-384.80,-19.77,-33.41,52.35,-4.18,-11.13,31.89,-720.70,925.82,-129.25,-5.37,60.01,370.43,-29.38,823.15,2534.36,552.01,2822.89,-403.26,21.56,1216.92,254569.00,169887.00,141409.00,16.77,29.82,13.82,823.15
Atlanta Electric,544527,ATLANTAELE,INE0Z4F01028,Electrical Equipment,Heavy Electrical Equipment,1688.60,12980.61,360.11,2200.00,1389.76,23.25,50.74,87.28,46.84,50.42,31.14,102.28,-54.16,72.20,43.34,25.10,0.00,59.47,525.61,65.83,2002.73,59.03,47.99,46.84,218.28,45.26,31.69,74.72,10.04,12.73,184.33,83.58,1386.76,92.53,9.39,52.05,66.07,4.28,99.90,913.81,13.13,927.77,33.30,13.97,466.33,41899.00,34845.00,,1.92,4.76,6.05,99.90
Atul,500027,ATUL,INE100A01010,Chemicals & Petrochemicals,Specialty Chemicals,6510.50,19209.55,1241.75,10975.40,6500.35,9.55,183.02,45.33,245.30,91.99,127.77,210.15,20.29,246.86,163.54,182.37,0.97,24.15,1835.84,18.30,6643.49,15.75,25.03,253.93,795.43,14.90,11.49,59.14,13.74,2.38,1022.77,603.13,6500.25,339.88,81.00,42.55,64.66,7.29,94.67,6192.50,2591.86,2407.62,13.73,3.08,1847.95,56570.00,56855.00,55505.00,7.44,25.93,21.30,94.67
AU Small Finance,540611,AUBANK,INE949L01017,Banks,Other Bank,1088.00,81874.27,13275.56,1105.90,966.44,1.62,166532.70,22.74,795.95,37.03,580.86,831.87,-4.32,1018.42,667.66,560.87,0.00,28.66,5339.38,18.36,19560.64,17.32,21.11,795.95,2856.35,7.66,14.25,30.77,15.01,1.47,1828.87,5462.41,965.22,2913.97,13.58,59.15,8139.66,1.67,6252.06,19225.26,44793.65,10945.23,17.86,4.08,5302.74,162894.00,167443.00,190119.00,35.98,32.81,8.47,6252.06
Augmont Enterpri,,,INE16W401027,,,,7405.23,482.20,,,,22.42,,,,,,,,,,,22.18,,,94186.21,42.21,,,333.92,108.66,82.87,47.12,,,-42.16,21.63,,,,,179.99,,179.99,398.46,25.44,1788.71,15.03,,,,,,,,,179.99
Aurionpro Sol.,532668,AURIONPRO,INE132H01018,IT - Software,Computers - Software & Consulting,691.40,3818.83,311.68,1991.75,922.74,50.37,60.68,26.86,45.86,-10.62,51.31,60.72,-26.61,59.14,43.94,55.86,0.00,18.22,398.64,11.46,1432.34,14.76,6.31,45.03,209.60,16.29,13.44,7.52,12.58,3.19,55.88,157.10,925.06,75.51,10.70,29.67,361.71,1.57,204.99,1683.74,0.00,1258.53,11.92,2.20,358.07,55618.00,50976.00,35915.00,16.02,1.47,55.65,204.99
Aurobindo Pharma,524804,AUROPHARMA,INE406A01037,Pharmaceuticals & Biotechnology,Pharmaceuticals,1608.00,93933.54,7362.22,1682.40,1392.00,4.42,8072.84,51.88,1056.56,28.11,824.75,921.26,12.07,1270.32,909.80,848.13,13.75,24.84,9165.69,10.62,34935.29,9.09,16.30,1032.03,3780.97,12.86,10.10,11.49,11.54,1.95,5526.37,3924.62,1389.83,1863.63,21.87,51.63,8235.49,2.16,9870.29,37832.89,1051.12,31961.51,11.85,2.46,9150.35,239073.00,241298.00,272208.00,16.38,25.05,6.63,9870.29
Authum Invest,539177,AIIL,INE206F01022,Finance,Non Banking Financial Company (NBFC),532.30,45257.71,2293.31,683.50,516.40,22.12,3099.72,68.81,1114.81,18.43,941.32,45.53,2348.52,466.59,168.02,764.59,0.00,21.62,592.61,-0.43,2757.82,-36.77,19.65,1114.81,2092.95,13.76,13.16,-48.91,76.98,6.69,1011.15,1688.96,516.24,526.46,5.49,43.59,230.57,5.08,324.40,14466.58,15345.00,390.37,19.66,3.11,1448.22,37689.00,39531.00,37874.00,14.28,0.20,16.69,324.40
Automotive Axles,505010,AUTOAXLES,INE449A01011,Auto Components,Auto Components & Equipments,1754.20,2654.30,263.30,2693.20,1796.68,17.49,14.07,71.04,45.60,27.66,35.72,53.89,-15.38,47.35,38.81,35.95,0.00,14.52,504.67,9.29,2205.17,6.30,5.61,45.60,182.78,21.55,16.23,16.27,8.82,1.62,172.55,128.25,1797.10,56.21,31.33,39.98,38.93,14.44,258.91,1083.66,140.22,1059.24,8.53,2.41,516.82,23383.00,24109.00,28625.00,0.75,15.44,12.78,258.91
Avalon Tech,543896,AVALON,INE0LCL01028,Electrical Equipment,Other Electrical Equipment,2245.50,15034.38,202.26,2351.00,1355.82,4.49,212.92,44.39,34.87,145.39,14.21,41.15,-15.26,47.98,32.60,24.98,0.00,112.53,557.02,45.64,1764.30,44.38,49.83,34.87,133.60,19.54,16.94,67.08,7.20,58.98,57.19,25.06,1346.88,62.33,7.18,75.98,101.54,-1.38,71.35,708.35,80.62,1017.43,65.56,20.77,484.41,72969.00,65594.00,61743.00,7.81,24.72,23.08,71.35
Avantel,532406,AVANTEL,INE005B01027,Aerospace & Defense,Aerospace & Defense,162.96,4330.29,50.71,215.00,158.98,24.20,34.38,37.04,5.39,66.87,3.23,4.77,13.00,6.84,2.74,4.27,0.00,252.20,65.38,17.97,241.39,-3.16,35.66,5.39,17.17,9.63,5.29,-67.16,7.65,18.34,10.05,49.89,158.94,14.80,0.26,47.58,7.77,-6.51,11.05,285.09,0.00,218.08,75.81,12.80,70.42,189918.00,197774.00,221646.00,1.54,1.14,60.28,11.05
Avanti Feeds,512573,AVANTIFEED,INE871C01038,Food Products,Animal Feed,857.15,11687.12,905.27,1593.80,1007.72,46.22,13.23,43.23,103.30,-42.00,178.10,132.28,-16.25,154.22,163.47,168.80,0.00,21.72,1805.54,12.22,6359.97,11.41,18.32,116.30,538.06,24.38,18.29,-7.06,6.12,2.94,504.63,584.36,1009.24,173.05,10.05,34.64,898.66,9.58,437.97,3272.43,1262.02,1581.16,13.02,3.55,1899.86,122500.00,116798.00,126372.00,7.19,7.35,39.50,437.97
Avenue Super.,540376,DMART,INE192R01011,Retailing,Diversified Retail,3960.00,257345.05,5258.82,5900.00,4092.76,19.99,2424.99,74.48,860.61,11.34,772.97,656.59,31.08,1111.58,855.78,684.85,0.00,84.15,19311.65,15.80,71255.57,15.58,14.88,860.44,3058.13,17.18,12.94,12.96,4.58,8.12,3466.74,2462.97,4094.10,1465.17,17.04,45.12,358.20,-2.14,303.78,23812.08,4.01,7475.78,47.46,10.55,18794.53,542175.00,573764.00,618996.00,9.22,8.67,7.55,303.78
AvenuesAI,539807,CCAVENUE,INE483S01020,Financial Technology (Fintech),Financial Technology (Fintech),14.95,5215.16,439.88,49.34,16.12,27.07,429.53,27.29,76.15,24.33,61.25,79.48,-4.71,119.21,79.84,67.65,0.00,17.58,4168.52,112.15,9516.04,110.17,109.37,84.77,296.65,7.71,6.64,38.50,3.16,1.33,536.52,72.05,16.14,169.66,0.31,36.53,331.41,2.33,928.49,4396.99,813.58,3471.74,10.01,1.10,2680.40,721157.00,728580.00,782901.00,5.93,0.17,66.18,928.49
AWL Agri Busine.,543458,AWL,INE699H01024,Agricultural Food & other Products,Edible Oil,188.64,24539.24,2542.97,878.35,208.03,33.32,1109.27,56.94,350.28,48.15,236.43,292.08,19.90,396.58,269.03,244.85,0.00,20.89,20536.34,16.65,77720.16,16.72,17.52,351.39,1174.50,18.28,10.67,2.28,1.75,1.19,3928.34,2149.69,208.22,706.31,3.04,44.98,1022.56,10.63,1719.31,10311.38,1081.50,15002.40,8.60,2.35,20048.14,931230.00,941828.00,1034675.00,21.10,8.46,12.91,1719.31
Axis Bank,532215,AXISBANK,INE238A01034,Banks,Private Sector Bank,1251.00,390246.43,108254.11,1418.30,1266.05,11.80,1656431.05,7.87,7632.31,22.24,6243.72,7602.63,0.37,7699.85,7059.78,5566.56,0.00,14.05,34508.00,6.80,135731.89,5.58,9.87,7670.37,27773.44,6.24,13.12,-0.32,21.58,1.94,-8636.71,44383.68,1266.20,20605.09,24.61,49.34,65564.50,0.45,71868.91,220980.84,438796.54,224521.09,18.02,1.76,35541.96,836818.00,854844.00,885725.00,39.91,42.69,9.52,58656.85
Axis Solution,511144,,INE520G01024,IT - Software,Computers - Software & Consulting,641.65,3032.46,45.57,667.75,148.19,3.91,81.34,85.64,3.65,65.16,2.21,15.72,-76.78,7.52,5.87,5.15,0.00,99.78,65.69,35.53,259.62,26.51,77.43,3.65,30.39,23.07,22.18,11.93,7.50,-22.28,-22.02,-20.90,143.24,10.06,1.59,89.87,4.94,-8.23,8.59,97.14,0.14,215.59,63.23,21.00,48.67,2709.00,2540.00,2752.00,0.00,1.74,12.62,8.59
AXISCADES Tech.,532395,AXISCADES,INE555B01013,Aerospace & Defense,Aerospace & Defense,1600.60,6812.61,61.12,2211.00,1570.57,27.61,388.03,58.03,-7.13,-597.76,1.43,-16.33,-3614.29,10.58,27.66,23.13,9.53,207.70,402.45,34.57,934.46,3.64,94.16,-14.76,32.80,3.57,4.06,-47.47,-3.85,10.18,-1.36,88.34,1570.27,40.23,2.49,51.64,89.26,-0.48,45.46,706.27,17.04,830.99,54.60,9.35,183.35,46002.00,43908.00,44304.00,1.45,1.96,38.56,45.46
Aye Finance,544699,AYE,INE501X01029,Finance,Non Banking Financial Company (NBFC),169.69,4183.78,812.31,197.95,144.46,14.28,5065.10,0.00,74.50,143.54,30.59,85.91,-13.28,,42.60,34.53,0.00,17.61,,,1871.78,24.30,17.74,74.50,237.54,11.38,9.24,13.05,15.61,-0.37,-1354.64,-811.79,144.20,,,49.41,1137.89,-17.03,1011.07,2483.81,158.14,1233.25,9.48,1.65,477.37,21230.00,25687.00,,15.70,19.75,63.81,1011.07
Azad Engineering,544061,AZAD,INE02IJ01035,Electrical Equipment,Heavy Electrical Equipment,2766.60,17874.77,270.97,2986.60,1990.96,7.37,474.32,55.84,35.75,20.29,29.72,35.99,-4.48,41.00,34.71,32.61,0.00,128.60,186.19,27.85,638.49,28.72,25.90,35.16,138.99,11.92,9.09,39.10,20.37,-116.22,-118.97,53.67,1983.16,69.18,6.35,65.40,697.03,-18.38,184.59,1515.98,0.00,989.30,64.65,11.69,172.60,133221.00,126786.00,127692.00,13.30,10.32,20.53,184.59
B H E L,500103,BHEL,INE257A01026,Electrical Equipment,Heavy Electrical Equipment,413.50,144430.58,3427.40,446.75,340.52,7.44,8186.95,58.17,376.71,182.70,-455.50,1290.47,-70.81,527.54,390.40,374.89,0.00,59.38,9946.02,32.41,35992.99,27.00,40.29,376.71,2432.47,9.14,6.23,739.36,4.89,13.64,5837.38,2192.47,339.78,789.64,1.52,50.35,7612.41,3.16,11866.62,25450.19,302.06,52157.53,32.79,5.51,7697.72,1628020.00,1755262.00,1983215.00,9.52,22.35,9.88,11866.62
B P C L,500547,BPCL,INE029A01011,Petroleum Products,Refineries & Marketing,308.70,133062.81,45946.84,391.85,319.87,21.22,54424.42,52.98,-3757.26,-154.52,6890.96,5631.95,-133.30,3204.86,7188.40,6191.49,0.00,8.59,124794.09,18.91,493953.61,12.33,34.41,-1872.70,15499.28,25.64,28.75,-11.73,-2.48,0.37,50768.99,23677.79,319.99,5895.96,7.39,43.01,10475.59,14.91,17760.55,95897.68,30135.62,81310.81,5.30,1.34,151277.03,1050341.00,1033057.00,1107983.00,16.84,21.07,8.25,17760.55
Baazar Style,544243,STYLEBAAZA,INE01FR01028,Retailing,Speciality Retail,439.60,3337.83,275.77,444.95,319.22,1.20,995.22,44.80,2.23,12.63,1.98,-4.99,108.70,10.84,18.97,51.49,0.00,122.31,703.13,32.25,1950.21,34.94,28.86,2.23,27.29,7.43,5.16,59.50,0.46,3.94,125.53,52.77,318.02,99.23,1.42,83.50,22.12,-1.04,12.87,413.01,0.00,836.47,14.89,7.28,486.38,58870.00,68004.00,84432.00,1.69,5.94,47.55,12.87
Bagmane Prime REIT,544758,BAGMANE,INE2OVN25015,Realty,Real Estate Investment Trusts (REITs),107.04,36383.43,-0.26,110.50,104.17,3.13,3538.48,,57.85,-77.18,253.46,-0.11,53290.91,,,,,,,,0.00,-100.00,-29.88,58.51,-0.26,0.00,-0.02,-100.03,13.39,,1595.89,1595.89,104.14,,,55.07,244.76,19.24,244.76,1816.80,0.00,374.07,-152746.04,19.97,437.01,,,,,,,207.94
Bajaj Auto,532977,BAJAJ-AUTO,INE917I01010,Automobiles,2/3 Wheelers,11793.00,322552.73,15823.30,12774.00,10002.22,0.59,22713.15,55.01,3225.63,45.93,2210.44,3633.09,-8.69,3854.17,2749.82,2122.03,0.01,27.36,23157.86,47.18,71460.48,36.91,65.14,3188.75,11787.50,28.24,29.15,55.23,14.70,7.49,2596.60,-1405.57,9984.22,4539.56,140.25,67.08,2847.60,3.39,3071.89,38552.49,24642.18,26240.15,19.31,8.49,21688.83,678954.00,314095.00,358806.00,9.01,13.42,22.44,3071.89
Bajaj Consumer,533229,BAJAJCON,INE933K01021,Personal Products,Personal Care,486.95,6360.46,244.16,692.00,443.37,29.63,15.80,42.97,70.75,84.82,38.28,63.63,11.19,66.02,46.37,42.29,0.00,28.52,336.15,26.72,1239.58,24.92,24.94,70.75,223.04,30.05,24.66,76.43,20.71,4.18,196.92,65.10,442.93,71.05,5.05,35.88,112.23,14.63,39.17,741.92,366.91,240.59,21.76,8.42,341.56,122807.00,118576.00,140577.00,16.11,14.91,25.99,39.17
Bajaj Electrical,500031,BAJAJELEC,INE193E01025,Consumer Durables,Household Appliances,354.35,4078.56,195.26,1463.17,403.85,45.80,158.89,62.70,41.97,515.40,6.82,-71.39,171.64,6.38,-34.10,9.86,0.00,,1070.34,-3.32,4486.93,-5.30,2.33,48.38,-40.98,2.89,-0.72,-142.93,3.85,0.61,619.27,346.80,404.35,54.46,0.55,54.49,120.55,19.25,257.69,1571.10,401.90,2467.49,16.58,2.56,1089.36,84855.00,81287.00,68573.00,5.37,16.82,15.12,257.69
Bajaj Finance,500034,BAJFINANCE,INE296A01032,Finance,Non Banking Financial Company (NBFC),1095.00,682753.29,56008.05,1177.60,975.78,7.01,435112.49,54.68,5985.75,27.37,4699.61,5464.57,9.50,8161.06,4066.01,4947.76,0.00,33.34,23816.39,18.03,85963.63,17.85,18.65,6080.60,20480.62,10.87,18.25,17.53,26.25,-0.96,-65789.80,-67791.64,974.58,16407.06,12.90,55.07,13543.54,-13.78,15755.32,113377.23,30577.80,24804.98,18.81,5.98,23165.45,985158.00,1002945.00,899777.00,20.20,16.30,8.64,15755.32
Bajaj Finserv,532978,BAJAJFINSV,INE918I01026,Finance,Holding Company,2016.00,323296.93,57114.18,2195.00,1894.31,8.15,429913.96,58.72,3132.35,12.31,2789.05,2538.67,20.48,8356.31,4367.57,4746.47,0.00,31.46,43124.48,15.30,157641.68,14.54,19.13,6296.67,10277.36,10.58,13.23,7.91,14.98,-0.51,-55301.41,-61750.42,1893.09,16583.40,25.95,58.48,15736.80,-11.81,17618.04,77754.66,194413.54,54966.57,12.34,4.14,42036.90,597797.00,601457.00,683279.00,6.90,12.11,22.23,17618.04
Bajaj Hindusthan,500032,BAJAJHIND,INE306A01021,Agricultural Food & other Products,Sugar,23.33,5574.69,387.82,481.29,18.87,2.71,6355.89,13.33,-184.70,-6.39,-173.61,404.57,-147.29,-88.40,14.71,-105.25,100.00,43.03,1135.49,-1.88,5332.31,-1.93,-9.81,-184.76,129.55,3.11,24.41,197.97,-16.41,0.87,229.57,280.39,18.83,-25.86,-0.37,82.25,73.56,6.26,87.90,762.63,3569.05,3414.69,40.31,5.54,1125.97,754171.00,765300.00,789152.00,1.14,50.67,34.78,87.90
Bajaj Holdings,500490,BAJAJHLDNG,INE118A01012,Finance,Holding Company,11368.00,127153.03,8567.38,14873.20,10944.75,18.10,9.62,51.46,2706.45,31.77,2053.90,2575.00,5.09,428.27,2018.24,1689.88,0.00,14.36,561.63,41.52,1139.25,30.15,21.46,2708.08,8856.69,11.00,11.90,27.18,686.75,6.28,4780.33,-1956.76,10940.49,457.41,38.46,57.46,99.89,2.09,31.90,73039.29,84865.09,141.77,13.97,1.73,394.33,83499.00,83963.00,72783.00,9.47,8.26,30.80,31.90
Bajaj Housing,544252,BAJAJHFL,INE377Y01014,Finance,Housing Finance Company,85.59,71316.46,10142.85,188.50,91.90,26.85,103703.99,86.70,715.28,22.63,583.30,669.19,6.89,1033.57,664.89,642.96,0.00,26.39,3212.65,16.62,11604.20,16.29,17.10,715.28,2702.43,8.85,12.11,19.39,23.35,-0.36,-19894.86,-17074.87,91.97,2937.93,1.24,49.66,61.78,-15.10,165.60,14194.13,2502.21,689.22,16.50,3.17,3063.02,2315861.00,2364074.00,2510340.00,0.90,1.00,11.34,165.60
Bajel Projects,544042,BAJEL,INE0KQN01018,Electrical Equipment,Heavy Electrical Equipment,180.58,2085.44,137.90,330.00,183.99,20.48,366.81,62.53,4.73,59.80,2.96,14.14,-66.55,5.29,-0.42,3.60,2.55,77.30,655.12,6.73,2750.82,2.11,-6.71,4.73,26.98,10.96,4.10,109.15,0.83,,21.09,69.13,184.03,22.33,0.46,43.60,267.84,5.89,183.21,724.43,66.31,2118.72,19.19,2.79,566.88,83063.00,83533.00,85939.00,0.53,9.20,27.72,183.21
Balaji Amines,530999,BALAMINES,INE050E01027,Chemicals & Petrochemicals,Specialty Chemicals,2078.90,6727.33,294.10,5223.55,1691.69,14.92,133.28,54.56,74.94,97.21,38.00,63.21,20.61,67.52,30.75,37.10,17.68,32.95,397.52,16.73,1522.57,11.08,27.23,78.12,204.14,11.02,8.74,34.10,17.13,2.00,184.04,255.44,1687.79,84.44,19.99,45.92,353.53,-0.55,271.36,1969.98,0.00,940.89,18.72,3.41,455.93,111615.00,115754.00,121950.00,3.17,1.58,40.69,271.36
Balkrishna Inds,502355,BALKRISIND,INE787D01026,Auto Components,Tyres & Rubber Products,2378.00,45958.20,2381.01,3377.95,2301.96,14.31,4110.82,58.30,450.77,56.35,288.30,299.46,50.53,366.99,382.15,273.19,0.00,32.70,2739.64,14.46,11518.33,9.78,25.19,450.77,1405.57,11.18,9.66,-3.28,13.05,2.18,2249.32,1764.14,2301.20,595.96,18.98,54.69,86.25,1.32,64.51,10916.63,3123.96,3826.99,17.97,4.20,3455.27,122372.00,120740.00,127401.00,10.33,24.60,6.77,64.51
Balmer Lawrie,523319,BALMLAWRIE,INE164A01016,Diversified,Diversified,174.00,2979.07,397.15,320.45,182.67,26.95,219.64,0.00,71.41,3.60,68.93,84.52,-14.34,55.51,64.98,55.18,0.00,10.68,710.67,11.84,2785.07,8.87,10.00,70.93,279.07,14.60,13.70,2.96,9.47,1.28,289.21,156.18,182.76,89.09,3.25,45.51,458.12,8.15,452.98,1898.02,729.60,1683.20,6.62,1.44,748.73,108631.00,109420.00,110144.00,2.38,1.79,95.79,452.98
Balrampur Chini,500038,BALRAMCHIN,INE119A01028,Agricultural Food & other Products,Sugar,767.10,16220.40,814.55,781.00,537.28,1.78,3170.04,42.86,44.15,-14.39,51.57,159.57,-72.33,87.76,113.43,53.89,0.00,43.72,1863.77,11.55,6365.66,14.99,6.13,44.15,371.04,9.28,9.54,-11.31,2.70,2.76,599.47,425.16,534.97,172.71,4.15,76.07,3.42,-4.10,4.20,4117.92,467.83,3383.62,24.25,3.74,1636.79,187662.00,186610.00,188796.00,9.33,29.09,18.71,4.20
Balu Forge,531112,BALUFORGE,INE011E01029,Industrial Products,Castings & Forgings,546.75,6637.10,332.45,890.00,499.76,21.56,151.87,53.51,66.09,15.89,57.03,65.74,0.53,88.97,71.09,65.04,1.37,24.77,357.86,19.48,1174.88,19.70,28.95,66.09,267.96,22.72,19.56,18.18,21.98,22.76,31.70,148.24,499.28,97.26,7.33,73.64,96.21,-14.31,89.00,1473.13,0.00,793.84,19.30,4.16,300.71,83997.00,79711.00,77243.00,5.04,0.95,36.64,89.00
Banco Products,500039,BANCOINDIA,INE213C01025,Auto Components,Auto Components & Equipments,625.45,8941.24,779.74,879.80,631.46,28.91,613.77,67.88,122.38,11.74,109.52,144.77,-16.99,162.30,85.83,138.90,0.00,18.55,1274.69,22.78,4110.19,21.65,22.04,122.38,481.95,30.91,31.18,11.39,10.34,3.51,380.29,164.31,631.52,212.63,11.35,44.50,119.05,11.44,80.77,1655.71,78.55,2543.10,11.80,5.31,1183.90,76328.00,76781.00,69540.00,3.92,0.24,27.98,80.77
Bandhan Bank,541153,BANDHANBNK,INE545U01014,Banks,Private Sector Bank,174.16,28042.55,12898.72,741.80,179.35,21.11,180647.26,37.54,501.67,34.87,371.96,534.14,-6.08,454.65,205.59,111.87,0.00,20.72,5391.27,0.70,21844.05,-0.20,2.83,501.67,1353.27,6.41,4.88,-34.11,8.91,0.73,1142.59,2752.33,179.40,2512.93,2.82,43.15,6621.15,2.94,11995.69,23963.92,38668.28,20317.90,15.44,1.10,5630.55,664000.00,711284.00,788123.00,18.64,27.47,16.26,11995.69
Bank of Baroda,532134,BANKBARODA,INE028A01039,Banks,Public Sector Bank,244.50,126698.37,108756.09,325.55,265.14,24.90,1835226.38,63.97,5710.15,64.60,3469.16,5800.78,-68.68,7191.14,5500.66,5180.63,0.00,5.74,35112.77,5.39,136546.33,4.91,6.84,1839.26,22087.41,5.63,12.70,13.52,16.77,1.08,33426.12,34891.58,265.35,22709.25,13.48,44.05,54139.23,0.94,60184.67,167463.91,461230.12,215854.23,17.29,0.75,35114.52,1460575.00,1459934.00,1631562.00,10.14,18.33,7.47,50665.14
Bank of India,532149,BANKINDIA,INE084A01016,Banks,Public Sector Bank,142.80,65103.98,64924.02,589.00,141.93,19.98,1076662.15,73.38,3302.58,49.81,2204.58,3087.76,6.96,3856.51,2814.27,2575.58,0.00,5.53,19772.63,6.76,77243.58,6.21,8.83,3303.98,11779.32,5.93,12.41,19.41,16.44,-1.10,4752.86,18534.45,141.92,14411.85,8.47,50.91,50343.93,0.51,45919.70,86436.24,280505.61,125318.84,16.52,0.71,20096.90,595832.00,626189.00,715785.00,6.87,13.96,5.78,47393.57
Bank of Maha,532525,MAHABANK,INE457A01014,Banks,Public Sector Bank,80.28,61724.60,23813.41,96.75,73.18,15.05,383215.67,73.60,2023.32,34.50,1504.37,2044.88,-1.05,2295.12,1798.99,1668.61,0.00,8.19,8207.72,15.14,30262.41,15.83,13.90,2023.32,7535.80,6.03,22.65,31.03,25.18,1.85,-11336.03,7627.84,73.11,5625.65,2.98,48.58,36967.70,0.57,25564.89,28004.26,100586.83,20945.64,17.52,1.73,8034.65,875943.00,901410.00,991930.00,5.82,14.28,6.32,14879.82
Bannari Amm.Sug.,500041,BANARISUG,INE459A01010,Agricultural Food & other Products,Sugar,4240.70,5306.56,240.65,4674.95,3580.31,2.40,9.25,58.69,-10.92,-171.61,15.25,41.58,-126.26,4.06,48.39,42.70,0.00,43.59,576.77,0.89,1670.50,-7.59,-58.81,-10.92,121.75,9.32,8.01,7.28,-6.33,1.21,514.23,429.55,3573.67,32.00,3.24,90.41,1.93,15.48,14.03,1900.86,263.28,880.55,26.37,2.78,172.45,6366.00,6358.00,7763.00,0.27,0.00,41.04,14.03
Bansal Wire Inds,544209,BANSALWIRE,INE0B9K01025,Industrial Products,Iron & Steel Products,322.75,5046.59,323.48,503.95,313.87,15.02,554.66,75.00,20.46,-47.89,39.26,41.23,-48.94,48.93,43.27,38.32,0.00,34.93,1279.45,21.23,4388.67,20.92,24.37,20.46,144.47,13.79,12.09,-6.02,1.75,-7.54,333.08,-150.96,313.78,82.04,3.13,50.84,5.79,-26.59,6.95,1352.39,1.23,1455.85,18.30,3.53,1167.89,50678.00,52905.00,56124.00,1.99,15.57,7.43,6.95
BASF India,500042,BASF,INE373A01013,Chemicals & Petrochemicals,Specialty Chemicals,3856.20,16696.70,721.33,8750.00,3853.78,20.16,132.38,73.33,349.55,137.55,147.15,63.58,469.44,239.13,105.14,101.05,0.00,26.96,4532.18,16.09,16071.06,8.41,28.94,362.05,619.32,14.54,10.74,49.95,7.23,3.41,-100.96,389.06,3853.76,287.27,55.24,48.85,807.10,5.36,873.60,3934.21,8.09,6971.42,15.77,4.20,4837.44,64263.00,62474.00,64780.00,5.21,6.29,15.17,873.60
Bata India,500043,BATAINDIA,INE176A01028,Consumer Durables,Footwear,711.20,9138.98,802.52,2262.00,812.27,44.55,1386.57,50.16,63.98,15.88,55.21,19.00,2795.02,32.07,66.10,13.90,0.00,52.57,827.55,3.27,3552.59,1.91,3.94,63.98,173.84,12.74,10.62,-20.66,6.54,1.39,594.88,737.82,813.28,162.85,2.49,48.68,634.45,17.27,496.49,1531.34,36.09,1617.23,12.66,5.73,978.95,245930.00,241836.00,234388.00,6.38,27.22,16.24,496.49
Bayer Crop Sci.,506285,BAYERCROP,INE462A01022,Fertilizers & Agrochemicals,Pesticides & Agrochemicals,4066.80,18283.79,968.70,7196.85,4525.78,28.01,81.80,71.44,321.60,15.39,278.70,162.10,98.40,209.09,95.70,152.70,0.00,24.97,1532.26,-1.36,5595.40,-2.79,-4.16,321.60,732.10,29.14,23.70,23.56,17.53,2.35,1078.50,262.00,4530.39,246.63,46.52,38.39,893.70,23.86,1421.80,2920.80,57.40,4860.90,16.01,6.16,1835.00,58884.00,55795.00,55753.00,3.97,11.64,12.96,1421.80
Behari Lal Engg.,544870,BLEL,INE1EEM01017,Industrial Products,Iron & Steel Products,504.25,2131.62,101.75,548.00,502.22,7.98,17.78,,,,,,,,,,,32.96,,,532.62,5.12,,,64.68,30.89,23.62,23.69,,,27.54,61.89,502.20,,,,32.78,6.84,42.59,267.06,0.00,251.18,20.71,,,,,,,,,42.59
Belrise Industri,544405,BELRISE,INE894V01022,Auto Components,Auto Components & Equipments,234.08,22640.07,1147.78,268.20,201.58,12.72,1236.76,61.14,114.27,11.45,102.53,135.31,-16.14,149.99,116.75,122.86,0.00,45.85,2048.82,13.70,7818.66,12.22,16.15,114.27,493.76,13.85,12.59,33.74,5.47,2.70,816.54,654.09,201.25,279.58,1.55,44.67,95.69,2.86,785.10,4638.59,374.34,4068.73,19.95,4.10,2088.28,221048.00,201261.00,223147.00,12.09,13.12,13.63,785.10
BEML Ltd,500048,BEML,INE258A01024,"Agricultural, Commercial & Construction Vehicles",Construction Vehicles,1962.80,16380.02,328.43,2744.58,1803.60,13.79,308.84,54.03,-27.01,57.87,-64.11,179.82,-115.02,17.20,-22.38,48.03,0.00,91.79,976.77,16.41,4536.15,12.78,29.28,-27.01,178.46,7.71,4.86,-40.29,-3.30,4.78,118.23,183.12,1802.00,51.71,2.07,66.10,4.96,1.49,37.09,2892.03,7.61,5770.87,44.68,5.57,819.62,197269.00,200609.00,195176.00,5.48,19.40,21.10,37.09
Bengal & Assam,533095,BENGALASM,INE083K01017,Finance,Non Banking Financial Company (NBFC),6201.00,7071.56,496.71,11498.90,6597.01,32.60,642.33,72.87,186.60,-24.59,247.45,202.75,-3.50,134.77,155.68,225.63,0.00,9.20,727.16,13.20,2436.68,12.13,10.44,196.54,768.85,3.92,8.11,6.41,31.05,0.68,252.34,294.36,6600.99,137.65,112.20,45.27,89.06,5.06,113.70,10675.80,10803.91,1081.60,15.30,0.66,632.96,25138.00,25463.00,20207.00,4.41,0.00,22.71,113.70
Berger Paints,509480,BERGEPAINT,INE463A01038,Consumer Durables,Paints,528.55,61773.17,1943.85,727.45,507.18,11.10,635.13,74.98,404.34,18.22,342.02,307.47,20.81,344.76,271.35,206.38,0.00,50.29,3033.21,7.28,12263.24,5.22,11.97,405.01,1228.27,21.55,17.31,5.08,11.30,4.16,1540.04,1269.05,506.96,458.02,2.95,50.15,500.48,14.82,305.31,6799.56,1188.92,4473.56,29.84,8.91,3583.75,312571.00,326701.00,353795.00,4.82,11.78,8.40,305.31
Beta Drugs Ltd,,BETA,INE351Y01019,Pharmaceuticals & Biotechnology,Pharmaceuticals,2295.00,2544.21,86.86,2807.90,1777.15,18.27,147.80,59.10,15.80,35.04,11.70,9.05,82.10,,8.52,12.22,0.00,55.81,,,410.17,6.20,25.29,16.48,45.59,19.16,18.78,-9.41,13.13,6.47,37.29,36.14,1771.94,,,47.52,147.02,0.22,124.85,234.63,0.00,335.16,27.57,9.50,125.55,7359.00,4736.00,3139.00,1.02,6.23,33.65,124.85
Bhagiradha Chem.,531719,BHAGCHEM,INE414D01027,Fertilizers & Agrochemicals,Pesticides & Agrochemicals,283.90,3645.16,59.50,448.00,256.10,10.41,234.63,19.60,13.33,234.92,3.98,4.07,227.52,10.87,4.62,5.50,0.00,132.45,197.12,40.70,607.19,34.08,57.55,13.33,27.52,4.53,2.63,126.88,6.84,104.15,12.01,-52.80,255.82,25.50,0.84,52.26,29.78,-19.34,18.92,685.36,0.00,436.49,46.97,5.27,195.02,13043.00,12815.00,13911.00,0.10,3.00,77.31,18.92
Bhansali Engg.,500052,BEPL,INE922A01025,Chemicals & Petrochemicals,Petrochemicals,123.23,3064.11,255.96,177.00,101.97,11.03,0.00,57.48,65.60,42.95,45.89,51.60,27.13,63.98,42.22,40.45,0.00,15.33,399.83,22.99,1440.25,5.47,53.34,65.60,199.87,23.75,17.27,15.83,13.89,1.30,168.12,108.75,101.75,66.60,2.57,57.76,404.47,14.26,441.67,1058.34,2.42,1075.57,9.21,2.83,472.15,111850.00,113545.00,119830.00,1.39,0.00,41.11,441.67
Bharat Bijlee,503960,BBL,INE464A01036,Electrical Equipment,Heavy Electrical Equipment,2353.90,2662.55,203.75,5700.80,2700.43,30.99,301.00,33.65,19.63,-29.59,27.88,39.30,-50.05,22.57,24.68,28.23,0.00,23.81,562.97,18.91,2356.07,18.29,17.70,19.63,111.84,8.37,6.05,-18.72,3.59,2.91,-92.50,175.30,2703.91,35.96,19.97,41.33,400.31,2.20,230.43,2023.08,1356.51,1314.31,14.03,1.31,547.17,41365.00,42602.00,45473.00,5.84,15.63,44.88,230.43
Bharat Coking,544678,BHARATCOAL,INE05XR01022,Consumable Fuels,Coal,33.27,15475.05,775.25,45.21,36.99,26.41,2241.74,90.00,-68.09,-138.50,176.87,27.28,-349.60,,-22.88,-52.99,0.00,,,,12910.81,-14.28,-3.56,-68.09,-116.68,4.05,1.91,-90.54,-1.90,0.98,-640.64,626.91,37.02,,,33.90,1129.85,-5.73,1013.06,1121.80,0.00,10303.65,34.54,2.68,3587.27,556383.00,598787.00,,0.38,1.05,8.57,1013.06
Bharat Dynamics,541143,BDL,INE171Z01026,Aerospace & Defense,Aerospace & Defense,1317.00,48276.28,647.14,2096.60,1353.54,20.43,0.32,74.93,118.79,547.36,18.35,113.18,4.96,174.72,72.92,215.88,0.00,92.70,1690.84,47.41,2766.10,-18.69,130.81,118.79,520.77,13.84,10.19,-7.13,20.76,5.02,604.00,167.39,1353.91,229.72,4.77,50.13,4190.37,4.77,4709.31,4057.69,3.91,12756.97,55.00,11.38,572.24,560750.00,568164.00,541535.00,1.69,11.53,11.85,4709.31
Bharat Electron,500049,BEL,INE263A01024,Aerospace & Defense,Aerospace & Defense,409.40,299628.46,8596.11,473.45,409.89,13.53,65.46,51.14,1054.34,8.70,969.91,2225.22,-52.63,1762.84,1579.70,1287.16,0.00,48.75,6908.22,19.27,28717.35,19.83,24.94,1054.53,6146.43,36.44,27.45,11.75,19.01,9.85,1541.37,564.27,409.89,1918.33,2.41,55.27,9545.10,6.24,8572.03,23257.33,799.59,38057.29,33.19,12.48,5546.98,2604298.00,2530896.00,2542378.00,18.02,21.02,9.82,8572.03
Bharat Forge,500493,BHARATFORG,INE465A01025,Auto Components,Auto Components & Equipments,2062.00,98772.84,3037.85,2295.00,1817.04,10.15,7308.62,44.07,119.95,-57.72,283.68,291.13,-138.51,428.51,272.80,299.28,0.00,97.82,4786.57,18.72,17542.84,17.54,18.71,-89.89,1009.77,12.61,11.99,-1.52,2.59,5.86,1486.64,1796.34,1814.58,798.04,8.95,41.79,1291.38,1.81,989.94,9484.21,1738.50,10028.93,33.34,10.29,4639.94,232361.00,228156.00,242732.00,15.04,32.18,8.54,989.94
Bharat Rasayan,590021,BHARATRAS,INE838B01021,Fertilizers & Agrochemicals,Pesticides & Agrochemicals,1303.40,2163.85,240.34,3782.93,1663.64,56.99,1.23,74.99,36.64,-32.66,54.41,43.25,-6.34,30.87,33.99,26.16,0.00,15.58,272.78,-4.61,1202.60,-5.17,-10.40,36.64,138.93,17.53,13.34,-9.02,10.84,1.76,132.02,172.02,1667.26,38.13,18.57,44.93,55.69,5.72,23.02,1240.24,298.19,1060.34,9.90,1.74,338.16,22445.00,21935.00,15668.00,0.41,2.00,22.61,23.02
Bharti Airtel,532454,BHARTIARTL,INE397D01024,Telecom - Services,Telecom - Cellular & Fixed line services,1941.70,1209829.70,119317.70,2174.70,1905.55,10.71,195411.70,50.07,8376.97,40.84,5947.90,9293.18,8.26,13816.32,8502.80,8650.80,0.00,38.74,61786.67,18.49,220049.30,19.63,18.35,10011.60,31230.76,17.56,20.27,5.79,17.54,1.15,122229.60,98332.20,1905.19,35112.32,18.06,50.88,16719.90,15.35,30376.80,146009.80,18901.30,76514.80,10.68,7.94,58539.10,924369.00,901086.00,828719.00,26.48,20.64,2.64,30376.80
Bharti Hexacom,544162,BHARTIHEXA,INE343G01021,Telecom - Services,Telecom - Cellular & Fixed line services,1615.60,80643.60,5053.40,2052.90,1587.89,17.39,6137.30,70.00,482.40,23.19,391.60,463.31,7.99,570.45,473.70,421.20,0.00,43.63,2504.20,8.07,9600.70,7.87,10.91,482.40,1848.19,21.37,25.95,28.63,19.22,1.70,4464.00,4582.60,1587.61,1315.01,11.41,54.86,37.00,19.13,60.60,6915.20,631.20,1593.80,16.36,11.27,2509.90,89330.00,89246.00,96675.00,3.58,10.64,15.77,60.60
Bikaji Foods,543653,BIKAJI,INE00E101023,Food Products,Packaged Foods,607.00,15217.20,456.48,1007.95,664.61,26.05,216.92,73.88,64.57,2.22,63.17,63.61,1.51,104.75,64.70,77.60,0.00,54.86,878.80,10.47,2871.70,10.54,8.74,64.57,277.40,21.99,17.85,29.33,9.52,6.17,293.63,213.54,665.19,131.22,4.18,33.23,190.12,7.29,247.68,1648.72,238.34,742.89,33.04,9.09,678.17,111049.00,114783.00,133515.00,4.61,17.51,4.01,247.68
Billionbrains,544603,GROWW,INE0HOQ01053,Capital Markets,Stockbroking & Allied,200.72,125884.72,2915.23,227.20,179.33,11.65,292.22,27.14,735.04,94.28,378.35,686.36,7.09,979.89,546.93,471.34,1.31,51.60,1634.24,60.42,5241.60,37.74,66.01,735.04,2439.67,37.32,28.81,30.83,48.96,497.13,-20.60,-962.16,179.12,1007.13,1.56,55.42,4256.19,-0.58,8338.84,8403.55,2637.60,13598.46,34.60,13.05,1501.42,767929.00,706903.00,,6.89,10.08,54.78,8338.84
Biocon,532523,BIOCON,INE376G01013,Pharmaceuticals & Biotechnology,Pharmaceuticals,412.50,66973.38,3729.90,487.75,396.73,7.75,15434.10,44.68,142.35,327.65,33.29,125.26,-31.12,163.99,-51.80,132.80,0.00,92.09,4655.73,8.39,17321.10,9.83,10.00,136.80,727.26,3.61,1.40,99.92,3.18,2.23,1994.00,4061.20,396.57,928.38,1.01,40.76,4120.20,1.93,3193.60,33221.30,1779.10,16490.00,20.56,1.96,4336.00,392833.00,386593.00,428131.00,8.14,23.33,23.75,3193.60
Birla Corpn.,500335,BIRLACORPN,INE340A01012,Cement & Cement Products,Cement & Cement Products,891.50,6871.26,1571.79,1802.00,1010.81,33.77,3390.72,62.90,115.73,-3.21,119.57,275.71,-60.74,124.70,52.76,90.48,0.00,12.33,2292.05,3.88,9847.84,3.90,7.83,115.73,557.27,9.78,7.83,35.40,4.37,0.45,950.44,1669.49,1012.01,320.30,16.19,38.88,126.48,8.79,134.92,7287.69,1646.42,2327.55,6.50,0.93,2646.45,88705.00,93942.00,127355.00,6.13,16.97,14.00,134.92
Birlasoft Ltd,532400,BSOFT,INE836A01035,IT - Software,Computers - Software & Consulting,309.00,8648.11,914.02,861.85,352.80,34.81,140.74,40.38,161.00,51.27,106.43,175.93,-8.49,203.41,119.89,116.10,0.00,14.50,1371.46,3.20,5404.46,1.35,7.35,161.00,596.51,21.15,14.06,26.11,11.67,1.32,480.94,587.52,353.24,228.41,7.28,51.36,444.88,14.22,465.93,4057.17,2171.41,1926.65,8.40,2.10,1379.40,400850.00,396641.00,452892.00,12.78,21.98,24.85,465.93
Black Box,500463,BBOX,INE676A01027,IT - Services,IT Enabled Services,751.55,13364.88,575.98,1104.30,707.11,31.94,1153.00,69.95,72.19,20.84,59.74,76.68,-13.65,85.27,49.68,55.65,0.00,46.78,1825.94,15.23,6653.61,12.20,23.92,55.92,285.70,22.20,26.84,4.15,4.20,22.84,83.95,-87.61,706.66,167.74,4.80,40.68,229.36,0.28,539.98,1251.41,0.00,3236.20,22.48,10.37,1718.50,72559.00,73638.00,78709.00,4.69,3.41,21.82,539.98
Blackbuck,544288,BLACKBUCK,INE0UIZ01018,Transport Services,Transport Related Services,631.05,11542.33,229.39,748.00,565.27,15.64,59.21,25.00,42.17,25.13,33.70,65.73,-35.84,32.93,31.72,29.20,1.38,67.23,223.11,47.62,712.52,49.01,42.17,42.17,171.68,12.83,12.32,-52.59,20.65,61.58,169.43,58.33,564.61,54.63,1.81,73.02,704.88,24.34,638.38,1403.68,50.13,870.26,45.86,8.07,204.17,79449.00,82331.00,39118.00,31.47,14.38,29.14,638.38
Bliss GVS Pharma,506197,BLISSGVS,INE416D01022,Pharmaceuticals & Biotechnology,Pharmaceuticals,580.15,6177.40,239.44,602.45,330.71,3.70,21.75,35.01,50.10,16.40,43.04,35.57,38.84,52.47,24.78,28.59,0.00,44.89,310.92,27.22,1005.22,20.59,37.65,51.37,137.62,16.93,11.75,29.05,17.99,4.78,138.72,105.91,328.21,64.85,4.81,76.41,213.31,5.28,166.87,1182.32,4.97,944.89,24.44,5.14,285.58,46767.00,44874.00,46707.00,8.07,9.46,47.45,166.87
BLS E-Services,544107,BLSE,INE0NLT01010,IT - Services,IT Enabled Services,321.10,2918.33,99.87,423.70,222.03,2.13,6.13,71.87,15.30,4.22,14.68,14.74,2.14,28.40,15.23,18.28,0.00,50.21,447.41,65.86,1177.89,71.21,24.63,18.63,58.12,17.00,11.44,5.18,6.13,6.27,50.68,67.29,221.03,31.02,2.57,70.41,91.40,6.72,261.82,431.62,126.24,533.76,26.14,5.58,304.09,69588.00,76520.00,90442.00,0.64,0.02,27.24,261.82
BLS Internat.,540073,BLS,INE153T01027,Leisure Services,"Tour, Travel Related Services",273.92,11281.31,914.03,522.30,280.88,30.27,430.58,70.39,190.07,11.15,171.00,177.80,7.88,225.97,170.22,185.70,0.00,15.98,945.87,28.40,3178.18,31.81,25.33,201.63,705.77,29.34,32.74,24.91,22.64,1.79,902.93,828.83,280.95,264.36,5.17,66.24,740.77,20.50,1181.78,2422.29,351.60,1829.00,10.97,4.58,890.53,223624.00,218959.00,205127.00,4.14,3.10,22.33,1181.78
Blue Cloud Soft.,539607,BLUECLOUDS,INE373T01047,IT - Software,Software Products,22.47,2071.38,126.13,130.50,22.18,40.87,268.86,38.44,17.95,24.74,14.39,12.11,48.22,32.67,18.58,15.42,0.00,32.34,376.84,48.99,1088.37,41.04,41.97,17.95,64.06,14.16,11.58,32.96,6.14,,207.93,-12.55,22.18,55.99,0.35,56.71,3.01,-39.04,3.02,847.69,0.00,397.64,14.22,1.83,292.52,70124.00,61546.00,32513.00,13.28,0.00,48.28,3.02
Blue Dart Expres,526612,BLUEDART,INE233B01017,Transport Services,Logistics Solution Provider,5077.00,12051.88,992.49,9640.00,5315.94,27.84,1141.90,75.00,88.49,81.22,48.83,48.94,81.15,104.25,68.33,81.38,0.00,37.18,1713.88,10.62,6356.68,9.23,14.97,88.49,324.17,16.64,16.82,30.80,5.34,1.21,810.25,735.12,5318.34,274.06,43.93,50.35,167.31,19.10,238.98,1753.07,412.56,1751.80,12.18,6.78,1657.72,37650.00,35375.00,30906.00,3.35,14.47,7.17,238.98
Blue Jet Health,544009,BLUEJET,INE0KBH01020,Pharmaceuticals & Biotechnology,Pharmaceuticals,595.30,11266.63,357.42,1028.20,533.08,24.09,43.68,73.15,78.26,-14.16,91.17,64.34,21.64,35.10,40.17,52.14,0.00,47.96,123.97,-25.08,885.67,-27.51,-17.38,78.26,234.91,26.07,19.35,-34.49,26.70,4.96,334.15,45.76,532.45,39.47,1.85,54.07,119.79,3.87,148.87,1325.22,251.88,730.35,32.18,7.59,293.11,78927.00,79199.00,70772.00,0.63,9.11,17.11,148.87
Blue Star,500067,BLUESTARCO,INE472A01039,Consumer Durables,Household Appliances,1510.00,30948.35,995.60,2419.95,1714.00,26.34,809.99,36.49,95.52,-21.03,120.96,213.80,-54.88,114.88,80.55,98.78,0.00,58.48,2590.20,6.93,12797.66,5.90,13.27,102.51,529.17,21.24,17.20,-0.92,2.83,8.47,153.81,688.07,1716.05,173.70,5.59,37.08,431.92,0.06,402.07,3390.29,457.20,5953.01,32.20,9.05,3377.92,120369.00,111852.00,148932.00,12.75,28.24,22.49,402.07
Bluestone Jewel,544484,BLUESTONE,INE304W01038,Consumer Durables,"Gems, Jewellery And Watches",821.50,12556.06,434.09,926.70,584.13,11.35,1983.89,16.25,6.96,120.16,-34.52,32.03,-80.89,-18.59,68.85,-52.10,37.21,222.94,736.71,43.43,2680.60,40.02,49.56,5.96,56.32,6.78,1.11,128.59,0.81,,-199.09,-665.83,581.74,98.70,-1.22,58.27,186.89,,511.67,1785.47,46.62,3517.52,28.72,6.95,736.85,40653.00,39697.00,,34.69,32.48,16.59,511.67
BN Agrochem,526125,BNAGROCHEM,INE00HZ01011,Commercial Services & Supplies,Trading & Distributors,237.45,2319.19,22.48,419.95,280.75,43.46,50.65,5.93,2.98,-85.16,20.08,2.95,1.02,,-6.78,17.92,0.00,135.86,,,927.48,84.49,26.66,2.98,17.07,4.38,8.01,-60.97,1.16,,24.04,-31.27,281.19,,,31.36,6.71,-0.71,13.92,368.92,72.00,435.42,533.01,4.97,257.51,9402.00,9294.00,9266.00,0.00,0.00,94.07,13.92
Bombay Dyeing,500020,BOMDYEING,INE032A01023,Textiles & Apparels,Other Textile Products,112.60,2317.69,62.70,321.90,128.31,42.43,3.15,53.57,7.34,-47.23,13.91,21.10,-66.35,-20.56,-9.85,1.92,0.00,108.20,372.65,2.76,1493.29,-2.55,8.72,7.08,21.42,1.27,0.28,-27.73,1.79,0.60,-182.05,-17.02,128.47,-9.23,-1.00,31.08,98.72,69.46,81.79,2243.91,1303.38,850.71,28.30,1.02,410.80,146956.00,148774.00,151349.00,0.91,0.99,44.54,81.79
Bondada Engineer,543971,,INE0Q8P01029,Telecom - Services,Telecom - Infrastructure,297.30,3319.99,343.32,753.98,335.66,40.89,292.42,61.52,52.89,38.24,38.26,59.17,-14.23,,54.16,52.32,0.00,15.22,,,2976.62,80.96,23.99,53.93,218.10,39.43,35.70,90.09,7.80,222.44,124.57,-140.93,336.05,,,50.13,40.70,-2.74,261.53,671.72,9.42,1760.64,9.48,4.78,691.65,17195.00,16160.00,12546.00,0.53,0.12,37.84,261.53
Borosil,543212,BOROLTD,INE02PY01013,Consumer Durables,Houseware,257.82,3080.23,198.36,516.10,260.29,35.29,148.08,64.68,12.80,-26.48,17.41,10.59,20.87,21.77,23.95,22.71,0.00,42.17,365.42,7.36,1216.82,8.72,8.98,12.80,73.05,11.52,9.16,-11.29,5.05,3.57,118.83,-19.33,260.31,50.05,1.82,63.92,1.54,-8.46,3.20,874.96,83.46,586.03,16.77,3.48,253.59,73935.00,74127.00,74532.00,0.35,6.20,28.77,3.20
Borosil Renew.,502219,BORORENEW,INE666D01022,Industrial Products,Glass - Industrial,543.00,7986.99,487.23,833.35,543.85,24.69,162.14,58.78,87.71,156.91,34.14,169.01,-48.10,128.68,78.26,45.82,0.00,19.88,496.46,31.19,1608.25,33.98,22.10,87.71,401.74,26.62,27.74,463.85,21.62,3.54,424.51,186.45,543.86,158.41,8.74,36.39,10.60,8.26,47.68,1492.01,629.68,312.29,14.97,5.05,405.69,225375.00,237050.00,266435.00,6.14,2.62,32.46,47.68
Bosch,500530,BOSCHLTD,INE323A01026,Auto Components,Auto Components & Equipments,48750.00,144090.83,3504.40,49130.00,38310.22,0.77,118.80,70.54,706.10,5.20,671.20,570.00,23.88,627.28,532.60,554.50,0.00,60.97,5560.41,15.97,21088.00,13.63,22.00,706.10,2363.20,21.54,14.57,6.49,12.09,7.91,2175.30,2373.40,38205.30,746.17,212.67,79.57,507.90,11.21,402.60,14815.70,8020.10,10694.00,39.68,9.69,5841.90,65497.00,66646.00,67199.00,7.10,15.17,7.19,402.60
Bosch Home Comfort,523398,BOSCH-HCIL,INE782A01015,Consumer Durables,Household Appliances,1772.00,4821.35,86.93,3484.40,1462.12,1.65,81.68,74.52,22.79,29.34,17.62,38.83,-44.24,-18.40,-19.03,-39.96,32.20,238.80,473.46,16.86,2941.58,12.57,28.49,22.79,20.19,4.64,2.28,-49.90,2.08,5.28,113.43,83.25,1459.01,-4.99,-6.77,79.02,137.43,16.08,56.56,473.32,0.00,1431.39,52.72,9.63,1095.52,35615.00,31241.00,32749.00,0.38,6.30,18.79,56.56
Brainbees Solut.,544226,FIRSTCRY,INE02RE01045,Retailing,E-Retail/ E-Commerce,196.67,10257.47,446.68,734.25,256.61,55.17,1593.90,0.00,-20.98,50.50,-42.40,-17.12,8.84,-70.50,-38.70,-50.54,0.00,,2354.31,12.16,8791.61,11.71,13.08,-43.95,-112.60,0.57,-2.37,25.46,-1.40,-14.09,365.10,-83.45,257.21,72.43,-0.96,29.50,1705.57,-2.42,1402.55,4729.60,5.02,4560.79,22.17,2.13,2106.23,145922.00,140637.00,140001.00,3.61,22.71,66.70,1402.55
Brigade Enterpr.,532929,BRIGADE,INE791I01019,Realty,"Residential, Commercial Projects",625.75,20473.16,1643.23,1089.83,588.97,21.98,6343.95,41.10,176.08,17.48,149.88,143.61,13.76,192.28,205.83,170.28,0.00,30.05,1389.13,0.42,5531.63,4.81,-12.93,216.94,681.35,10.54,10.47,-9.38,17.09,2.57,-137.06,995.31,588.60,380.59,5.44,68.54,3261.00,-3.82,2685.01,6575.63,62.26,16063.26,14.29,2.99,1115.55,162943.00,159254.00,132690.00,15.63,25.46,17.80,2685.01
Brigade Hotel,544457,BRIGHOTEL,INE03NU01014,Leisure Services,Hotels & Resorts,59.91,2274.14,192.42,91.77,66.09,32.99,309.24,74.09,15.95,156.84,6.21,22.98,-30.94,20.04,21.72,10.60,0.00,33.36,132.53,5.42,527.91,7.60,2.32,17.34,68.16,12.85,11.22,117.62,13.65,,199.53,148.95,66.15,42.54,0.49,43.67,22.36,2.89,250.72,577.73,0.06,300.93,11.90,2.38,127.04,39091.00,39595.00,,0.81,19.82,5.27,250.72
Britannia Inds.,500825,BRITANNIA,INE216A01030,Food Products,Packaged Foods,5548.00,134695.88,3737.33,6473.10,5563.01,12.45,1380.28,50.55,591.35,13.56,520.72,678.34,-12.70,837.49,682.14,655.06,0.00,51.72,5191.40,7.25,19529.34,6.63,8.17,593.38,2604.12,56.00,53.52,18.70,11.87,4.68,2611.60,2490.62,5563.16,951.21,34.65,54.88,312.48,36.30,352.44,5082.47,3609.76,3039.14,35.45,26.17,4999.97,268246.00,251466.00,272914.00,13.40,20.88,15.13,352.44
Brookfield India,543261,BIRET,INE0FDU25010,Realty,Real Estate Investment Trusts (REITs),343.91,28581.34,2199.64,376.50,331.67,8.66,16582.62,,179.81,44.36,124.56,36.90,310.95,197.64,201.22,149.38,90.00,53.27,966.85,44.17,3300.83,34.53,51.78,221.34,536.49,5.36,2.75,105.31,22.73,1.61,2285.42,1841.03,331.55,685.42,1.93,57.30,665.74,5.72,765.44,-1291.91,883.12,1053.36,17.77,1.32,973.83,,,,,,,765.44
BSE,,BSE,INE118H01025,Capital Markets,Exchange and Data Platform,3291.10,134046.20,3569.59,4446.80,3273.09,25.99,0.02,0.00,874.02,65.70,527.46,797.33,9.70,1097.10,596.59,557.02,0.00,47.34,1791.75,67.71,5442.02,60.72,63.48,872.66,2831.59,59.99,46.05,78.51,55.72,7.18,3103.72,414.17,3272.91,1157.48,26.94,33.97,5183.86,31.45,5172.80,6591.43,3837.00,5872.13,32.74,20.09,1566.02,999275.00,975435.00,949953.00,21.32,24.15,54.45,5172.80
C D S L,,CDSL,INE736A01011,Capital Markets,"Depositories, Clearing Houses and Other Intermediaries",1345.90,28129.31,675.65,1989.80,1351.07,19.59,2.20,15.00,117.51,14.80,102.36,80.22,47.47,158.16,132.95,139.94,0.00,59.69,356.71,11.86,1178.86,8.78,13.10,117.67,471.28,31.98,24.53,-4.75,40.19,5.84,466.62,543.47,1351.12,179.98,7.56,51.24,174.18,18.31,83.07,1750.78,1487.08,354.35,40.37,14.35,292.76,1522866.00,1514807.00,1497889.00,8.24,15.19,61.57,83.07
C P C L,500110,CHENNPETRO,INE178A01016,Petroleum Products,Refineries & Marketing,1390.50,20709.01,4871.63,1489.70,1044.33,6.66,1964.16,67.29,1031.35,2671.95,-40.10,1421.85,-27.46,1561.76,1001.59,719.19,0.00,4.96,24503.29,50.08,76197.10,33.51,84.77,1031.35,4173.98,34.94,31.85,2379.87,3.77,0.60,2944.96,1352.37,1040.85,1825.60,104.88,58.95,375.29,13.13,1256.77,10960.30,491.30,10219.43,3.37,1.86,27369.27,149620.00,154303.00,201668.00,14.98,1.01,16.71,1256.77
C.E. Info System,543425,MAPMYINDIA,INE0BV301023,IT - Software,Software Products,1007.20,5518.54,198.09,2747.85,1171.54,49.64,7.04,51.41,49.77,7.94,46.11,50.77,-2.34,30.24,18.76,18.52,0.00,40.04,119.45,5.00,492.21,1.83,14.89,49.74,137.82,19.13,11.99,-12.47,35.60,5.46,93.33,117.06,1173.19,38.63,5.52,44.68,78.72,6.87,83.84,894.00,516.94,320.33,23.83,6.09,139.72,150090.00,142309.00,154742.00,1.52,12.74,34.32,83.84
Caliber Mining,544833,CMLL,INE11XY01018,Consumable Fuels,Coal,506.95,3316.48,445.31,624.40,532.14,18.81,1120.49,74.18,29.76,-21.56,37.94,70.88,-55.44,,,,,21.23,,,1677.66,17.29,67.10,29.76,164.38,21.23,34.85,24.96,4.53,2.04,411.04,48.22,532.39,,,39.11,22.98,-19.80,98.15,593.96,4.68,610.90,9.74,,657.05,109641.00,,,1.70,12.93,11.10,98.15
Camlin Fine,532834,CAMLINFINE,INE052I01032,Chemicals & Petrochemicals,Specialty Chemicals,108.38,2082.93,148.56,334.70,140.33,53.88,720.10,48.03,-20.76,-606.79,-2.94,12.77,-138.98,-15.96,-37.10,-14.95,16.21,,520.39,13.17,1845.03,9.33,27.51,-33.63,-26.23,4.78,3.75,-139.24,-4.24,1.89,82.07,23.00,140.65,23.83,-0.78,37.74,153.80,1.62,153.22,1021.67,30.26,1234.33,22.14,2.00,519.88,55178.00,52232.00,59538.00,0.91,5.42,45.63,153.22
Campus Activewe.,543523,CAMPUS,INE278Y01022,Consumer Durables,Footwear,223.11,6799.86,314.40,640.00,244.10,24.88,236.16,72.08,26.14,17.75,22.20,44.14,-40.78,37.17,63.68,20.07,0.00,44.15,437.36,13.13,1816.05,13.71,12.21,26.14,154.03,21.22,18.00,30.53,6.79,3.49,134.77,235.21,244.31,64.58,1.22,50.31,24.51,13.82,3.96,753.45,0.00,903.41,21.84,7.52,385.20,177825.00,179881.00,198551.00,6.03,11.39,10.49,3.96
Cams Services,543232,CAMS,INE596I01020,Capital Markets,"Depositories, Clearing Houses and Other Intermediaries",749.25,18635.81,659.01,1073.50,760.63,11.32,54.31,0.00,121.81,15.80,105.19,98.99,23.05,148.32,121.98,110.94,0.00,41.07,373.49,5.54,1430.92,5.19,5.58,121.81,453.72,48.27,36.96,2.12,34.50,3.67,577.73,442.31,760.74,173.56,5.97,38.32,209.83,31.82,370.89,1158.78,570.80,651.98,26.05,15.38,353.05,526029.00,542124.00,473085.00,44.88,23.54,31.56,370.89
Can Fin Homes,511196,CANFINHOME,INE477A01020,Finance,Housing Finance Company,842.90,11222.23,3884.00,971.50,848.16,13.24,38257.89,29.99,267.82,19.63,223.87,345.67,-22.52,378.66,264.78,251.43,0.00,9.93,1132.19,7.88,4292.09,8.18,7.43,267.82,1129.70,9.14,19.66,28.17,24.43,-0.29,-2910.33,-2255.48,848.21,1042.50,28.44,54.91,307.64,-6.18,304.50,5953.77,2142.96,357.71,12.43,1.88,1096.15,90611.00,93995.00,98637.00,13.23,24.53,32.25,304.50
Canara Bank,532483,CANBK,INE476A01022,Banks,Public Sector Bank,129.60,118040.32,114815.12,164.22,131.59,20.44,1765026.88,62.93,5180.71,3.48,5006.60,4574.23,13.27,5443.50,5174.37,4896.43,0.00,5.94,33012.55,2.93,127805.38,3.11,4.55,5182.06,19858.64,6.52,16.08,7.47,15.72,1.06,7941.94,60668.58,131.61,22310.90,6.00,51.96,86837.44,1.57,50762.44,121809.66,404306.88,239770.35,15.95,0.95,32957.16,1521088.00,1502130.00,1699715.00,12.68,11.91,12.48,51171.89
Canara HSBC,544583,CANHLIFE,INE01TY01017,Insurance,Life Insurance,151.69,14380.20,160.95,166.69,138.90,9.00,250.00,62.00,28.14,20.15,23.42,34.73,-18.97,37.98,27.65,40.81,0.00,109.50,3479.52,48.19,12275.18,9.07,19.81,28.14,131.33,8.35,8.11,7.91,0.65,0.49,3533.50,1207.82,138.77,38.02,0.40,57.14,610.96,138.44,613.33,683.61,49683.15,1107.46,98.48,8.82,4350.86,84466.00,85552.00,,5.42,29.67,2.47,230.65
Canara Robeco,544580,CRAMC,INE218I01013,Capital Markets,Asset Management Company,264.30,5256.97,284.01,353.55,264.59,25.24,17.59,75.00,75.60,23.98,60.98,41.36,82.79,77.48,52.75,48.71,0.00,24.07,124.17,15.35,477.97,13.00,20.07,75.60,218.42,40.11,30.28,8.87,52.01,3.76,172.28,159.38,264.60,80.44,3.89,57.11,0.29,20.62,2.19,546.41,735.23,60.27,17.32,7.07,145.37,167479.00,166900.00,,1.28,9.35,14.38,2.19
Cantabil Retail,533267,CANTABIL,INE068L01024,Textiles & Apparels,Garments & Apparels,247.31,2061.09,276.55,334.85,246.64,23.08,544.11,74.46,16.33,11.32,14.67,29.23,-44.13,21.39,45.09,6.75,0.00,21.16,203.08,15.40,872.70,16.03,12.69,16.33,97.40,19.37,22.07,24.68,9.13,1.27,199.33,150.48,246.63,60.47,2.56,57.08,27.97,11.41,25.39,461.29,0.08,397.31,9.06,4.33,178.82,20367.00,19020.00,22501.00,2.16,0.21,23.17,25.39
Capillary Tech.,544614,CAPILLARY,INE0ILV01024,IT - Software,Software Products,506.95,4035.54,104.95,799.00,547.41,36.55,53.61,51.45,22.87,2949.33,0.75,20.08,-122.02,,7.99,0.29,0.00,78.77,,,811.36,22.79,42.66,-9.55,51.23,3.42,2.95,321.76,8.91,8.59,149.91,-46.20,547.81,,,45.70,214.07,2.95,359.05,1007.61,136.45,596.36,27.92,3.93,256.64,16688.00,16620.00,,3.34,19.38,25.83,359.05
Capital Infra,544338,CAPINVIT,INE0Z8Z23013,Construction,Civil Construction,77.00,2762.72,398.48,109.99,74.34,12.50,2960.90,,125.62,270.40,-73.72,195.05,-35.60,,10.76,78.43,0.00,6.74,,,898.72,420.64,37.41,125.62,409.86,7.19,7.15,652.64,48.45,,1025.36,284.49,74.31,,,68.14,259.01,,382.93,-802.72,32.89,1744.53,8.27,1.09,259.29,,,,,,,382.93
Caplin Point Lab,524742,CAPLIPOINT,INE475E01026,Pharmaceuticals & Biotechnology,Pharmaceuticals,2529.70,19228.68,876.43,2700.00,2139.64,6.31,4.61,70.57,176.91,15.78,152.80,170.11,3.59,196.77,165.86,160.23,0.00,28.90,624.72,16.98,2287.33,15.01,19.63,179.09,665.35,24.63,20.62,17.73,29.34,4.09,523.23,432.37,2135.72,218.78,25.57,49.33,591.41,7.03,621.04,3571.22,859.02,2585.66,20.18,5.36,610.36,94385.00,93896.00,94169.00,5.76,2.49,21.19,621.04
Capri Global,531595,CGCL,INE180C01042,Finance,Non Banking Financial Company (NBFC),225.11,21642.79,3096.77,289.40,202.45,14.92,24112.10,59.92,353.38,102.05,174.90,282.82,24.95,512.93,255.44,236.00,0.00,19.19,1697.31,51.36,5306.22,50.16,57.05,353.38,1127.64,11.67,16.50,95.19,22.42,-0.41,-8727.78,-4311.64,202.22,1134.45,5.33,43.69,1531.21,-22.01,2122.91,7107.27,1236.10,2678.13,12.35,3.01,1576.48,59632.00,63725.00,61368.00,8.21,18.42,13.46,2122.91
Carborundum Uni.,513375,CARBORUNIV,INE120A01034,Industrial Products,Abrasives & Bearings,1137.60,21714.83,684.25,1841.15,999.67,12.95,412.53,38.90,76.40,23.44,61.89,23.95,300.80,84.53,73.16,74.26,0.00,86.59,1462.70,12.68,5413.92,10.14,17.03,80.34,250.78,10.52,6.92,-13.89,5.63,4.46,367.36,304.24,998.28,159.14,4.22,54.77,380.59,3.65,700.44,3880.77,198.81,2840.68,29.59,5.56,1426.63,64977.00,65914.00,69834.00,11.13,29.05,20.91,700.44
CARE Ratings,534804,CARERATING,INE752H01013,Capital Markets,Ratings,1698.90,5115.65,252.22,1964.80,1624.51,7.57,26.18,0.00,32.26,25.14,25.78,52.83,-38.27,60.00,36.54,57.21,0.00,28.79,161.20,18.21,490.84,17.62,18.92,32.99,177.66,26.30,19.69,24.87,29.54,4.00,147.57,122.95,1623.77,65.68,19.50,49.34,97.00,12.14,129.02,902.40,86.88,656.78,19.27,5.47,111.68,58466.00,58978.00,61111.00,23.41,31.58,45.01,129.02
Carraro India,544320,CARRARO,INE0V7W01012,Auto Components,Auto Components & Equipments,525.75,2978.92,240.70,692.40,525.59,21.24,154.93,68.77,30.65,7.51,28.51,41.02,-25.28,44.36,27.87,30.60,0.00,21.83,724.21,24.47,2289.88,26.42,10.42,30.65,136.43,28.25,25.57,56.21,5.67,2.48,130.89,94.54,525.59,62.85,7.80,48.40,60.73,7.87,80.32,518.56,23.98,833.57,12.49,5.19,540.17,89553.00,91082.00,111849.00,2.91,16.10,12.22,80.32
Cartrade Tech,543333,CARTRADE,INE290S01011,Retailing,E-Retail/ E-Commerce,2895.20,14064.91,347.50,3291.35,2330.08,12.04,140.43,0.00,53.35,24.45,42.87,64.61,-19.90,61.32,61.53,64.07,0.00,59.06,229.71,18.77,807.38,19.97,16.25,56.75,238.14,11.84,9.69,53.38,29.37,10.13,256.99,171.02,2324.40,76.14,11.41,60.05,76.60,5.23,41.21,2435.51,910.00,1234.97,38.27,5.58,201.16,145505.00,145442.00,177058.00,54.37,15.63,29.98,41.21
Carysil,524091,CARYSIL,INE482D01024,Consumer Durables,Household Appliances,1158.10,3299.10,190.29,1280.90,1009.36,9.59,274.04,41.34,31.43,37.73,22.82,27.10,17.06,37.41,21.26,27.42,0.00,30.66,274.81,14.19,959.10,13.99,15.49,32.05,107.61,17.77,17.45,52.21,12.23,3.82,108.67,60.17,1007.86,53.87,12.90,46.88,68.02,-1.09,58.58,602.73,0.00,521.32,17.35,5.41,262.14,50289.00,47620.00,55303.00,1.63,11.91,45.11,58.58
Castrol India,500870,CASTROLIND,INE172A01027,Petroleum Products,Lubricants,188.57,18642.01,1403.73,284.40,188.32,10.90,53.15,51.00,347.70,42.50,244.00,242.18,43.57,357.84,244.67,227.80,0.00,17.28,1574.05,15.51,6219.38,11.84,25.03,347.70,1078.56,60.27,45.86,12.79,18.58,1.64,1090.14,1044.10,188.32,387.88,3.62,54.13,1398.97,41.77,1140.99,1414.36,376.81,2874.48,11.30,9.77,1871.47,541506.00,544404.00,541916.00,8.17,13.63,26.41,862.88
CCL Products,519600,CCL,INE421D01022,Agricultural Food & other Products,Tea & Coffee,1112.40,14913.32,742.35,1242.20,1060.29,10.45,1324.36,46.14,116.88,61.33,72.45,114.53,2.05,169.77,100.27,100.86,0.00,34.48,1489.58,32.20,4602.18,35.83,13.72,116.88,432.54,15.85,18.04,38.94,9.74,4.00,858.29,289.69,1059.76,249.75,12.71,35.99,97.72,1.81,217.55,2317.85,2.87,2209.28,20.63,6.34,1200.45,63904.00,62293.00,54988.00,12.07,21.10,20.54,217.55
CEAT,500878,CEATLTD,INE482A01020,Auto Components,Tyres & Rubber Products,3588.20,14503.84,2118.43,4438.00,3539.16,19.15,3272.09,47.29,3.78,-96.69,114.19,251.03,-98.36,185.00,155.40,185.71,0.00,22.79,4626.55,22.63,16466.70,21.49,22.36,4.00,636.54,19.15,16.14,38.53,0.09,0.90,1785.55,1091.96,3538.67,537.81,45.74,48.81,53.24,7.37,43.30,5005.56,221.81,4361.43,8.58,2.88,4318.00,148990.00,136374.00,141661.00,13.82,22.19,16.42,43.30
Ceigall India,544223,CEIGALL,INE0AG901020,Construction,Civil Construction,312.80,5441.33,639.69,425.00,315.88,22.90,1311.14,82.05,62.88,18.23,53.18,126.61,-50.60,86.45,72.38,56.16,0.00,16.92,997.95,23.73,4153.86,20.31,15.68,63.75,321.59,17.26,15.71,20.08,6.74,-2.12,-91.28,-519.56,315.91,145.68,4.77,35.06,633.92,-10.65,378.68,2051.04,10.10,3625.51,9.50,2.55,969.64,133934.00,149520.00,167926.00,3.88,3.65,10.41,378.68
Cello World,544012,CELLO,INE0LMW01024,Consumer Durables,Houseware,363.60,8039.23,526.34,1025.00,441.32,46.04,38.11,75.00,73.40,0.52,73.02,90.12,-18.55,101.65,69.41,91.32,0.00,25.29,619.75,5.50,2321.41,7.24,-0.43,73.40,317.84,17.41,13.19,-3.47,13.94,2.77,255.06,261.73,442.10,124.27,4.60,49.29,87.61,1.47,127.77,2590.51,619.54,1572.31,15.37,2.97,526.72,122084.00,120736.00,123494.00,3.23,15.14,6.61,127.77
Cemindia Project,509496,CEMPRO,INE686A01026,Construction,Civil Construction,1273.90,21922.12,1185.77,1650.00,989.93,22.79,1001.23,67.46,140.83,2.62,137.23,242.17,-41.85,147.85,110.89,107.69,0.00,36.44,2399.78,9.32,10205.10,8.91,5.61,140.83,601.58,32.76,27.80,46.85,5.18,3.99,499.78,184.28,987.08,238.37,8.61,42.92,824.82,7.01,948.85,2382.41,0.00,5630.54,17.97,9.12,2720.92,90808.00,90782.00,92686.00,7.26,2.86,22.40,948.85
Central Bank,532885,CENTRALBK,INE483A01010,Banks,Public Sector Bank,31.07,28113.61,29045.21,212.13,34.75,24.07,508229.06,81.19,1323.13,8.00,1225.12,745.72,77.14,1796.76,1264.79,1234.06,0.00,6.16,9718.26,10.73,37270.22,9.45,12.79,1324.61,4564.93,5.64,11.90,8.25,13.62,-149.22,2803.98,-2459.64,34.79,6199.94,1.98,44.68,21511.09,-0.46,17574.52,31906.67,154862.65,50549.86,17.89,0.69,9725.90,744225.00,714547.00,718928.00,0.93,10.95,6.93,18080.94
Central Mine Pla,544739,CMPDI,INE05HV01027,Construction,Civil Construction,234.49,16801.86,858.41,283.70,204.58,17.35,1.45,85.00,116.27,53.88,75.56,187.82,-38.09,,172.67,,0.00,25.70,,,2316.53,10.17,17.62,116.27,613.09,38.06,28.35,-8.07,24.15,3.02,716.42,671.14,204.28,,,40.78,1080.17,23.04,1430.00,2140.44,0.00,2936.47,17.91,7.33,481.37,76622.00,90963.00,,0.50,7.85,6.64,1430.00
Centum Electron,517544,CENTUM,INE320B01020,Aerospace & Defense,Aerospace & Defense,3446.00,5081.64,151.03,3968.80,3030.34,13.17,123.48,46.82,11.23,-36.87,17.79,35.00,6332.93,20.97,-62.05,4.23,0.00,58.13,314.82,13.65,1058.62,8.19,14.35,105.50,87.42,25.53,-12.54,67.28,5.50,4.99,60.40,-29.35,3026.17,33.18,14.20,42.06,129.64,9.14,120.11,328.47,0.00,914.19,34.42,14.80,204.15,30466.00,26539.00,20455.00,3.31,19.67,30.20,120.11
Century Plyboard,532548,CENTURYPLY,INE348B01021,Consumer Durables,Plywood Boards/ Laminates,772.75,17173.01,660.63,938.60,764.51,10.04,1764.88,71.83,80.30,54.84,51.86,78.14,4.89,129.42,65.05,70.95,0.00,57.90,1752.71,26.50,5789.20,23.39,33.52,83.30,296.62,11.45,10.78,46.31,5.34,4.84,457.04,-2.73,764.42,219.76,5.61,51.17,49.14,-9.66,59.01,2587.64,5.61,1957.19,25.84,6.58,1561.38,49365.00,50320.00,53649.00,3.86,19.41,4.90,59.01
Cera Sanitary.,532443,CERA,INE739E01017,Consumer Durables,Sanitary Ware,5858.50,7555.70,320.92,11499.65,5797.32,13.08,46.70,54.41,45.31,-2.62,46.53,69.38,-41.41,54.99,23.67,56.65,0.00,36.62,546.41,11.99,2096.86,8.98,19.46,45.31,206.35,19.25,14.83,-16.53,9.32,3.73,211.89,115.60,5796.70,66.66,42.64,41.89,26.20,10.17,48.06,1465.89,815.01,757.88,23.54,5.13,485.98,131617.00,141006.00,152096.00,15.42,14.07,16.08,48.06
CESC,500084,CESC,INE486A01021,Power,Integrated Power Utilities,156.61,20748.07,4789.38,212.70,166.60,23.42,21670.57,52.11,402.00,3.88,387.00,439.00,-8.71,354.24,304.00,448.00,0.00,13.35,5657.47,7.41,18853.00,8.73,5.44,419.00,1554.00,10.88,12.04,12.77,7.64,0.62,4057.49,2581.44,166.71,1039.38,2.56,36.46,4041.86,2.51,5572.03,12397.12,154.30,9645.52,7.88,1.66,5485.00,346570.00,347619.00,408741.00,11.46,26.14,10.26,5572.03
CFF Fluid,543920,,INE0NJ001013,Aerospace & Defense,Aerospace & Defense,993.95,2084.72,59.45,1050.00,747.60,5.34,19.82,68.06,20.07,104.80,9.80,19.13,4.91,,,,0.00,53.15,,,208.74,43.40,59.64,20.07,39.22,23.50,18.95,64.51,19.19,-16.63,-26.05,-3.22,745.13,,,56.37,2.60,-12.82,43.55,245.24,0.00,273.59,34.67,7.83,104.61,5120.00,5441.00,3773.00,0.01,0.66,31.29,43.55
CG Power & Ind,500093,CGPOWER,INE067A01029,Electrical Equipment,Heavy Electrical Equipment,876.30,138080.69,1851.20,981.15,802.16,10.69,118.39,56.36,313.01,16.26,269.23,363.54,-15.18,383.37,283.91,284.44,0.00,108.50,3521.61,20.49,12820.71,21.42,13.99,308.28,1272.67,26.71,20.48,26.93,9.40,13.55,702.45,916.10,801.41,444.87,2.43,47.58,1259.12,6.58,1027.56,7655.49,453.27,7600.62,70.67,17.32,3280.81,533530.00,521349.00,492418.00,11.97,18.23,13.37,1027.56
Chalet Hotels,542399,CHALET,INE427F01016,Leisure Services,Hotels & Resorts,852.90,18673.61,1230.08,1082.00,827.80,20.95,2367.67,67.29,92.55,-54.44,203.15,163.03,-47.16,220.51,124.07,154.82,31.91,34.89,768.55,4.52,2387.48,6.05,-42.73,86.13,535.27,17.07,19.15,87.78,18.06,2.30,1066.86,950.39,827.55,338.47,10.07,56.99,186.21,5.56,308.50,3478.80,29.30,903.13,18.81,5.05,512.27,49687.00,52522.00,64175.00,4.26,24.99,3.45,308.50
Chambal Fert.,500085,CHAMBLFERT,INE085A01013,Fertilizers & Agrochemicals,Fertilizers,433.95,17406.33,2900.06,742.45,463.50,25.27,1067.50,61.34,523.61,-4.62,548.96,169.26,209.38,819.95,586.39,648.75,23.07,9.03,6987.25,8.96,20123.07,15.58,-11.77,523.60,1928.04,25.17,19.95,10.17,10.42,0.86,137.77,1393.90,463.80,975.78,20.47,38.10,236.32,9.17,557.37,10007.30,1080.66,5458.75,6.08,1.67,5027.02,264797.00,257533.00,252649.00,14.92,5.34,18.40,557.37
Chemplast Sanmar,543336,CHEMPLASTS,INE488A01050,Chemicals & Petrochemicals,Specialty Chemicals,175.14,2764.97,226.00,826.35,254.82,61.93,1951.84,54.99,-175.58,-173.28,-64.25,104.54,-286.91,-127.09,-119.20,-51.04,0.00,,1045.88,1.23,4248.55,-1.22,2.25,-175.58,-241.28,0.34,-6.80,-21.55,-15.61,0.75,294.29,171.67,255.62,-12.18,-8.04,36.81,723.99,-9.12,532.90,1675.57,7.65,1481.45,47.57,1.58,1124.66,64604.00,62594.00,66577.00,12.02,23.71,9.28,532.90
Choice Intl.,531358,CHOICEIN,INE102B01014,Finance,Holding Company,809.70,18058.51,425.43,860.50,739.05,5.90,907.65,53.66,55.30,22.83,45.02,60.31,-10.66,86.64,65.62,56.46,11.90,79.21,355.20,29.43,1194.29,26.47,32.04,60.61,227.97,17.96,16.13,32.48,19.56,-11.51,-267.05,-294.46,738.34,121.49,3.55,52.40,490.60,-14.47,518.96,1448.73,177.95,2653.16,40.75,10.79,309.79,25427.00,26091.00,25307.00,10.10,0.28,35.97,518.96
Chola Financial,504973,CHOLAHLDNG,INE149A01033,Finance,Investment Company,1574.20,29540.01,22052.52,2299.00,1647.56,23.73,210400.03,46.44,805.96,39.32,578.50,687.14,10.05,2236.08,1385.82,1214.27,0.02,11.07,11155.42,17.90,40889.97,17.54,19.55,1788.99,2668.75,9.75,17.47,21.10,16.10,-0.09,-30032.77,-34201.30,1648.30,6211.09,53.65,49.24,9679.85,-15.23,14975.78,15435.37,24968.30,22101.87,9.65,1.91,11113.57,44121.00,47752.00,50780.00,13.00,26.89,13.21,14975.78
Cholaman.Inv.&Fn,511243,CHOLAFIN,INE121A01024,Finance,Non Banking Financial Company (NBFC),1888.90,161951.23,21648.27,1952.50,1668.32,3.26,211069.61,49.23,1656.22,45.56,1137.83,1645.20,0.67,2195.61,1289.97,1159.61,0.00,28.16,8997.18,20.10,32662.59,19.64,21.87,1656.22,5751.00,9.71,19.35,29.14,18.70,-0.50,-30020.80,-32413.15,1666.11,6168.00,25.71,56.51,9500.75,-15.09,14695.08,30287.92,6645.81,17987.82,15.66,5.28,8856.29,151219.00,160428.00,183933.00,24.46,20.62,5.70,14695.08
CIAN Agro,519477,,INE052V01019,Agricultural Food & other Products,Edible Oil,1467.35,4106.51,520.64,3633.15,1371.24,59.61,1199.03,67.61,149.70,186.73,52.21,63.93,134.16,83.57,89.52,19.00,44.37,12.75,619.09,46.91,2310.18,51.75,14.85,149.70,322.15,12.27,10.81,245.40,25.52,2.04,375.09,281.47,1370.27,155.15,29.86,49.14,2.03,5.40,24.47,2126.63,21.36,1027.88,8.55,1.91,586.66,58062.00,40052.00,7266.00,0.07,0.12,32.21,24.47
CIE Automotive,532756,CIEINDIA,INE536H01010,Auto Components,Auto Components & Equipments,403.80,15311.12,1465.87,628.45,442.89,23.23,513.39,65.70,234.46,15.49,203.01,248.06,-5.51,285.51,204.31,213.94,0.00,17.08,2668.70,12.52,9997.34,12.50,10.62,235.62,896.49,14.74,11.80,14.53,8.95,1.08,1257.98,880.84,443.28,396.85,7.53,34.49,324.25,10.01,254.05,7364.49,770.67,3915.25,9.84,1.98,2620.55,110555.00,100114.00,121265.00,4.95,20.65,8.65,230.93
Cipla,500087,CIPLA,INE059A01026,Pharmaceuticals & Biotechnology,Pharmaceuticals,1438.00,116661.53,6388.29,1702.05,1412.59,14.05,613.77,29.22,789.05,-39.19,1297.62,554.64,44.80,1144.47,674.25,1353.37,0.00,32.60,7664.99,1.00,28324.40,1.85,2.33,785.55,3579.05,15.49,11.60,-33.63,11.03,2.38,3940.02,5004.98,1412.33,1508.84,14.17,47.92,799.84,7.22,1307.42,34270.39,8223.41,16466.44,18.91,3.37,7119.28,578679.00,584217.00,549655.00,20.20,34.35,15.93,1307.42
Citius Transnet,544753,CITIUSINVT,INE2Q7823014,Transport Infrastructure,"Road AssetsToll, Annuity, Hybrid-Annuity",113.60,6966.75,-3.15,115.36,107.18,1.53,,,-248.72,,,-3.15,-7795.87,,,,,,,,0.00,,,-248.72,-3.15,,,,-67.98,,,,107.12,,,70.89,,,,,,,,,365.86,,,,,,,
City Union Bank,532210,CUB,INE491A01021,Banks,Private Sector Bank,219.35,21765.41,5814.80,245.38,197.54,10.61,83634.75,0.00,382.57,25.06,305.92,359.56,6.40,486.30,332.16,328.59,0.00,15.51,2003.82,21.21,7249.42,19.81,23.65,382.57,1402.88,6.74,13.20,20.41,19.27,2.05,802.47,1128.30,197.32,1392.57,4.91,53.73,3092.70,0.76,5277.75,10490.56,18986.92,11693.77,16.64,2.06,1984.99,215181.00,207495.00,210298.00,18.65,44.84,36.50,5277.75
Clean Max Enviro,544717,CLEANMAX,INE647U01026,Power,Power Generation,1220.10,14314.81,1289.00,1536.00,1098.67,20.57,12684.32,49.43,48.52,441.69,-14.20,55.42,21.54,,21.18,35.60,20.02,91.26,,,2342.69,27.89,106.83,55.18,156.85,6.16,1.76,120.98,6.63,1.25,1731.24,1404.20,1097.45,,,38.11,1189.39,-16.72,2287.96,4626.56,136.75,3405.11,16.63,3.08,832.16,23620.00,31746.00,,11.21,14.67,24.70,2287.96
Clean Science,543318,CLEAN,INE227W01023,Chemicals & Petrochemicals,Specialty Chemicals,834.70,8891.48,388.22,2705.00,851.17,33.59,2.14,51.29,73.35,4.70,70.06,58.27,25.88,68.37,45.88,55.43,0.00,38.17,248.69,1.61,982.10,-0.35,10.52,73.35,232.93,20.68,15.32,-13.26,27.33,3.14,274.52,213.84,851.34,88.91,6.43,63.16,19.73,3.47,28.21,1573.14,404.94,481.15,22.56,5.60,268.43,241947.00,237113.00,225484.00,13.37,16.23,19.11,28.21
CMR Green Tech.,544777,CMRGREEN,INE00WV01027,Industrial Products,"Aluminium, Copper & Zinc Products",213.75,4681.87,468.49,275.40,235.91,22.39,1425.98,84.00,61.37,16.41,52.72,64.31,3.33,,48.50,,0.00,21.18,,,8640.19,29.61,64.92,68.18,212.40,13.98,14.63,47.84,2.18,-96.33,-409.95,-92.00,236.13,,,41.11,7.96,-11.21,8.82,1487.60,2.56,2751.22,13.02,,3122.73,72870.00,,,2.49,4.33,9.18,8.82
CMS Info Systems,543441,CMSINFO,INE925R01014,Commercial Services & Supplies,Diversified Commercial Services,249.55,4117.64,641.76,616.50,315.19,44.65,221.38,0.00,83.68,-10.58,93.58,77.69,5.84,86.91,57.40,73.35,0.00,13.72,621.66,2.14,2494.47,1.71,1.16,83.68,300.04,17.65,13.20,-20.04,13.18,0.83,389.59,482.53,315.85,151.99,5.27,38.15,295.66,8.78,154.59,2267.70,373.85,1566.49,6.42,1.69,634.70,156082.00,157083.00,177582.00,22.70,36.00,41.29,154.59
Coal India,533278,COALINDIA,INE522F01014,Consumable Fuels,Coal,402.50,248049.81,53277.08,544.70,427.76,18.07,14072.18,61.13,8852.11,0.63,8797.05,10839.18,-18.87,5708.38,7165.98,4262.64,0.00,7.95,33152.03,9.82,157855.72,6.10,7.77,8849.81,31203.02,34.97,28.16,-6.00,19.13,0.59,43214.60,30236.90,428.01,8246.52,9.26,31.23,34215.31,13.00,52574.37,112938.83,10225.88,121875.48,3.93,2.08,46254.80,2551169.00,2632588.00,2307450.00,10.37,22.20,6.18,52574.37
Cochin Shipyard,540678,COCHINSHIP,INE704P01025,Industrial Manufacturing,Ship Building & Allied Services,1489.00,39249.38,1080.39,2979.45,1527.50,24.79,1574.63,67.91,135.80,-27.71,187.86,216.40,-37.25,59.20,137.69,101.09,0.00,66.41,849.13,-10.74,4240.19,-11.58,-6.91,135.80,590.98,14.28,11.18,-30.47,14.92,8.86,-1252.84,-269.05,1527.89,108.31,2.25,56.05,3021.22,-14.38,2277.03,5761.29,474.82,10050.00,37.72,6.65,909.92,966293.00,986156.00,1011541.00,2.83,6.96,22.30,2277.03
Coforge,532541,COFORGE,INE591G01025,IT - Software,Computers - Software & Consulting,1882.00,83270.37,3009.00,2005.36,1525.70,5.41,727.80,0.00,557.24,96.31,283.85,652.73,-20.19,714.45,296.70,425.40,0.00,43.43,5540.34,39.01,18195.40,35.68,49.22,531.70,1917.42,23.50,21.41,97.53,10.34,5.90,1791.70,1237.10,1522.12,1034.28,15.73,71.89,883.20,8.48,1099.20,9470.40,0.00,5905.80,23.70,6.63,5527.70,340980.00,293510.00,185865.00,24.31,42.62,33.07,1099.20
Cohance Life,543064,COHANCE,INE03QK01018,Pharmaceuticals & Biotechnology,Pharmaceuticals,475.55,18163.93,461.08,1360.00,503.12,54.23,400.49,57.49,-24.12,-144.15,54.63,17.62,-643.80,6.38,29.02,66.39,94.56,168.70,433.97,-21.89,2141.50,-19.79,-23.13,-45.19,107.67,8.35,7.04,-77.48,-10.70,4.03,368.32,288.16,503.40,54.02,0.09,64.85,88.67,6.19,59.66,3873.03,528.55,1796.26,53.13,4.65,422.26,99149.00,85230.00,80910.00,6.50,20.09,15.92,59.66
Colab Platforms,542866,,INE317W01030,Finance,Other Financial Services,136.40,2782.56,6.47,204.60,107.30,33.33,1.88,33.88,1.42,18.33,1.20,0.79,79.75,,1.08,1.55,0.00,574.91,,,169.14,157.68,49.79,1.42,4.84,23.14,17.19,36.34,4.35,,-0.29,3.76,107.00,,,9.55,3.55,6.55,9.94,8.78,0.00,14.77,414.72,95.36,32.64,50191.00,50090.00,19522.00,0.13,0.00,65.99,9.94
Colgate-Palmoliv,500830,COLPAL,INE259A01022,Personal Products,Personal Care,1910.00,52048.95,1959.03,3893.00,2116.07,23.75,47.41,51.00,345.53,7.77,320.62,365.68,-2.90,456.18,323.86,327.51,0.00,38.03,1630.62,7.31,6204.28,3.79,11.80,343.08,1368.77,108.02,82.73,-1.77,21.55,2.89,1806.30,1394.46,2118.14,497.24,16.77,33.76,1095.13,82.94,1468.82,1556.91,0.00,2231.11,25.39,32.79,1603.30,326817.00,333741.00,305222.00,13.60,15.54,19.57,1468.82
Concord Biotech,543960,CONCORDBIO,INE338H01029,Pharmaceuticals & Biotechnology,Pharmaceuticals,1576.70,16519.81,408.66,2664.00,1328.74,12.50,0.63,44.08,61.19,43.74,42.57,90.02,-32.03,72.96,67.78,62.90,0.00,58.10,253.99,2.81,1111.60,-6.45,27.71,61.19,284.35,17.43,12.57,-20.42,23.49,5.38,263.78,244.52,1326.25,90.37,6.97,76.20,1.18,8.38,9.28,2009.29,487.69,843.15,36.33,8.17,260.52,83325.00,82249.00,82045.00,7.53,9.37,39.04,9.28
Concord Control,543619,,INE0N0J01014,Industrial Manufacturing,Industrial Products,2285.60,2373.23,62.53,3069.85,2350.74,25.55,53.99,65.57,24.88,73.02,14.38,16.02,55.31,,,,0.00,55.97,,,210.47,69.27,72.57,24.88,42.40,30.64,25.84,87.20,19.30,-17.16,-55.35,-6.98,2351.39,,,34.98,14.91,-11.57,16.68,198.66,24.43,235.29,38.55,11.35,128.93,1914.00,1883.00,1621.00,0.05,0.63,33.76,16.68
Confidence Petro,526829,CONFIPET,INE552D01024,Gas,LPG/CNG/PNG/LNG Supplier,72.16,2396.13,379.14,120.00,59.21,16.48,761.30,57.38,61.90,207.04,20.16,31.35,81.88,52.80,21.28,20.41,41.45,17.80,1875.28,90.77,6001.11,72.45,116.60,62.55,134.63,9.23,6.76,47.35,2.60,1.47,399.69,9.63,59.08,133.77,1.57,43.44,157.55,0.60,223.38,1385.26,7.35,1391.73,6.72,1.69,2408.53,100789.00,110008.00,113233.00,0.81,0.19,41.62,223.38
Container Corpn.,531344,CONCOR,INE111A01025,Transport Services,Logistics Solution Provider,519.00,39554.89,2314.13,955.16,505.48,8.92,964.57,54.80,266.74,0.08,266.54,262.65,2.05,344.95,334.98,379.98,0.00,31.85,2378.48,1.02,9085.10,1.65,0.28,268.90,1242.00,12.41,9.81,-6.15,12.45,2.15,1482.23,1711.54,505.34,523.96,4.49,56.25,3663.10,4.42,3487.32,12561.54,1068.61,4762.40,15.99,3.05,2159.76,357912.00,357604.00,340662.00,7.85,29.85,7.49,3487.32
Coromandel Inter,506395,COROMANDEL,INE169A01031,Fertilizers & Agrochemicals,Fertilizers,2004.80,59124.59,3471.23,2720.00,2068.31,19.81,1506.19,56.35,380.82,-24.59,505.01,175.46,232.83,854.09,488.47,793.44,0.01,31.66,11690.21,21.09,32602.01,23.50,15.94,381.56,1867.49,22.05,16.41,-5.97,4.67,2.91,1557.54,2463.61,2068.95,1178.16,28.89,41.14,3538.34,7.41,493.81,12528.39,2044.10,14007.14,17.16,4.71,8164.77,130118.00,137335.00,143623.00,11.50,19.92,12.07,493.81
Corona Remedies,544644,CORONA,INE02ZQ01018,Pharmaceuticals & Biotechnology,Pharmaceuticals,2165.80,13230.77,304.63,2270.10,1741.18,4.59,164.85,69.00,60.10,29.53,46.40,45.05,33.41,78.32,41.25,52.15,0.00,62.49,431.70,19.54,1479.07,18.16,21.90,60.10,211.73,33.29,29.53,27.94,14.23,6.81,229.48,190.49,1736.91,93.45,12.81,62.51,69.27,1.10,44.12,684.81,25.40,348.31,40.64,17.76,422.43,20185.00,19609.00,,3.63,12.90,14.47,44.12
Cosmo First,508814,COSMOFIRST,INE757A01017,Industrial Products,Packaging,938.45,2463.40,485.20,1428.00,789.20,9.97,1680.38,40.78,53.75,25.38,42.87,41.51,45.62,54.81,29.50,46.69,0.00,14.37,1267.68,37.94,4004.23,33.23,45.69,53.75,171.45,11.23,10.45,18.01,4.61,0.56,396.73,166.37,787.70,139.46,20.88,59.65,26.85,-4.11,58.83,1590.37,394.07,1524.31,7.91,1.52,1165.54,37610.00,36773.00,37518.00,2.40,1.49,54.21,58.83
Craftsman Auto,543276,CRAFTSMAN,INE00LO01017,Auto Components,Auto Components & Equipments,10690.50,27962.60,1285.77,10995.65,8287.73,2.78,3623.48,42.41,150.55,99.22,75.57,116.78,29.32,188.21,107.11,90.86,0.00,59.70,2704.35,35.11,8716.85,37.85,36.30,150.55,468.42,13.91,12.49,102.83,6.19,4.96,521.68,283.33,8263.59,418.80,71.96,63.95,123.23,-8.08,178.78,3252.13,13.54,3271.77,21.85,7.81,2431.58,64028.00,59164.00,65341.00,17.28,32.90,7.41,178.78
CreditAcc. Gram.,541770,CREDITACC,INE741K01010,Finance,Microfinance Institutions,1534.50,24643.50,3001.41,1796.00,1366.51,6.11,23641.13,66.21,493.39,719.72,60.19,339.55,45.31,413.34,252.09,125.81,0.00,20.35,1738.77,15.28,6379.52,11.86,21.92,493.39,1210.84,9.98,10.51,524.34,27.66,-0.85,-2770.36,1125.16,1364.82,981.03,25.77,51.39,1442.74,-7.30,1326.64,7682.02,1075.35,2016.27,12.89,3.13,1783.49,79071.00,83884.00,101902.00,13.48,12.67,7.64,1326.64
CRISIL,500092,CRISIL,INE007A01025,Finance,Other Financial Services,4478.60,32739.28,1128.76,6955.40,4375.46,17.51,334.66,66.64,216.46,26.16,171.57,233.26,-7.20,285.07,241.50,193.10,0.00,37.02,1140.23,25.13,4125.86,22.03,27.56,216.46,884.32,32.55,24.46,21.53,20.13,4.14,755.58,765.06,4374.43,333.61,38.98,55.30,304.45,21.74,323.34,3264.05,1000.01,2543.62,24.17,10.01,1075.39,88482.00,81755.00,68832.00,6.38,12.95,14.02,426.46
Crizac,544439,CRIZAC,INE0S4R01014,Retailing,Internet & Catalogue Retail,171.34,2997.63,314.66,387.95,227.23,55.83,1.84,79.94,47.13,2.88,45.81,75.04,-38.03,53.87,50.53,48.34,0.00,13.60,182.74,12.63,1033.83,15.17,-3.98,46.17,220.45,52.34,40.29,38.40,22.95,,144.14,183.58,227.79,58.52,3.08,28.52,173.91,18.22,165.04,549.60,31.00,574.42,9.02,5.13,201.21,62067.00,59200.00,207716.00,1.61,3.22,15.22,165.04
Crompton Gr. Con,539876,CROMPTON,INE299U01018,Consumer Durables,Household Appliances,252.00,16256.45,808.50,512.80,270.53,25.33,191.52,0.00,140.32,12.12,125.15,116.41,126.14,136.56,98.25,70.10,0.00,35.81,1785.70,9.44,7396.99,7.40,11.20,140.32,453.93,18.98,10.33,-14.47,6.94,1.97,637.42,716.04,270.72,172.79,2.12,47.06,338.84,17.27,170.03,3049.29,2072.51,2101.08,19.74,5.11,2022.47,305022.00,312417.00,260723.00,19.89,66.46,13.63,170.03
CSB Bank,542867,CSBBANK,INE679A01013,Banks,Private Sector Bank,320.90,5564.50,3742.64,574.70,369.26,44.16,51400.36,40.00,150.04,26.51,118.60,201.58,-25.57,245.39,152.67,160.33,0.00,8.37,1376.18,24.07,4751.57,24.84,23.67,150.04,664.62,7.05,13.46,10.94,11.66,-0.92,-313.65,-5255.52,369.75,764.52,14.14,41.50,3044.14,-2.84,3866.92,4720.75,11955.29,5139.16,13.88,1.14,1287.32,67652.00,65328.00,65044.00,12.63,15.07,30.11,3866.92
Cube Highways,543899,CUBEINVIT,INE0NR623014,Transport Infrastructure,"Road AssetsToll, Annuity, Hybrid-Annuity",157.20,21120.72,3182.20,165.00,142.12,4.73,17664.71,,61.11,13184.78,0.46,134.84,-54.73,162.62,41.04,40.22,50.26,76.19,1338.71,27.30,4421.24,27.80,19.31,61.11,277.21,6.44,1.38,808.43,5.42,0.98,3802.95,2916.36,141.97,968.18,1.21,51.41,1455.88,9.67,813.91,-3656.92,500.10,2880.22,11.33,2.16,1126.63,,,,,,,813.91
Cummins India,500480,CUMMINSIND,INE298A01020,Industrial Products,"Compressors, Pumps & Diesel Engines",5205.00,143731.90,3378.68,6142.80,4948.55,15.27,36.51,51.00,609.30,2.54,594.21,624.80,-6.18,680.20,486.06,622.33,0.00,58.92,3683.18,16.18,12662.38,15.30,17.86,609.30,2439.50,39.50,30.24,14.45,17.78,9.22,1734.26,1682.59,4945.97,744.91,24.54,35.80,2510.29,16.37,2374.07,8419.72,2153.22,6561.75,41.60,17.02,3426.01,173450.00,161993.00,159665.00,21.19,19.06,8.65,2374.07
Cupid,530843,CUPID,INE509F01029,Personal Products,Personal Care,282.43,38011.98,150.43,299.00,138.70,5.54,56.38,46.24,44.16,194.01,15.02,36.26,21.79,76.10,32.87,24.12,8.03,276.63,203.20,125.25,483.64,116.02,142.49,44.16,137.41,33.46,27.30,188.13,28.13,177.27,46.12,-11.14,137.26,79.67,0.57,67.24,68.57,-2.02,186.45,316.38,74.87,385.44,197.99,84.23,156.99,295432.00,209610.00,99813.00,4.17,0.34,49.23,186.45
Cyient,532175,CYIENT,INE136B01020,IT - Services,IT Enabled Services,903.05,10031.05,1068.20,2458.95,974.96,29.71,431.10,24.70,104.10,-32.31,153.80,68.85,65.95,141.89,97.20,142.90,0.00,24.61,1927.00,8.20,7632.10,3.19,21.26,108.70,407.55,12.28,8.61,-34.86,5.24,1.15,787.40,789.90,975.69,236.61,12.23,62.04,1314.20,10.51,1506.30,5626.30,457.40,4456.80,8.55,1.77,2075.70,226950.00,206248.00,209171.00,14.53,37.49,22.74,1506.30
Cyient DLM,543933,CYIENTDLM,INE055S01018,Aerospace & Defense,Aerospace & Defense,730.25,5803.45,163.29,883.80,481.52,4.52,172.27,52.11,16.29,118.36,7.46,22.44,-27.41,16.45,11.23,32.15,0.00,70.68,319.84,2.96,1356.86,-11.90,34.25,16.29,82.11,9.90,7.49,26.44,4.36,,53.90,-62.39,479.02,32.90,2.07,65.09,287.78,-5.68,125.80,932.74,30.23,1202.30,33.76,5.73,373.80,98926.00,104644.00,110618.00,0.24,29.19,18.45,125.80
D B Corp,533151,DBCORP,INE950I01011,Media,Print Media,206.31,3674.39,574.90,447.85,223.09,28.83,262.22,74.50,100.73,24.60,80.84,62.19,61.97,107.92,95.51,93.46,0.00,10.44,642.45,4.56,2399.81,3.95,7.92,100.73,351.89,18.28,14.31,5.37,16.68,0.74,365.21,414.32,223.26,141.08,6.05,42.36,1007.43,14.06,876.13,2250.56,67.35,1648.03,5.10,1.51,603.74,41178.00,40879.00,43259.00,11.85,4.24,9.41,876.13
D.P. Abhushan,544161,DPABHUSHAN,INE266Y01019,Consumer Durables,"Gems, Jewellery And Watches",1461.70,3338.23,309.67,1927.80,1230.62,12.64,290.04,74.89,64.45,76.96,36.42,50.60,27.37,119.77,73.35,51.46,0.00,13.92,1476.42,52.58,4377.16,30.80,57.74,64.45,239.86,39.57,40.87,93.37,7.56,-34.41,-97.31,-18.93,1228.30,129.04,52.47,59.86,22.90,-6.81,25.75,609.78,12.50,1051.24,10.34,5.27,852.40,10316.00,9315.00,9234.00,0.23,0.00,24.88,25.75
Dabur India,500096,DABUR,INE016A01026,Personal Products,Personal Care,400.00,71180.86,3029.23,672.00,457.79,30.68,1287.32,66.24,590.88,14.98,513.91,368.60,61.92,488.52,553.61,444.79,0.00,35.88,3456.37,8.31,13552.38,7.40,10.57,586.16,1983.72,20.28,17.00,11.36,15.57,2.88,2578.62,1986.75,458.37,648.53,2.75,32.69,578.01,13.41,562.07,11242.15,8947.26,4290.49,22.81,6.21,3764.39,479265.00,469624.00,520024.00,9.66,18.60,5.37,562.07
Dalmia Bharat,500097,DALMIASUG,INE495A01022,Agricultural Food & other Products,Sugar,508.10,4114.69,510.15,606.38,355.91,1.72,1803.17,74.92,7.72,-80.34,39.26,104.47,-93.32,11.80,69.56,23.32,0.00,20.06,923.93,-6.55,3525.39,-5.24,-9.85,6.91,205.17,8.18,7.30,-43.56,0.81,1.07,219.42,409.84,354.38,75.34,1.46,79.34,310.95,-1.78,331.71,3226.23,1338.61,2312.50,11.41,1.27,848.19,46453.00,45646.00,43981.00,0.52,0.27,24.13,331.71
Dalmia BharatLtd,542216,DALBHARAT,INE00R701025,Cement & Cement Products,Cement & Cement Products,1897.00,35581.27,3199.00,2548.40,1901.28,24.01,7406.00,55.84,322.70,-15.27,380.86,395.28,-51.27,252.24,128.00,239.00,0.00,32.39,3650.66,6.84,15058.00,7.60,6.99,192.00,1098.42,7.59,6.11,19.02,8.47,1.27,2278.00,2117.00,1901.32,737.47,13.17,65.72,158.00,-0.49,224.00,17941.00,5878.00,3672.00,12.89,1.98,3890.00,72957.00,63680.00,76773.00,6.81,19.95,17.26,224.00
Data Pattern,543428,DATAPATTNS,INE0IX101010,Aerospace & Defense,Aerospace & Defense,4700.20,26308.08,379.74,4955.90,3695.20,5.16,5.27,42.41,22.06,-13.49,25.50,138.38,-84.06,116.68,58.30,49.19,0.00,97.34,427.59,39.07,941.47,33.81,16.81,22.06,270.26,21.92,15.24,25.98,19.01,64.69,80.15,-89.88,3685.10,133.83,20.84,58.59,126.40,-2.79,93.83,1724.77,328.85,1139.36,65.88,15.16,116.03,214100.00,200453.00,230210.00,12.50,11.98,33.11,93.83
Datamatics Glob.,532528,DATAMATICS,INE365B01017,IT - Services,IT Enabled Services,820.90,4857.69,427.68,1120.00,790.65,22.12,220.93,66.33,72.32,43.55,50.38,58.97,61.27,76.47,36.34,63.39,0.00,19.14,545.40,11.25,2033.50,13.17,9.91,72.36,253.79,20.81,16.45,38.73,14.08,1.86,323.99,223.72,790.35,104.66,12.93,42.78,227.96,13.35,153.47,1514.38,638.90,1123.03,10.74,3.14,513.91,48772.00,48119.00,51102.00,0.50,0.10,33.07,153.47
DCB Bank,532772,DCBBANK,INE503A01015,Banks,Private Sector Bank,188.61,6081.40,6030.99,244.65,176.50,8.40,78669.71,16.22,213.20,35.57,157.26,205.65,3.67,308.02,184.74,183.91,0.00,7.72,2013.43,10.46,7575.21,11.48,9.41,213.20,787.50,7.40,11.96,22.81,10.74,0.36,6639.89,-441.00,176.37,1405.32,9.56,51.80,2352.62,2.64,3079.25,6213.09,20378.00,6542.24,13.46,0.93,1984.31,177116.00,181785.00,209881.00,13.48,32.28,38.03,3079.25
DCM Shriram,523367,DCMSHRIRAM,INE499A01024,Diversified,Diversified,1079.70,16831.47,1664.27,1502.30,1101.64,23.66,2923.17,66.53,618.37,445.40,113.38,345.26,87.01,192.93,212.64,158.72,0.00,12.29,3623.01,10.74,13840.48,11.05,9.27,693.44,1369.96,11.51,11.50,121.91,17.37,1.19,1233.80,1126.96,1101.86,369.90,12.36,65.81,986.08,0.40,854.43,7680.62,135.98,5501.44,10.91,2.18,3564.24,54377.00,55220.00,59672.00,3.89,8.45,20.44,854.43
DDev Plastiks,543547,DDEVPLSTIK,INE0HR601026,Chemicals & Petrochemicals,Specialty Chemicals,276.50,2861.13,320.27,458.50,271.62,23.19,56.83,74.99,63.79,22.32,52.15,54.52,17.00,60.05,48.04,47.11,0.00,13.40,801.60,17.86,3168.10,15.32,28.63,63.79,213.46,31.00,21.84,9.35,6.45,2.25,84.51,137.20,271.57,76.01,5.80,47.81,42.99,5.55,43.38,1002.95,21.42,1070.51,8.41,2.82,989.45,33896.00,33725.00,37985.00,1.47,0.09,23.46,43.38
Dec.Gold Mines,512068,DECNGOLD,INE945F01025,Non - Ferrous Metals,Precious Metals,242.66,4818.80,-44.81,249.20,154.96,2.62,51.02,20.53,-6.61,73.23,-24.69,7.62,-252.36,,-22.19,-19.88,0.00,,,,14.40,158.53,57.89,-8.73,-34.52,-13.09,-14.09,63.91,-1455.00,-11.88,-52.33,-50.70,154.08,,,66.97,18.27,-19.49,12.24,476.16,191.82,105.56,-150.44,9.68,0.60,61047.00,52123.00,40274.00,2.14,0.53,76.80,12.24
DEE Development,544198,DEEDEV,INE841L01016,Industrial Manufacturing,Industrial Products,622.25,4687.22,207.85,760.00,468.47,18.13,705.41,65.13,16.15,22.35,13.20,26.35,-41.91,28.05,18.55,17.79,0.00,57.17,374.66,38.76,1212.70,40.01,31.60,16.08,81.99,10.92,9.33,52.85,5.46,13.07,19.55,-60.16,466.93,62.69,3.73,42.55,47.56,-9.89,84.37,821.12,0.00,1160.39,24.12,4.84,294.46,44179.00,50143.00,50039.00,4.67,14.16,16.04,84.37
Deep Industries,543288,DEEPINDS,INE0FHS01024,Oil,Oil Equipment & Services,658.45,4223.26,424.45,721.35,485.73,8.72,202.98,63.49,85.36,45.12,58.82,193.92,1334.63,103.26,71.35,71.22,0.00,10.18,321.76,45.58,970.14,48.75,39.81,89.14,414.75,16.47,19.19,132.59,31.96,1.93,270.09,209.95,483.99,128.22,15.45,60.76,51.26,1.49,52.78,1967.16,141.85,700.55,9.47,2.11,278.92,37020.00,37304.00,39019.00,1.47,1.53,33.50,52.78
Deepak Fertilis.,500645,DEEPAKFERT,INE501A01019,Chemicals & Petrochemicals,Commodity Chemicals,1464.20,18503.17,1768.18,1778.60,1365.75,12.91,5670.28,45.63,490.04,101.52,243.17,139.39,251.56,428.17,141.49,214.02,5.47,18.80,3487.83,16.04,12103.54,13.63,22.47,490.04,984.12,11.42,10.90,0.30,15.05,1.64,206.23,1879.66,1364.76,646.97,33.92,39.44,443.77,-1.97,536.22,6718.33,133.41,5904.95,11.25,2.70,3256.26,178847.00,196724.00,208392.00,10.02,14.69,29.68,536.22
Deepak Nitrite,506401,DEEPAKNTR,INE288B01029,Chemicals & Petrochemicals,Specialty Chemicals,1750.40,23880.31,1032.06,3169.00,1696.33,8.09,1637.72,49.34,345.02,207.50,112.20,219.74,56.94,255.59,99.82,118.75,0.00,30.14,2206.34,16.01,8574.79,7.12,36.39,345.01,792.24,11.37,9.82,30.54,13.38,2.72,538.95,624.70,1695.78,340.61,18.74,54.97,406.56,-4.90,269.01,5809.55,213.28,2875.39,18.29,4.09,2577.60,382905.00,396798.00,416258.00,6.24,23.76,20.65,269.01
Delhivery,543529,DELHIVERY,INE148O01028,Transport Services,Logistics Solution Provider,450.10,33870.54,1005.83,708.45,448.31,14.14,1462.57,0.00,31.91,-64.95,91.05,70.90,-55.93,-97.31,39.59,-50.50,0.00,283.96,3212.69,25.53,11145.04,23.10,27.76,31.91,119.28,2.82,1.87,-40.00,1.09,8.06,911.46,567.36,448.29,149.37,-1.30,37.16,335.97,-2.14,244.34,9612.09,2961.49,4977.15,35.52,3.48,2930.73,175609.00,167299.00,177546.00,41.93,43.07,15.00,244.34
Devyani Intl.,543330,DEVYANI,INE872J01023,Leisure Services,Restaurants,147.79,18228.00,914.78,227.75,127.26,22.70,3833.15,61.37,14.65,277.58,3.88,-13.59,273.88,-15.26,-10.98,-23.95,0.00,,1593.01,15.71,5835.03,14.72,16.47,17.11,-7.77,4.75,-1.56,31.40,1.08,1.98,926.52,900.22,127.06,241.87,-0.11,75.09,181.37,7.82,494.80,1418.53,2.46,852.42,22.74,11.82,1580.52,252889.00,252963.00,245827.00,6.81,18.84,12.97,494.80
Dhanuka Agritech,507717,DHANUKA,INE435G01025,Fertilizers & Agrochemicals,Pesticides & Agrochemicals,996.30,4436.43,443.08,1975.00,1127.50,39.78,30.64,69.81,36.30,-34.59,55.50,97.77,-62.87,83.29,40.00,93.97,0.00,16.55,571.25,-4.51,1953.44,-5.62,-12.56,36.30,268.04,23.76,18.46,-11.70,7.86,2.13,196.20,262.66,1128.82,103.14,18.68,40.40,1.38,6.03,19.68,1672.86,371.25,1240.43,10.61,2.67,461.93,42508.00,38445.00,41813.00,1.64,18.71,9.83,19.68
Dhenu Buildcon,501945,,INE758D01027,Finance,Non Banking Financial Company (NBFC),7.07,4195.19,0.45,165.10,8.05,39.00,160.00,0.04,0.84,180.00,0.30,-2.05,131.70,,0.81,0.24,0.00,,,,1.61,403.12,283.87,0.84,-0.16,0.04,-0.23,-900.00,70.59,-83.57,-0.99,-19.82,8.06,,,21.81,0.02,-0.65,0.04,248.09,0.00,0.04,3690.81,4.99,1.19,1895.00,1895.00,1675.00,0.00,0.00,99.96,0.04
Dhoot Transmission,544867,DHOOTTRANS,INE01NH01023,Auto Components,Auto Components & Equipments,1468.65,30068.79,751.36,1495.00,1193.15,1.76,918.29,82.78,,,,,,,,,,73.06,,,4524.96,31.35,,,411.54,24.36,24.01,16.26,,,347.66,320.21,1190.38,,,,52.79,-0.99,1095.85,2396.65,0.01,2619.89,39.78,,,746831.00,,,2.30,5.84,9.08,1095.85
Diamond Power,522163,DIACABS,INE989C01038,Electrical Equipment,Other Electrical Equipment,353.90,21186.36,202.17,379.00,199.96,6.62,2459.59,84.02,57.09,197.81,19.17,57.21,6.69,71.76,46.00,25.19,0.00,114.22,940.71,111.25,2348.19,96.48,132.98,57.09,185.49,24.20,,396.76,8.07,-4.56,-12.15,80.55,198.41,91.67,1.20,66.14,12.64,-1.32,46.03,-667.26,3.00,924.54,95.58,,707.31,64103.00,52727.00,48474.00,1.77,0.23,13.98,46.03
Dilip Buildcon,540047,DBL,INE917M01012,Construction,Civil Construction,415.00,6743.89,2281.16,1248.35,444.81,29.41,8041.43,63.14,112.92,-1.98,115.21,60.90,3.38,25.34,788.98,214.07,14.16,12.07,1598.73,-16.99,8741.38,-19.08,-9.26,128.01,558.63,13.32,10.29,21.88,5.38,0.39,1204.20,131.00,445.11,324.56,1.38,43.85,1158.34,-16.49,327.52,6666.66,1557.02,9402.07,7.15,0.99,2377.78,59900.00,61010.00,64301.00,1.99,6.12,28.75,327.52
Dishman Carbogen,540701,DCAL,INE385W01011,Pharmaceuticals & Biotechnology,Pharmaceuticals,172.41,2705.45,621.57,396.55,199.30,46.45,3076.06,59.32,-56.41,-327.64,24.78,22.25,-366.24,-8.93,-12.97,65.27,0.00,149.14,682.05,4.50,2901.49,0.20,-4.29,-57.88,18.14,3.15,1.58,-84.73,-8.32,0.58,491.45,375.23,199.58,110.74,-0.57,38.55,507.03,1.71,991.21,6645.54,91.45,2842.10,8.96,0.40,677.64,49430.00,49009.00,49744.00,6.86,2.06,31.76,991.21
Divgi Torq,543812,DIVGIITTS,INE753U01022,Auto Components,Auto Components & Equipments,1263.45,3862.32,92.30,1318.80,800.66,4.20,1.77,60.56,25.24,182.64,8.93,15.48,63.05,23.00,11.77,10.75,0.00,61.07,152.45,83.75,418.35,76.99,91.32,25.24,63.24,10.21,7.62,131.14,18.40,7.70,41.08,35.21,796.01,34.45,7.52,75.46,284.83,-2.13,294.52,620.17,0.05,450.23,31.08,6.08,137.14,17929.00,18093.00,20784.00,1.86,26.16,11.42,294.52
Divi's Lab.,532488,DIVISLAB,INE361B01024,Pharmaceuticals & Biotechnology,Pharmaceuticals,8570.00,228440.61,3949.00,8674.00,6798.52,1.20,7.00,51.88,902.00,65.50,545.00,751.00,20.11,1009.03,583.00,689.00,0.00,76.68,3216.80,18.48,11230.00,16.35,27.80,902.00,2979.27,21.97,16.53,29.20,29.29,9.12,2738.00,1653.00,6780.71,1156.17,38.01,72.73,3715.00,1.46,3414.00,16708.00,69.00,11096.00,50.92,13.57,3080.00,226324.00,228006.00,259825.00,20.19,19.29,8.53,3414.00
Dixon Technolog.,540699,DIXON,INE935N01020,Consumer Durables,Consumer Electronics,14850.00,90589.35,2601.01,19149.80,12826.21,19.61,994.22,28.55,663.42,194.89,224.97,256.41,140.91,431.54,320.56,745.70,0.00,48.26,16973.73,14.26,51584.80,14.34,21.13,717.83,1877.09,41.97,37.43,118.75,4.62,8.03,1782.29,1149.75,12805.87,594.96,65.23,67.79,263.53,6.30,941.06,4664.51,1006.84,13515.39,29.14,19.31,15547.66,470189.00,470326.00,408369.00,17.87,28.38,25.20,941.06
DLF,532868,DLF,INE271C01023,Realty,"Residential, Commercial Projects",676.15,168070.69,3064.70,1225.00,648.41,14.93,305.89,74.08,793.90,4.09,762.67,1240.95,-37.42,155.34,1203.36,1180.09,0.00,39.06,1241.51,-24.44,6757.66,-27.71,-52.87,793.90,4302.84,6.32,9.50,1.63,62.01,3.48,6347.38,5235.22,648.14,200.09,0.63,58.55,4338.08,10.49,7746.40,44978.31,21692.19,38849.28,55.06,3.68,1280.34,500743.00,506572.00,483029.00,12.31,8.03,5.56,7746.40
Dodla Dairy,543306,DODLA,INE021O01019,Food Products,Dairy Products,1138.00,6868.10,348.21,1525.00,1127.03,24.13,56.99,58.92,40.64,-35.36,62.87,66.61,-41.72,58.37,68.74,65.67,0.00,27.77,1183.98,16.21,4316.27,13.13,18.98,40.64,247.35,16.72,16.45,-4.05,3.39,2.40,294.86,519.79,1126.92,83.36,9.68,67.09,101.59,9.27,237.94,1613.75,411.41,442.35,19.22,4.10,1197.94,33213.00,33649.00,37798.00,6.08,25.85,9.16,237.94
Dolphin Offshore,522261,DOLPHIN,INE920A01037,Oil,Offshore Support Solution Drilling,621.60,2486.68,89.80,948.75,412.53,5.28,203.21,74.99,14.81,30.71,11.33,28.33,-47.72,25.47,13.27,15.61,0.00,34.53,53.25,116.30,142.83,73.95,160.64,14.81,72.02,14.92,21.90,43.29,34.56,18.40,45.34,10.47,410.43,36.44,6.37,89.58,8.42,-12.00,9.96,349.43,33.79,248.83,26.93,7.04,42.85,13344.00,13892.00,13526.00,4.57,0.31,20.13,9.96
DOMS Industries,544045,DOMS,INE321T01012,Household Products,Stationary,2209.90,13389.23,420.97,3115.00,2335.20,20.22,141.26,63.38,44.49,-22.33,57.28,56.74,-22.20,76.64,61.41,60.86,0.00,61.59,677.69,19.33,2434.59,19.94,19.25,45.28,217.40,24.32,20.69,4.63,6.75,6.34,254.34,183.33,2336.46,104.77,12.41,42.00,225.37,-0.94,61.79,1159.04,1.50,639.35,33.30,11.00,670.51,60383.00,57685.00,69946.00,7.50,25.91,3.20,61.79
Dr Agarwal's Eye,526783,DRAGARWQ,INE934C01018,Healthcare Services,Hospital,5307.00,2570.40,151.13,7300.00,4972.96,16.97,326.13,72.67,23.38,35.46,17.26,16.24,43.97,28.34,17.28,19.32,7.67,33.72,142.48,21.03,496.92,20.01,22.28,23.38,76.22,17.36,25.22,31.87,16.35,2.26,145.14,94.48,4969.60,44.63,58.65,58.91,12.17,3.22,6.71,341.47,89.06,136.54,18.24,7.41,142.97,22954.00,24036.00,35976.00,2.24,2.05,23.03,6.71
Dr Agarwal's Hea,544350,AGARWALEYE,INE943P01029,Healthcare Services,Hospital,503.10,16018.21,614.01,568.00,468.76,11.43,1066.20,32.34,45.23,50.52,30.05,39.02,10.13,65.31,43.63,36.49,0.00,108.47,617.72,23.87,2206.68,22.94,25.97,55.02,147.68,11.12,6.81,43.47,8.96,3.95,518.99,360.33,468.41,170.63,1.69,50.71,258.13,2.38,129.22,1993.78,152.34,572.97,26.10,7.87,614.02,42492.00,43538.00,63021.00,57.97,7.72,1.97,129.22
Dr Lal Pathlabs,539524,LALPATHLAB,INE600L01024,Healthcare Services,Healthcare Service Provider,1889.40,31720.08,876.36,2122.75,1596.15,5.02,198.99,53.19,169.50,28.02,132.40,131.30,28.97,195.80,91.40,152.20,0.00,56.42,847.60,16.01,2890.80,14.29,19.10,170.50,562.23,28.00,22.30,9.57,21.37,4.80,635.61,568.89,1593.20,253.07,11.60,56.92,838.68,19.03,909.54,2340.58,422.59,1143.90,32.89,12.62,797.70,111037.00,114527.00,118656.00,17.35,21.59,7.48,909.54
Dr Reddy's Labs,500124,DRREDDY,INE089A01031,Pharmaceuticals & Biotechnology,Pharmaceuticals,1180.00,98407.64,7570.60,1421.49,1252.29,16.60,7734.10,26.63,444.30,-68.67,1418.10,220.90,96.84,677.84,1189.60,1336.80,0.00,30.54,8530.31,-3.38,33227.90,-0.87,-5.51,435.60,3222.20,13.04,11.22,-43.28,5.38,1.67,5673.70,4642.80,1253.02,1351.84,8.12,44.56,2460.20,4.13,3348.70,37808.00,5284.80,26356.00,15.63,2.60,8099.80,446086.00,449665.00,451929.00,20.67,31.75,20.76,3348.70
Dredging Corpn.,523618,DREDGECORP,INE506A01018,Engineering Services,Dredging,1118.30,3134.93,253.46,1457.95,979.61,13.04,1105.53,73.47,11.24,148.18,-23.33,86.91,-87.07,-9.86,-24.63,-34.18,0.00,79.69,249.15,17.64,1321.53,7.13,46.73,11.24,39.34,4.28,0.39,205.92,3.16,1.57,142.40,111.95,978.21,40.29,-3.52,53.01,48.14,-10.39,143.34,1216.55,0.00,990.85,15.50,2.52,355.43,49078.00,48530.00,48128.00,1.03,6.68,18.79,80.19
Dynamatic Tech.,505242,DYNAMATECH,INE221B01012,Industrial Manufacturing,Industrial Products,11765.00,8001.97,212.39,12875.00,9890.08,8.62,637.89,41.50,20.79,93.04,10.77,17.84,65.53,19.72,5.77,3.31,0.00,136.58,462.18,17.79,1675.22,17.28,14.53,20.79,58.59,9.98,6.62,38.12,4.89,5.56,95.34,144.33,9871.24,56.20,31.09,65.95,45.90,3.19,67.65,786.73,0.33,925.13,38.01,9.40,424.81,25288.00,26206.00,19403.00,10.26,15.86,32.38,67.65
Dynamic Cables,540795,DYCL,INE600Y01019,Industrial Products,Cables - Electricals,453.60,2199.56,134.04,547.51,359.31,12.77,43.09,68.18,24.95,37.01,18.21,24.17,3.23,31.21,22.42,19.64,0.00,24.12,341.50,21.29,1284.89,19.10,33.22,24.95,91.18,26.21,19.92,27.67,7.15,4.18,61.59,56.32,358.36,37.36,6.44,63.72,31.87,1.17,28.21,408.78,30.62,514.27,15.19,4.81,349.10,51019.00,48957.00,45876.00,0.67,0.98,30.17,28.21
E2E Networks,544783,E2E,INE255Z01027,IT - Services,IT Enabled Services,623.85,12784.68,160.27,698.00,362.07,10.62,159.08,39.45,43.88,1645.07,-2.84,6.44,581.37,-19.56,-5.70,-13.46,0.00,410.29,152.32,247.77,366.22,130.70,334.12,43.88,31.16,-0.51,-0.95,-9.71,27.99,16.24,122.06,88.47,359.44,88.80,-0.95,62.22,1356.94,-24.32,365.93,1664.50,0.00,608.48,47.63,7.61,156.76,86433.00,68946.00,50655.00,1.27,6.07,53.15,365.93
Easy Trip Plann.,543272,EASEMYTRIP,INE07O001026,Leisure Services,"Tour, Travel Related Services",6.09,2422.69,21.11,36.75,7.75,42.55,35.45,43.56,-11.41,-964.39,1.32,-13.58,24.14,-11.01,3.41,-36.04,5.97,,128.40,8.50,556.62,1.48,18.38,-11.69,-15.39,0.63,-0.71,-120.20,-8.68,7.30,-4.07,111.82,7.77,-5.65,-0.03,31.75,143.28,1.65,86.94,437.65,172.48,682.68,294.93,2.76,134.71,991281.00,1015650.00,1089618.00,5.95,1.99,48.49,86.94
eClerx Services,532927,ECLERX,INE738I01010,Commercial Services & Supplies,Business Process Outsourcing (BPO)/ Knowledge Process Outsourcing (KPO),1804.80,16974.74,1141.74,2497.50,1740.91,27.74,384.95,54.53,164.34,15.99,141.68,189.36,-13.40,243.03,191.81,183.46,0.00,23.29,1240.62,23.46,4334.83,23.20,23.31,164.24,728.87,34.42,28.36,27.61,14.25,2.27,873.47,654.62,1740.27,312.30,25.84,50.37,739.13,20.86,737.99,2469.37,307.85,2106.20,13.84,6.63,1152.36,74342.00,67142.00,66300.00,11.01,23.84,8.43,737.99
Edelweiss.Fin.,532922,EDELWEISS,INE532F01054,Finance,Holding Company,126.62,11977.14,3561.25,202.63,114.37,5.44,18595.00,32.26,122.22,83.05,66.77,87.60,1.83,147.92,270.36,175.45,6.68,19.02,2614.12,40.48,10507.90,13.98,3.69,134.37,629.70,14.10,13.52,54.83,5.77,0.33,897.24,2051.75,114.25,742.32,1.42,62.88,5240.68,7.59,3479.86,4528.47,19881.35,8114.74,7.86,2.59,2328.50,352071.00,375474.00,261894.00,19.47,7.25,41.01,3479.86
EFC (I),512008,EFCIL,INE886D01026,Commercial Services & Supplies,Diversified Commercial Services,190.66,2829.78,485.38,367.94,218.17,44.29,1405.92,56.08,69.00,58.91,43.42,69.40,2.89,98.86,62.42,56.72,0.00,11.00,352.89,38.61,1099.94,42.05,28.80,70.85,257.14,19.85,34.30,60.33,25.05,7.59,55.97,133.68,218.45,155.01,6.51,54.00,141.22,0.48,88.29,779.80,0.00,736.20,8.07,3.49,282.88,25889.00,24347.00,21021.00,1.26,8.88,33.78,88.29
Eicher Motors,505200,EICHERMOT,INE066A01021,Automobiles,2/3 Wheelers,8042.00,221567.56,8070.88,8232.80,7208.48,2.32,513.95,49.03,1462.51,21.35,1205.22,1519.95,-3.78,1601.37,1420.61,1369.45,0.00,38.09,7818.56,26.69,24998.14,28.07,31.55,1462.51,5816.45,30.53,23.96,20.22,22.05,5.26,4804.84,3979.92,7200.11,1913.57,58.33,61.13,263.01,13.23,256.04,25072.72,17495.94,6722.28,26.13,8.79,6632.42,283648.00,280399.00,254118.00,25.52,15.97,9.40,256.04
EID Parry,500125,EIDPARRY,INE126A01031,Food Products,Other Food Products,810.25,14417.03,3652.58,1246.80,841.01,32.28,3528.07,41.28,141.60,-42.50,246.28,13.82,208.47,764.96,437.00,766.16,0.00,17.76,13087.36,12.58,38836.49,15.65,3.41,311.50,811.98,16.96,7.85,-9.58,3.45,0.71,1541.51,1936.39,841.32,1173.60,19.54,59.93,3691.01,4.65,1308.52,8748.33,2476.56,16716.78,4.52,1.64,9017.52,124851.00,112287.00,118705.00,11.21,16.67,30.84,1308.52
EIH,500840,EIHOTEL,INE230A01023,Leisure Services,Hotels & Resorts,299.90,18760.97,1245.27,566.00,331.63,31.03,252.42,32.85,117.14,-1.91,119.42,237.62,-51.70,153.43,254.75,116.56,0.00,25.84,658.05,10.05,3023.01,8.34,14.54,120.31,726.07,20.67,14.48,-7.56,18.31,2.40,992.93,825.08,331.95,192.14,2.39,36.12,912.13,7.14,933.96,5137.21,655.96,1377.75,14.41,3.56,656.96,121473.00,120134.00,128188.00,6.65,13.78,46.73,933.96
Elantas Beck,500123,ELANTAS,INE280B01018,Chemicals & Petrochemicals,Specialty Chemicals,11599.50,9189.78,220.12,14980.00,9798.07,12.13,0.00,75.00,70.86,80.35,39.29,31.08,127.99,56.40,39.37,36.26,0.00,51.75,263.21,21.55,937.31,17.66,34.99,70.86,177.57,21.21,15.73,33.54,25.00,8.45,127.11,63.22,9779.96,63.26,71.14,62.64,153.39,4.83,69.11,1096.02,641.62,1024.26,34.99,8.33,283.39,9155.00,9307.00,8754.00,0.05,12.28,12.67,76.60
Elcid Investment,503681,ELCIDIN,INE927X01018,Finance,Investment Company,109000.00,2175.29,129.12,332399.95,116404.24,24.57,0.00,75.00,57.57,-18.48,70.62,-41.22,239.67,,47.38,31.74,0.00,22.79,,744.67,115.39,-8.11,-20.20,57.57,95.47,1.43,1.21,8.91,78.44,2.56,69.65,94.10,116478.66,,,38.99,2.33,0.81,2.32,8673.25,9954.74,5.16,19.64,0.25,73.39,2621.00,2616.00,2833.00,0.00,0.06,24.95,2.32
Elecon Engg.Co,505700,ELECON,INE205B01031,Electrical Equipment,Heavy Electrical Equipment,451.70,10138.51,600.54,739.10,483.48,28.86,272.65,59.28,70.35,-34.57,107.52,72.28,1072.50,88.46,71.99,87.72,0.00,33.53,588.62,1.81,2396.04,3.05,6.11,70.35,302.34,20.86,16.43,-32.70,13.51,2.48,314.22,425.41,483.80,124.39,3.94,51.79,358.44,12.87,212.64,2283.41,742.75,1360.33,17.63,4.40,520.56,116624.00,122574.00,115501.00,6.99,7.18,26.52,212.64
Electronics Mart,543626,EMIL,INE02YR01019,Retailing,Diversified Retail,191.06,7354.48,446.40,262.00,126.18,2.94,1996.98,65.17,120.64,351.33,26.73,36.83,203.65,65.05,29.65,16.14,0.00,37.50,1989.59,25.06,7862.82,20.15,39.07,120.64,196.12,8.14,6.50,77.81,4.99,3.29,443.71,175.79,125.53,143.91,1.69,80.69,30.53,1.28,49.75,1241.39,0.00,1679.47,16.13,4.52,2418.95,104678.00,109259.00,114132.00,4.77,20.89,9.16,49.75
Electrost.Cast.,500128,ELECTCAST,INE086A01029,Industrial Products,Iron & Steel Products,71.89,4447.85,557.08,236.65,80.93,33.87,1561.06,50.14,48.32,-45.74,89.05,15.98,202.50,8.08,-21.87,78.29,10.54,27.96,1216.01,-12.88,5785.91,-15.73,-8.48,48.37,159.09,5.00,3.04,-72.22,3.39,0.68,1146.63,480.45,81.02,72.13,0.13,45.32,205.63,7.84,332.70,5861.50,577.78,4170.25,11.03,0.75,1425.57,179894.00,176913.00,182189.00,12.80,0.37,36.47,332.70
Elgi Equipments,522074,ELGIEQUIP,INE285A01027,Industrial Products,"Compressors, Pumps & Diesel Engines",632.45,20031.92,660.40,799.00,546.91,1.79,533.10,31.19,108.71,27.00,85.60,128.00,-19.30,134.91,95.20,121.40,0.88,43.17,1136.66,17.42,4146.20,15.94,22.56,103.30,463.99,22.07,19.00,27.86,10.23,5.88,453.50,390.90,546.05,166.35,4.26,65.03,874.50,11.38,718.00,2200.20,164.60,2367.90,26.92,8.98,1062.20,89318.00,89695.00,76951.00,21.90,10.12,36.30,718.00
Elitecon Inter.,539533,ELITECON,INE669R01026,Cigarettes & Tobacco Products,Cigarettes & Tobacco Products,16.79,2687.07,71.61,422.65,52.44,96.03,375.99,59.43,103.57,676.39,13.34,101.88,-11.63,,72.08,42.97,0.00,8.38,,,4771.38,,1750.04,103.57,320.50,,43.47,,5.95,,-0.03,,52.80,,,37.01,,,2.67,185.86,0.00,1792.78,7.33,7.76,1741.26,79969.00,68751.00,17461.00,36.43,0.00,4.14,10.94
Ellen.Indl.Gas,544421,ELLEN,INE236E01022,Chemicals & Petrochemicals,Industrial Gases,324.35,4578.21,166.27,651.40,302.32,42.06,184.42,77.15,34.96,86.85,18.71,22.88,52.80,27.80,26.09,36.72,0.00,37.95,100.32,12.51,356.67,8.47,18.04,34.96,120.65,15.23,14.20,40.60,35.41,7.88,132.55,4.28,302.09,36.20,1.97,64.20,3.02,-4.64,72.17,948.95,397.23,298.96,25.57,4.68,98.72,54735.00,52776.00,208118.00,1.08,11.63,10.15,72.17
Elpro Internatio,504000,ELPROINTL,INE579B01039,Realty,"Residential, Commercial Projects",176.44,3001.43,221.79,183.35,132.89,3.77,1208.96,75.00,116.14,56.27,74.32,-91.97,226.28,,93.80,11.22,77.33,23.23,,764.76,567.12,53.55,39.09,116.14,129.19,6.57,4.30,39.09,83.73,9.19,69.10,218.59,132.45,,,56.02,3.42,-0.08,40.79,2013.54,2387.79,528.06,14.02,1.47,138.70,12807.00,15801.00,17485.00,7.05,0.06,17.89,40.79
Emami,531162,EMAMILTD,INE548C01032,Personal Products,Personal Care,407.40,17774.14,1001.29,860.00,453.89,35.81,161.92,54.84,137.35,-16.38,164.26,143.18,-2.95,151.70,319.48,148.35,16.23,23.46,850.55,6.52,3914.63,2.82,14.95,138.94,757.49,28.09,26.17,-7.41,13.37,1.84,800.53,895.86,454.36,196.39,3.44,51.47,272.90,26.96,409.84,2880.33,834.31,1462.98,16.63,6.08,1039.21,131617.00,127615.00,126599.00,7.87,27.00,10.28,409.84
Embassy Develop,532832,EMBDL,INE069I01010,Realty,"Residential, Commercial Projects",63.08,8763.68,-308.74,788.49,69.11,40.32,5322.14,42.65,-234.29,-41.27,-165.85,-327.79,27.53,-247.34,-233.34,-152.62,64.87,,256.20,-48.04,1265.10,-46.63,-68.17,-234.40,-943.84,-2.44,-9.19,-1333.75,-108.14,4.29,44.48,1460.87,69.17,-115.40,-1.78,52.31,414.61,2.98,1001.83,9589.92,164.53,14120.61,-31.81,0.89,216.75,257137.00,262132.00,270360.00,23.43,3.02,30.85,1001.83
Embassy Off.REIT,542602,EMBASSY,INE041025011,Realty,Real Estate Investment Trusts (REITs),435.24,41235.30,3680.10,512.00,429.29,5.79,22535.31,,195.22,25.81,155.17,-430.02,145.40,241.85,381.22,232.18,0.00,168.10,1290.73,14.79,4763.38,14.38,17.08,195.22,245.30,5.61,1.26,-84.68,15.73,1.17,3521.73,3079.32,429.23,992.74,2.55,43.45,676.59,3.49,980.38,-8046.03,2927.55,1469.64,16.27,1.99,1240.81,,,,,,,980.38
Emcure Pharma,544210,EMCURE,INE168P01015,Pharmaceuticals & Biotechnology,Pharmaceuticals,1881.40,35616.74,1877.21,2048.00,1651.17,8.13,1557.99,77.83,293.98,40.45,209.32,236.47,20.01,400.84,231.37,251.37,0.04,34.58,2716.37,19.67,9683.45,18.36,22.85,292.49,1030.06,23.97,20.13,36.79,11.33,3.23,943.55,851.71,1648.85,560.31,21.13,45.62,165.30,9.16,147.52,4760.44,19.70,5612.10,18.59,7.21,2580.45,124991.00,122189.00,133549.00,4.87,8.46,8.84,147.52
Emmvee Photovol.,544608,EMMVEE,INE1C6T01020,Electrical Equipment,Other Electrical Equipment,325.60,22542.76,1787.89,371.55,272.73,12.37,360.06,80.03,380.29,102.64,187.67,392.38,-3.08,570.75,263.64,237.86,0.00,17.69,1983.50,75.38,5577.58,84.07,51.34,380.29,1274.17,44.83,51.12,140.80,24.45,7.29,200.14,613.75,272.20,695.14,8.24,51.30,324.12,-12.56,353.65,3556.47,57.36,3059.68,11.35,6.10,1555.52,132931.00,93389.00,,2.92,9.80,7.24,353.65
EMS,543983,EMSLIMITED,INE0OV601013,Other Utilities,Waste Management,405.00,2247.86,152.68,1016.85,401.79,31.93,154.25,69.70,15.48,-59.13,37.88,5.59,171.28,13.90,19.29,28.14,21.95,32.99,114.39,-34.07,651.59,-34.02,-34.18,15.49,68.14,12.51,8.91,-63.09,9.85,-12.76,-14.90,33.54,401.76,20.66,2.50,54.47,161.66,-5.86,58.95,999.88,10.39,812.29,18.84,2.13,157.24,120731.00,119086.00,129977.00,0.14,0.05,30.10,58.95
eMudhra,543533,EMUDHRA,INE01QM01018,IT - Services,IT Enabled Services,550.00,4562.17,166.72,1024.00,523.22,27.96,28.78,54.40,32.15,29.22,24.88,28.96,8.22,40.46,29.00,26.45,0.00,39.65,225.93,30.68,745.01,29.74,29.48,32.00,115.06,15.69,12.63,25.52,16.78,5.04,132.85,101.62,522.95,54.55,4.89,67.79,107.31,-1.39,65.20,870.11,46.04,391.32,24.60,5.00,190.72,70010.00,69646.00,79507.00,3.92,10.55,31.12,65.20
Endurance Tech.,540153,ENDURANCE,INE913H01037,Auto Components,Auto Components & Equipments,3001.70,42243.97,2054.16,3079.90,2616.44,2.54,1326.66,75.00,244.52,8.03,226.35,276.45,-11.55,356.08,221.64,227.27,0.00,42.90,4696.98,31.10,15591.88,29.35,30.01,244.52,984.61,17.80,14.87,15.93,5.67,2.80,1850.72,1531.69,2612.56,612.37,25.31,63.25,1018.90,6.10,874.81,6700.16,1030.69,4333.21,19.59,6.17,4314.89,90114.00,87362.00,84618.00,12.69,10.06,2.24,874.81
Energy InfrTrust,542543,,INE05KD23015,Gas,Gas Transmission/Marketing,74.10,4920.24,1540.98,103.00,80.18,27.35,6601.82,,-6.55,-120.73,31.59,47.68,-113.74,,13.93,24.65,,61.73,,,3972.40,-1.95,12.93,-6.55,79.71,5.39,11.46,426.16,-0.60,0.23,1688.07,1181.53,80.25,,,40.73,810.03,14.13,885.60,-6144.54,365.63,1614.06,7.04,9.93,1095.12,,,,,,,885.60
Engineers India,532178,ENGINERSIN,INE510A01028,Construction,Civil Construction,237.21,13329.39,938.33,304.00,221.74,11.16,16.81,51.32,157.94,141.50,65.40,195.53,-19.22,159.26,347.17,83.49,0.00,17.00,1048.73,13.83,3877.66,16.30,-5.80,157.94,784.13,30.63,23.79,41.65,19.26,9.10,319.02,109.23,221.59,171.41,2.83,50.62,1326.90,5.79,1363.90,2864.71,1605.89,3478.18,11.20,4.24,819.84,390132.00,421564.00,432381.00,9.17,14.22,25.24,1363.90
Entero Healthcar,544122,ENTERO,INE010601016,Retailing,Pharmacy Retail,1408.40,6123.17,283.41,1584.25,1196.17,4.05,677.16,52.40,38.16,37.27,27.80,28.01,15.33,59.58,33.88,36.60,0.00,47.45,2132.93,35.77,7127.90,31.94,38.23,52.05,129.05,10.47,6.94,25.84,2.68,-25.03,96.20,-76.87,1194.03,94.18,10.04,65.27,260.42,-1.45,161.79,1645.10,129.89,2378.55,20.16,3.63,1940.50,39709.00,39084.00,33338.00,4.36,15.48,27.77,161.79
Enviro Infra,544290,EIEL,INE0LLY01014,Other Utilities,Water Supply & Management,199.01,3487.35,319.19,392.00,205.91,27.92,422.30,70.19,39.82,-12.52,45.52,52.10,-16.69,47.28,42.12,49.50,0.00,18.98,282.63,24.32,1263.86,15.49,49.09,45.22,183.74,20.39,17.00,-3.82,12.59,-20.17,-63.09,-46.60,205.97,68.79,2.37,38.07,555.15,-10.94,335.24,1057.18,67.05,1363.96,10.88,2.83,359.18,225178.00,220192.00,246179.00,0.67,0.70,28.45,335.24
EPack PrefabTech,544540,EPACKPEB,INE0MLS01022,Industrial Manufacturing,Industrial Products,232.90,2346.85,176.87,344.00,222.25,32.30,114.63,64.95,18.17,13.35,16.03,30.29,-40.01,43.41,16.85,29.47,0.00,24.76,583.04,34.36,1595.82,37.53,23.87,18.17,94.78,21.71,17.04,52.62,4.97,3.13,135.70,62.29,222.14,60.26,4.31,44.61,156.34,-2.17,285.50,714.44,27.04,987.27,11.98,3.19,365.84,66656.00,66353.00,,11.10,3.03,20.88,285.50
Epigral,543332,EPIGRAL,INE071N01016,Chemicals & Petrochemicals,Specialty Chemicals,1120.50,4849.00,572.85,2408.35,1213.94,41.38,572.04,68.83,99.18,-38.17,160.41,81.93,21.05,95.11,39.15,51.52,0.00,17.84,649.12,10.51,2626.00,4.81,16.29,99.18,271.78,15.30,15.81,-36.96,14.06,0.89,435.53,440.56,1214.88,149.24,22.05,53.27,22.19,3.83,5.46,2178.33,22.80,826.69,9.12,2.18,705.36,76305.00,77583.00,79951.00,1.03,5.56,24.56,5.46
EPL Ltd,500135,EPL,INE255A01020,Industrial Products,Packaging,270.10,8663.78,1008.50,318.75,223.28,1.06,962.50,26.38,98.60,-1.40,100.00,116.98,-2.61,140.83,83.10,106.10,0.00,21.09,1441.30,19.52,5043.10,16.91,25.27,100.60,410.76,17.84,15.77,3.17,7.25,1.15,722.90,795.10,222.81,286.05,4.31,75.28,196.90,8.62,203.60,2793.60,23.90,2119.10,9.05,3.03,1387.90,91469.00,95910.00,112227.00,14.07,13.80,45.75,203.60
Equitas Sma. Fin,543243,EQUITASBNK,INE063P01018,Banks,Other Bank,76.99,8817.76,3697.03,116.50,69.35,8.24,52305.64,0.00,183.61,182.06,-223.76,212.68,-13.67,121.44,90.03,24.14,0.00,17.27,1825.23,12.85,7105.78,10.00,18.89,183.61,510.46,6.43,1.68,598.16,9.37,2.18,-3315.83,1936.82,69.27,793.30,1.06,53.28,4836.25,1.01,5444.38,4983.79,10148.83,6693.87,13.45,1.43,1960.40,369493.00,385971.00,433820.00,15.70,51.25,33.04,5444.38
ERIS Lifescience,540596,ERIS,INE406M01024,Pharmaceuticals & Biotechnology,Pharmaceuticals,1326.00,18378.19,1127.95,1910.00,1426.52,27.11,2358.62,54.14,142.39,20.68,117.99,281.61,-48.65,185.08,108.83,134.47,16.85,28.03,874.88,10.41,3229.67,9.59,12.97,143.32,655.74,14.14,18.70,69.36,16.41,2.66,537.99,1065.01,1427.53,307.98,13.27,36.40,222.83,8.38,67.30,3888.82,61.56,1539.85,18.04,4.71,873.25,50798.00,51656.00,52225.00,5.76,20.71,19.39,67.30
Esab India,500133,ESABINDIA,INE284A01012,Industrial Products,Other Industrial Products,6154.00,9484.37,275.11,7325.00,5747.84,15.99,3.35,73.72,56.14,37.13,40.94,43.55,28.91,75.71,43.00,79.20,0.00,45.82,435.04,14.02,1577.25,12.99,19.63,56.14,207.00,64.68,48.76,20.41,13.33,5.17,180.69,198.81,5743.76,81.04,49.18,63.67,78.82,36.39,74.77,413.99,43.77,484.16,31.72,22.06,421.12,20083.00,19837.00,21625.00,1.62,12.87,11.78,74.77
ESAF Small Fin,544020,ESAFSFB,INE818W01011,Banks,Other Bank,43.27,2232.81,1675.38,82.40,31.36,2.21,28602.90,63.25,80.08,198.60,-81.22,23.51,240.62,-50.97,7.12,-115.81,0.00,,945.27,15.30,3806.72,3.91,32.54,80.08,-5.10,5.65,-8.86,99.16,7.29,0.84,-1960.29,3176.32,31.24,246.63,-0.99,65.81,1218.27,2.00,965.24,1270.87,6399.11,2085.72,15.82,1.25,1097.77,107631.00,109246.00,116490.00,0.31,3.80,32.63,965.24
Escorts Kubota,500495,ESCORTS,INE042A01014,"Agricultural, Commercial & Construction Vehicles",Tractors,3092.10,34558.09,1856.67,4422.00,3185.40,26.03,161.89,68.04,385.94,23.63,312.17,320.53,20.41,338.62,358.32,318.11,0.00,24.28,3411.80,22.22,12247.76,20.43,28.30,385.93,1423.26,13.93,18.72,21.24,12.03,4.03,1381.16,1003.19,3186.34,417.44,30.27,56.68,1124.13,6.80,839.38,12260.95,8281.40,3960.92,15.78,2.80,3207.55,138521.00,131303.00,137631.00,6.36,10.65,13.29,839.38
Eternal,543320,ETERNAL,INE758T01015,Retailing,E-Retail/ E-Commerce,327.95,316285.57,2439.00,368.45,275.29,10.99,4592.00,0.00,92.00,268.00,25.00,174.00,-47.13,-276.41,102.00,65.00,0.00,730.45,39397.34,189.90,67408.00,190.50,182.00,92.00,433.00,2.48,0.38,44.82,0.46,2581.92,632.00,308.00,274.76,943.52,-0.29,69.43,3614.00,-1.27,1523.00,30061.00,14833.00,10609.00,102.88,10.22,20211.00,2295671.00,2304885.00,2499813.00,29.09,39.21,26.99,1523.00
Ethos,543532,ETHOSLTD,INE04TZ01018,Consumer Durables,"Gems, Jewellery And Watches",2867.60,7661.41,249.36,3404.83,2568.27,11.65,322.32,50.58,28.13,47.90,19.02,22.00,25.92,27.49,30.57,23.79,0.00,72.54,503.91,31.44,1727.63,30.42,33.32,28.66,105.61,9.82,7.77,14.17,6.21,26.74,89.60,-20.29,2565.26,63.76,10.08,61.24,220.02,-1.54,661.65,1461.16,37.69,1488.68,26.94,5.16,461.71,36940.00,38627.00,41464.00,11.33,23.91,14.18,661.65
Eureka Forbes,543482,EUREKAFORB,INE0KCE01017,Consumer Durables,Household Appliances,416.20,8047.21,333.16,668.50,493.19,37.74,28.92,62.55,41.21,6.98,38.52,51.09,8.51,72.84,9.00,61.59,53.66,40.24,872.52,12.81,2803.50,12.55,15.31,55.44,199.97,5.86,4.25,19.71,5.88,3.70,241.76,225.50,493.96,96.98,3.77,33.72,225.45,3.67,380.43,4379.54,88.08,1054.77,22.70,1.76,700.77,35406.00,35383.00,29638.00,13.24,6.70,16.89,380.43
Euro Pratik Sale,544519,EUROPRATIK,INE198501012,Consumer Durables,"Furniture, Home Furnishing",265.75,2721.54,121.16,390.00,274.77,31.86,24.49,73.91,18.77,24.80,15.04,21.20,-6.87,36.52,23.65,22.70,0.00,31.58,131.94,36.64,373.76,24.46,60.13,20.05,86.18,38.38,30.49,13.08,19.40,,40.67,-30.65,274.86,40.15,3.34,33.82,13.97,3.02,18.45,299.74,14.15,300.94,21.49,8.76,103.33,26366.00,27826.00,,0.55,4.48,21.06,18.45
Eveready Inds.,531508,EVEREADY,INE128A01029,Household Products,Household Products,355.05,2578.96,167.86,505.00,341.43,25.28,201.81,43.60,36.97,2.52,36.06,92.76,-73.92,39.31,7.45,-7.91,1.73,16.24,421.89,9.08,1488.96,8.74,8.97,36.97,158.82,17.23,18.47,78.17,9.07,1.92,83.36,129.68,341.29,53.09,5.41,51.25,6.76,10.68,8.58,586.60,0.00,574.61,16.04,4.14,407.71,62890.00,62473.00,70097.00,5.44,2.84,48.12,8.58
Exicom Tele-Sys.,544133,EXICOM,INE777F01014,Electrical Equipment,Heavy Electrical Equipment,157.03,2176.42,-80.57,510.49,140.91,14.19,713.00,65.20,-73.57,-3.43,-71.13,-53.82,-35.46,-96.81,-67.87,-68.81,2.83,,435.08,54.43,1277.48,55.63,61.25,-73.57,-260.15,-14.66,-40.77,-30.47,-22.22,-5.16,-86.59,-169.24,140.74,-36.04,-6.96,49.67,219.52,-29.64,64.27,512.21,0.93,1088.42,-42.05,3.35,331.07,139051.00,136496.00,152888.00,0.20,0.31,34.29,64.27
Exide Inds.,500086,EXIDEIND,INE302A01020,Auto Components,Auto Components & Equipments,464.10,39474.27,1931.32,620.35,388.08,6.51,1575.40,45.99,350.47,28.38,272.99,215.25,62.09,319.64,194.97,173.64,0.00,42.07,4856.67,11.28,18828.61,7.61,17.75,351.30,938.41,8.54,5.97,10.67,6.35,2.61,2413.16,1272.90,387.32,496.02,3.75,54.91,188.02,0.64,257.81,13819.85,6130.77,6247.26,19.86,2.84,5528.38,1168806.00,1203117.00,1304140.00,10.62,19.30,24.08,257.81
F A C T,590024,FACT,INE188A01015,Fertilizers & Agrochemicals,Fertilizers,772.95,50024.96,245.52,1187.00,855.10,27.04,3985.45,90.00,-61.94,-1547.20,4.28,3.16,-2060.13,-73.29,-67.90,20.86,0.00,,2210.73,35.69,5934.39,32.05,20.20,-61.94,-105.82,4.93,-2.91,-230.58,-4.94,93.61,-995.70,139.97,855.92,1.87,-1.13,26.13,2777.37,-7.78,1670.69,703.25,185.42,4178.60,300.89,37.04,1253.40,67027.00,68699.00,75843.00,0.16,0.07,0.81,1670.69
FDC,531599,FDC,INE258B01022,Pharmaceuticals & Biotechnology,Pharmaceuticals,350.15,5702.45,459.62,659.00,396.80,33.72,15.47,69.65,132.49,9.17,121.36,103.40,28.13,57.14,28.30,28.37,0.00,18.52,503.42,6.42,2190.22,3.40,2.97,132.49,307.93,16.67,12.46,14.43,19.84,2.16,200.45,317.57,397.27,72.45,3.51,29.28,52.77,5.81,50.00,2468.83,1047.98,1132.52,11.95,2.29,667.69,55045.00,52730.00,54445.00,1.40,6.31,22.63,50.00
Fedbank Financi.,544027,FEDFINA,INE007N01010,Finance,Non Banking Financial Company (NBFC),154.03,5780.24,1394.80,178.48,145.83,13.70,13674.87,60.67,114.38,52.49,75.01,100.53,13.78,115.96,87.91,80.15,0.00,15.09,634.93,18.59,2376.93,13.41,29.68,114.38,382.97,9.06,12.56,66.53,17.07,-0.42,-1664.16,-977.52,145.75,403.40,3.09,52.91,834.69,-7.84,1390.95,2551.89,401.67,1844.99,12.01,1.97,669.93,116070.00,121385.00,143731.00,9.30,10.89,19.13,1390.95
Federal Bank,500469,FEDERALBNK,INE171A01029,Banks,Private Sector Bank,355.30,87659.57,23920.25,371.70,293.82,4.41,346684.15,0.00,1256.09,36.78,918.32,1340.97,-6.45,1666.91,1125.39,1022.64,0.00,18.72,7809.46,8.22,30384.84,6.50,9.94,1302.49,4683.07,6.39,11.59,15.64,16.57,2.85,4349.11,8800.92,293.20,5079.63,6.50,54.86,19560.23,1.64,14812.32,39550.15,76471.45,46700.52,17.40,2.19,7861.58,811380.00,821700.00,851049.00,27.71,49.27,23.00,14812.32
Federal-Mogul Go,505744,FMGOETZE,INE529A01010,Auto Components,Auto Components & Equipments,474.00,2636.58,353.14,666.45,455.34,18.06,1.03,74.98,43.46,0.49,43.25,50.84,-10.77,53.78,30.73,51.31,0.00,14.52,534.40,8.95,2001.00,8.80,8.81,45.33,181.53,18.52,13.49,6.92,8.61,1.03,321.06,220.69,455.15,79.50,9.27,50.86,610.17,10.75,829.26,1381.11,10.01,1357.23,5.11,1.84,526.27,29583.00,29894.00,30646.00,0.39,0.49,24.14,829.26
Fiem Industries,532768,FIEMIND,INE737H01014,Auto Components,Auto Components & Equipments,2190.60,5770.09,415.94,2674.80,2198.83,18.10,65.55,54.51,64.88,12.80,57.52,71.03,-8.66,92.88,63.37,63.67,0.00,21.94,839.10,17.29,2932.10,17.11,17.68,64.88,262.95,29.34,22.60,24.80,8.37,3.07,161.28,233.06,2198.92,115.87,35.29,38.51,298.44,6.14,279.57,1188.69,0.05,1039.69,12.92,4.75,775.39,75296.00,73826.00,67891.00,7.03,11.60,26.86,279.57
Filatex India,526227,FILATEX,INE816B01035,Textiles & Apparels,Other Textile Products,81.51,3615.18,342.79,87.27,56.01,6.60,144.52,65.47,49.14,20.65,40.73,40.25,22.09,56.98,55.34,47.58,0.00,18.80,1091.00,1.40,4256.42,0.22,9.14,49.14,192.31,16.97,12.96,34.47,4.29,1.07,243.72,312.22,55.75,81.34,1.28,60.10,57.59,10.27,48.92,1461.83,293.62,975.48,10.51,2.40,1145.30,96555.00,98814.00,110180.00,4.03,2.84,27.66,48.92
Fine Organic,541557,FINEORG,INE686Y01026,Chemicals & Petrochemicals,Specialty Chemicals,5066.20,15504.24,596.47,7328.75,4730.08,6.30,68.20,75.00,138.14,23.45,111.90,117.48,17.59,130.27,73.93,108.55,0.00,35.39,657.35,10.06,2471.58,7.09,17.98,138.14,438.10,21.47,16.46,7.08,19.90,3.41,429.60,204.00,4726.70,147.99,42.49,51.96,949.95,12.10,1448.83,2649.19,38.30,2320.20,22.35,5.83,694.17,83591.00,88948.00,105097.00,4.27,11.72,9.01,1448.83
Fineotex Chem,533333,FCL,INE045J01034,Chemicals & Petrochemicals,Specialty Chemicals,43.55,5071.41,167.82,47.18,32.05,7.69,8.20,62.30,38.40,54.78,24.81,31.61,10.07,56.50,30.12,26.08,0.00,41.45,339.08,146.23,1011.78,91.44,174.77,48.21,122.35,18.30,13.48,17.35,12.80,7.71,-23.81,69.33,31.93,62.55,0.39,58.88,41.70,0.06,46.18,765.98,317.48,548.06,24.83,5.75,376.63,180711.00,162276.00,136842.00,3.16,1.35,33.18,46.18
Finolex Cables,500144,FINCABLES,INE235A01022,Industrial Products,Cables - Electricals,1291.20,19764.08,989.67,1700.00,979.76,6.09,19.14,35.86,249.04,53.14,162.62,224.43,10.97,180.44,164.03,162.64,0.00,24.70,1827.44,32.83,6938.64,26.53,44.26,249.04,800.14,16.01,12.33,29.17,12.37,4.76,49.08,207.25,976.63,199.04,11.80,70.10,145.47,3.90,168.12,6055.29,4195.43,3531.97,17.68,3.24,2013.15,183583.00,182413.00,159021.00,9.65,16.71,37.80,168.12
Finolex Inds.,500940,FINPIPE,INE183A01024,Industrial Products,Plastic Products - Industrial,158.61,9845.12,932.37,355.90,176.73,28.87,445.64,52.47,114.52,16.67,98.16,261.25,-56.16,95.98,116.08,123.56,0.00,16.00,840.34,-2.14,3953.86,-2.24,-15.30,114.52,615.41,12.71,9.73,54.85,12.96,2.12,191.75,382.68,176.91,126.72,1.55,39.06,125.36,3.43,60.30,6091.04,4969.43,3968.57,10.75,1.58,883.58,245937.00,237719.00,250051.00,5.85,11.35,29.97,60.30
Firstsour.Solu.,532809,FSL,INE684F01012,Commercial Services & Supplies,Business Process Outsourcing (BPO)/ Knowledge Process Outsourcing (KPO),272.25,19241.79,1607.88,422.80,276.34,28.64,2921.90,53.66,220.15,30.01,169.33,205.24,-19.16,280.33,120.32,179.52,0.00,24.11,2782.97,20.36,10063.62,19.71,22.87,165.92,798.23,16.80,17.63,28.40,8.08,1.90,1213.98,701.10,276.38,457.86,3.96,48.29,166.99,10.10,269.27,3687.54,115.93,2712.14,13.13,4.39,2724.87,242813.00,229935.00,254253.00,8.38,25.41,11.71,269.27
Fischer Medical,524743,FISCHER,INE771F01041,Healthcare Equipment & Supplies,Medical Equipment & Supplies,38.95,2726.98,55.17,124.70,46.01,68.77,107.08,62.15,3.79,-22.02,4.86,-12.44,130.47,42.76,19.23,13.90,7.38,111.40,346.95,301.99,366.87,195.82,249.49,3.79,24.48,11.38,8.59,286.12,4.63,,-101.27,-86.74,46.09,49.90,0.61,54.04,251.36,-14.77,25.05,319.35,123.21,413.74,54.98,6.63,81.92,23950.00,23269.00,10058.00,5.48,1.35,31.01,25.05
Five-Star Bus.Fi,543663,FIVESTAR,INE128S01021,Finance,Non Banking Financial Company (NBFC),527.45,15584.68,2241.69,943.75,516.83,20.80,8200.43,18.61,271.41,1.92,266.31,269.27,0.79,410.23,277.03,286.14,0.00,14.12,867.37,8.50,3260.44,9.84,5.38,271.41,1103.85,14.79,16.06,1.53,32.74,-1.29,-264.28,-1044.95,516.72,584.61,13.90,44.12,2155.14,-7.97,2148.95,7350.64,227.14,2331.91,9.71,2.11,828.98,102270.00,97128.00,69039.00,43.97,22.35,15.07,2148.95
Flair Writing,544030,FLAIR,INE00Y201027,Household Products,Stationary,253.00,2665.97,245.61,514.40,287.20,27.47,66.29,78.59,28.56,-0.28,28.64,35.82,-20.39,47.50,33.14,42.73,0.00,19.08,361.48,12.64,1280.81,14.23,10.64,29.08,139.71,16.83,12.94,14.78,9.11,2.66,137.18,55.45,287.54,64.32,4.43,47.13,114.19,-3.24,11.32,1088.93,119.68,679.66,11.01,2.34,319.25,50418.00,51355.00,63571.00,0.77,10.25,10.40,11.32
Force Motors,500033,FORCEMOT,INE451A01017,Automobiles,Passenger Cars & Utility Vehicles,17885.00,23430.45,1593.72,26485.95,18576.05,32.47,0.00,61.63,216.56,22.82,176.33,278.52,-22.24,281.55,406.15,350.70,0.00,21.30,2250.09,8.10,9199.81,8.44,6.21,216.59,1100.21,36.08,29.23,82.00,8.88,2.45,1297.09,971.47,18583.00,355.54,213.65,45.68,507.41,20.02,831.59,4181.17,98.34,3831.62,13.98,5.62,2440.01,94439.00,78750.00,59419.00,9.51,1.46,27.39,831.59
Fortis Health.,532843,FORTIS,INE061F01013,Healthcare Services,Hospital,916.80,69252.56,2149.33,1105.00,912.53,17.03,3472.58,31.17,259.40,3.39,250.90,276.09,0.59,398.77,197.40,328.82,0.00,64.92,2740.45,17.54,9506.15,17.50,17.46,272.80,1066.81,13.45,11.23,15.95,10.44,4.77,1601.45,1423.93,912.49,615.70,5.16,44.22,507.99,3.79,543.71,9140.59,242.56,1802.13,32.83,6.99,2545.03,220743.00,226685.00,205373.00,25.20,32.23,11.40,543.71
Foseco India,500150,FOSECOIND,INE519A01011,Chemicals & Petrochemicals,Specialty Chemicals,5506.00,4156.10,141.38,6846.00,5039.48,19.57,2.78,63.54,33.72,,,29.76,8.69,,15.18,16.49,0.00,39.87,,,772.95,22.61,,36.40,104.24,17.45,12.62,18.62,15.73,,97.62,42.25,5034.79,,,59.78,258.03,,327.05,1028.72,0.00,550.43,20.64,4.00,231.41,12592.00,12415.00,13019.00,0.08,0.38,36.00,327.05
Fractal Analyt.,544700,FRACTAL,INE212S01015,IT - Software,Computers - Software & Consulting,855.25,14713.49,500.90,1119.60,869.92,23.61,418.40,16.97,69.08,84.21,37.50,122.77,-37.56,,100.10,33.20,3.42,44.30,,,3451.70,19.32,19.99,72.30,332.11,12.59,12.17,69.21,7.36,7.19,409.00,397.00,870.06,,,54.97,288.30,7.35,1165.20,3167.70,1237.50,3032.90,25.62,4.62,912.50,87200.00,101465.00,,40.87,12.26,29.91,1165.20
Fredun Pharma,539730,FREDUN,INE194R01017,Pharmaceuticals & Biotechnology,Pharmaceuticals,1471.80,2439.54,94.80,1600.00,758.62,8.01,222.03,44.57,13.17,94.53,6.77,11.07,18.97,20.23,10.48,9.73,0.00,54.88,234.08,61.10,747.53,50.31,90.45,13.17,44.45,21.49,15.81,89.63,5.77,-44.82,16.44,-20.98,751.46,34.89,12.23,71.23,0.28,-7.60,64.95,273.23,2.02,498.24,23.48,8.66,228.25,9598.00,8308.00,7906.00,1.06,2.94,51.43,64.95
FSN E-Commerce,543384,NYKAA,INE388Y01029,Retailing,E-Retail/ E-Commerce,330.35,94572.67,785.92,429.00,276.82,5.15,1237.81,52.07,80.01,243.10,23.32,78.38,1.28,111.90,67.74,32.98,0.00,355.27,3004.35,28.06,10649.41,27.41,29.10,79.76,266.20,17.23,15.29,233.75,2.87,61.31,644.30,466.63,276.29,233.57,0.39,54.74,217.15,8.90,320.03,1151.65,0.16,3188.94,108.46,65.78,2782.00,383806.00,395677.00,436359.00,13.73,24.08,10.12,320.03
Fujiyama Power,544613,UTLSOLAR,INE12UR01024,Electrical Equipment,Other Electrical Equipment,477.50,14643.97,495.82,494.25,288.49,3.39,519.56,86.63,181.52,168.56,67.59,106.32,-45.64,185.62,67.31,62.90,0.00,35.03,1168.14,105.69,3402.85,94.97,125.28,57.80,418.05,34.95,36.42,131.34,13.49,48.76,-2.89,18.14,286.59,217.47,6.05,77.13,20.56,-14.86,160.83,1242.71,0.01,1409.40,23.20,11.49,1345.69,60134.00,80691.00,,1.63,5.98,5.76,160.83
Fusion Finance,543652,FUSION,INE139R01012,Finance,Microfinance Institutions,203.32,3281.90,485.39,669.07,189.91,16.33,5570.76,53.97,62.41,167.65,-92.25,114.19,-45.35,-13.78,14.05,-22.14,1.15,19.48,371.41,-7.34,1699.45,-18.05,3.59,62.41,168.51,5.92,0.68,113.15,13.62,-0.64,1146.25,1447.88,189.78,126.65,-0.85,48.34,853.05,4.98,2005.44,2294.41,2.06,2170.47,10.69,1.34,458.17,68121.00,70009.00,79097.00,4.77,15.25,25.78,2005.44
G M Breweries,507488,GMBREW,INE075D01018,Beverages,Breweries & Distilleries,883.20,2011.16,186.26,1328.80,931.14,33.53,0.00,74.43,37.74,45.94,25.86,54.07,-30.20,52.00,42.01,34.89,0.00,11.92,219.07,21.35,784.57,21.26,22.55,37.74,168.71,17.96,12.52,29.82,18.91,2.52,-95.62,161.68,931.62,53.73,22.76,38.54,94.67,0.27,12.16,1055.41,570.40,197.40,8.81,1.87,199.58,48929.00,47363.00,49406.00,0.61,0.00,24.97,12.16
G M D C,532181,GMDCLTD,INE131A01031,Minerals & Mining,Industrial Minerals,561.95,17871.61,866.94,771.90,575.81,27.20,316.51,74.00,163.43,-0.21,163.77,170.43,-15.80,63.77,133.06,465.75,0.00,31.34,579.15,9.77,2827.42,2.25,23.76,163.43,570.34,10.80,8.34,-14.30,18.03,2.15,743.72,1059.37,575.95,96.05,2.01,41.81,582.69,-1.10,540.12,7009.14,463.54,3233.08,19.88,2.53,906.64,248480.00,241551.00,227850.00,3.66,0.81,21.53,540.12
G N F C,500670,GNFC,INE113A01013,Chemicals & Petrochemicals,Commodity Chemicals,592.80,8720.06,1378.00,912.00,505.25,4.23,6.00,41.30,312.00,275.90,83.00,396.00,-21.21,240.34,150.00,179.00,0.00,8.41,2361.97,20.02,8410.00,12.55,39.79,312.00,1037.00,12.03,9.13,84.52,13.94,0.75,654.00,605.18,504.37,330.03,16.36,68.62,2308.40,0.17,1109.00,8968.00,1692.00,6151.00,4.50,0.96,2238.00,260335.00,265793.00,272575.00,13.11,11.02,34.57,1109.00
G R Infraproject,543317,GRINFRA,INE201P01022,Construction,Civil Construction,884.00,8546.86,1851.90,2277.00,966.84,35.10,4871.82,74.69,311.69,27.71,244.06,185.47,70.49,257.88,258.75,189.57,0.00,9.10,2060.65,28.62,9194.94,25.06,40.06,357.79,938.98,11.92,9.20,-12.58,11.21,-0.51,-2811.48,-2041.87,967.67,406.70,26.61,49.04,895.66,-16.13,1212.09,9331.27,2370.94,6476.73,6.12,0.91,2784.11,60541.00,61528.00,64119.00,2.46,19.48,3.38,1212.09
G S F C,500690,GSFC,INE026A01025,Fertilizers & Agrochemicals,Fertilizers,160.61,6407.07,1077.66,322.45,170.76,27.24,26.66,37.84,158.53,14.42,138.55,52.10,204.07,252.79,158.15,324.11,0.00,9.25,4514.27,41.63,12344.24,29.18,64.03,158.54,692.76,7.16,5.51,7.86,4.42,2.30,136.14,83.48,170.86,340.62,6.34,50.08,1907.27,-2.66,200.11,12186.75,4609.70,6094.04,5.63,0.52,3583.15,298987.00,303830.00,324259.00,12.36,7.32,36.82,200.11
Gabriel India,505714,GABRIEL,INE524A01029,Auto Components,Auto Components & Equipments,1436.80,25465.29,457.72,1600.00,1125.82,10.20,148.12,63.55,107.35,1.99,105.26,119.11,-9.16,91.40,54.67,69.03,0.00,70.69,1411.67,19.60,5165.43,18.71,15.50,108.13,360.25,25.61,20.20,23.10,7.58,,345.27,203.82,1122.70,129.74,5.12,51.78,39.44,2.96,202.66,1354.38,120.69,1380.25,42.93,15.08,1425.68,134530.00,144400.00,135458.00,6.35,12.92,17.17,202.66
GAIL (India),532155,GAIL,INE129A01019,Gas,Gas Transmission/Marketing,172.50,113684.09,14521.99,246.35,169.70,7.69,24831.49,51.79,4665.36,96.92,2369.20,1484.72,215.30,3092.70,1729.13,1988.71,0.00,11.51,37749.86,6.23,147484.65,3.52,16.67,4670.99,9878.65,9.67,8.71,1.35,11.34,0.87,11248.65,15727.27,169.68,4402.81,4.70,47.18,2720.52,3.13,2126.66,82474.50,26233.22,19794.58,7.64,1.27,41197.61,1566827.00,1617716.00,1638227.00,15.00,19.09,6.52,2126.66
Gaja Alternative Asset,,,INE18UN01038,,,,2356.16,93.93,,,,53.16,,60.27,,,,,,,,,29.73,,,135.53,11.09,,62.09,79.26,17.02,15.92,33.15,62.53,-29.70,-14.98,-8.75,,,,,25.28,-0.68,106.08,550.07,360.11,322.89,24.52,,99.30,,,,,,,106.08
Galaxy Surfact.,540935,GALAXYSURF,INE600K01018,Chemicals & Petrochemicals,Specialty Chemicals,2318.20,8218.42,498.74,3600.00,1994.54,12.83,235.47,70.91,165.92,108.73,79.49,62.43,165.77,134.36,58.97,66.49,0.03,22.62,1718.89,29.61,5752.26,27.05,39.44,165.92,363.40,13.53,10.89,19.27,9.31,1.78,332.66,420.51,1991.29,183.02,37.90,63.55,215.84,9.18,274.87,2709.38,473.63,1970.21,13.30,2.99,1781.90,46661.00,47746.00,51272.00,3.81,13.52,11.75,274.87
Gallantt Ispat L,532726,GALLANTT,INE297H01019,Industrial Products,Iron & Steel Products,582.40,14044.88,776.04,948.00,625.23,38.57,547.69,70.03,123.67,-28.84,173.79,122.83,0.68,112.64,100.41,88.93,0.00,32.22,1058.18,4.49,4436.81,4.13,1.59,123.67,435.84,18.23,15.73,-3.72,10.79,3.03,602.26,578.80,625.66,154.82,4.67,42.62,258.13,8.02,503.15,3074.95,25.30,2007.43,19.41,4.24,1145.67,29986.00,21181.00,19885.00,0.02,0.08,29.85,503.15
Gandhar Oil Ref.,544029,GANDHAR,INE717W01049,Petroleum Products,Lubricants,254.09,2486.03,248.00,344.60,175.22,16.20,315.07,66.60,192.29,633.09,26.23,40.68,455.71,136.24,34.33,39.77,0.00,8.25,1630.79,53.86,5052.27,32.78,91.81,205.89,301.41,13.19,10.46,299.64,11.89,3.03,127.77,14.71,174.43,159.50,13.00,61.63,152.41,-2.41,131.69,1332.80,3.23,1673.04,5.52,1.84,1731.93,134265.00,139482.00,145648.00,1.27,1.02,31.10,131.69
Ganesh Housing,526367,GANESHHOU,INE460C01014,Realty,"Residential, Commercial Projects",826.80,6894.03,449.70,1485.00,772.16,11.84,525.68,73.06,41.96,-54.91,93.06,61.36,-31.62,148.53,53.74,108.09,0.00,26.00,235.26,35.04,640.50,-28.55,85.62,41.96,265.15,18.78,16.03,-54.07,14.99,2.07,212.80,409.84,771.61,155.87,17.81,57.93,157.46,10.01,58.80,2026.97,0.00,1852.97,17.05,3.27,279.93,33191.00,34764.00,40142.00,0.63,0.33,25.96,58.80
Ganesha Ecosphe.,514167,GANECOS,INE845D01014,Textiles & Apparels,Other Textile Products,1095.50,2932.33,159.08,2484.20,1047.73,22.52,495.62,39.33,29.03,170.05,10.75,23.21,25.08,15.97,4.75,-0.50,31.87,51.91,420.35,15.68,1568.21,6.96,25.67,29.03,56.49,5.42,3.15,-38.15,6.85,3.44,170.70,41.24,1047.25,42.89,5.96,49.56,121.74,-5.42,121.28,1248.88,26.20,821.08,18.10,2.30,423.67,58781.00,58405.00,62132.00,10.38,15.07,35.00,121.28
Garden Reach Sh.,542011,GRSE,INE382Z01011,Aerospace & Defense,Aerospace & Defense,2617.80,29982.30,1069.69,3538.40,2565.98,21.60,37.39,74.50,172.84,43.82,120.18,303.20,-42.99,207.10,170.77,153.79,0.00,37.45,2316.43,38.10,7506.90,39.64,38.53,172.84,800.60,42.96,31.79,42.86,9.52,105.66,-289.72,15.59,2565.46,227.11,18.08,50.18,3731.85,-16.46,3388.09,2511.57,0.00,9696.60,23.48,11.42,1814.62,399380.00,407526.00,407707.00,3.21,1.93,20.36,3388.09
Garware Hi Tech,500655,GRWRHITECH,INE291A01017,Industrial Products,Plastic Products - Industrial,7109.50,16592.88,499.55,7990.00,5209.08,11.02,15.66,60.73,132.65,59.78,83.02,108.21,22.59,131.34,55.77,91.23,0.00,42.78,648.53,13.84,2258.20,6.02,27.90,132.65,387.86,18.02,13.45,19.02,20.95,5.69,275.33,329.72,5189.98,147.88,56.53,53.67,120.48,7.21,155.40,2632.93,697.54,1296.06,28.95,6.22,633.08,56759.00,54492.00,54335.00,4.22,6.35,28.72,155.40
Garware Tech.,509557,GARFIBRES,INE276A01018,Textiles & Apparels,Other Textile Products,760.25,7546.69,331.53,986.39,713.03,12.66,42.82,54.25,64.60,21.68,53.09,67.45,12.82,56.39,56.34,31.94,0.00,34.24,396.69,14.02,1643.93,4.64,31.35,64.60,220.38,21.98,16.11,-7.36,13.39,3.64,162.07,196.12,712.55,68.75,5.68,49.92,50.61,10.75,139.72,1255.16,495.64,910.99,21.32,5.57,482.37,39254.00,41415.00,43980.00,8.67,10.11,26.98,139.72
Gateway Distri,543489,GATEWAY,INE079J01017,Transport Services,Logistics Solution Provider,55.10,2766.25,497.46,121.55,59.22,21.84,645.77,33.93,47.73,-20.79,60.25,60.57,-19.53,78.61,67.16,66.30,0.00,11.28,638.59,12.56,2210.68,17.72,-0.21,51.26,245.15,10.83,11.47,0.80,9.12,0.59,469.05,384.87,59.26,136.88,1.50,42.11,16.00,10.18,21.29,1793.14,96.99,450.03,6.84,1.20,549.30,126958.00,127411.00,128030.00,6.98,32.42,26.68,21.29
GE Power,532309,GVPIL,INE878A01011,Electrical Equipment,Heavy Electrical Equipment,666.70,4486.64,399.95,1109.00,610.85,38.50,17.59,68.58,67.17,42.52,47.13,127.27,-52.54,49.16,72.32,32.36,0.00,12.14,325.68,16.10,1291.23,18.73,7.61,53.73,369.72,81.99,62.17,550.11,21.76,1.53,469.36,379.04,610.29,56.77,7.31,33.98,442.06,72.15,430.42,515.31,45.93,1920.01,9.89,7.69,308.69,69908.00,67300.00,73480.00,1.17,1.05,28.81,430.42
GE Shipping Co,500620,GESHIP,INE017A01032,Transport Services,Shipping,1299.00,18540.52,3610.41,1798.00,1322.85,27.75,1087.15,30.08,1308.84,159.43,504.50,1044.09,25.36,796.45,812.52,581.41,0.00,4.95,1750.53,40.97,6212.98,23.87,66.91,1308.84,3746.86,15.79,15.93,126.09,65.27,0.59,2853.87,2647.36,1323.09,1084.79,55.79,40.67,5726.40,11.84,5511.34,16819.72,2391.53,7372.52,2.89,1.09,2005.36,168304.00,156718.00,209359.00,31.03,12.81,26.08,5511.34
GE Vernova T&D,522275,GVT&D,INE200A01026,Electrical Equipment,Heavy Electrical Equipment,4050.10,103224.45,1797.27,5650.00,3936.51,28.32,24.00,51.00,362.99,24.65,291.20,347.47,3.19,546.83,290.80,299.48,0.00,76.45,2204.39,43.29,6712.32,43.91,38.04,362.99,1350.28,77.44,57.40,76.51,19.77,13.31,1709.88,903.58,3935.37,569.03,21.36,35.35,472.82,41.68,1527.72,2639.08,0.00,6519.53,54.30,38.55,1836.14,138122.00,110662.00,90663.00,22.89,18.46,7.65,1527.72
General Insuranc,540755,GICRE,INE481Y01014,Insurance,General Insurance,359.80,63000.67,11483.63,525.50,374.47,13.92,0.82,77.40,1743.67,-31.10,2530.59,2532.59,-31.15,2340.82,1725.66,2873.54,0.00,7.10,12965.34,1.65,52763.24,2.74,-1.52,1743.67,8875.46,17.35,14.64,3.66,12.11,1.10,466.43,1975.99,374.62,2346.25,13.34,51.65,25279.64,1.10,28488.88,73241.06,154855.41,61783.05,3.00,0.85,14400.90,224351.00,217494.00,226765.00,2.43,17.73,2.45,29609.45
Genus Power,530343,GENUSPOWER,INE955D01029,Electrical Equipment,Other Electrical Equipment,334.25,10164.38,983.63,477.14,304.51,6.88,2302.37,39.34,196.64,43.20,137.32,171.76,14.49,294.29,140.24,142.97,4.52,15.60,1907.65,66.03,5173.37,74.17,44.83,196.64,651.61,23.94,29.00,64.05,14.41,-5.94,-203.24,-443.37,304.21,368.36,9.67,64.37,760.01,-10.87,721.81,2189.97,168.91,5166.54,11.03,4.59,1364.88,167535.00,162150.00,183554.00,18.73,3.04,38.85,721.81
Geojit Fin. Ser.,532285,GEOJITFSL,INE007B01023,Capital Markets,Stockbroking & Allied,80.79,2255.31,165.54,159.38,74.32,5.39,122.69,38.47,19.80,-28.49,27.69,17.56,13.51,22.71,13.98,23.47,9.31,29.00,172.77,1.75,672.12,-5.45,11.38,19.83,77.78,9.02,7.32,-48.39,12.36,2.26,236.41,166.75,74.26,36.40,0.81,57.83,1032.90,4.33,936.10,1173.26,117.33,1243.08,9.10,1.88,160.40,93852.00,97309.00,101861.00,1.58,10.04,49.89,936.10
GHCL,500171,GHCL,INE539A01019,Chemicals & Petrochemicals,Commodity Chemicals,443.15,4070.81,741.14,779.30,488.87,33.66,83.30,19.83,115.64,-23.05,150.27,106.01,9.08,147.48,106.70,144.11,0.00,8.92,776.01,-2.50,3064.21,-3.75,1.16,115.64,456.45,17.41,12.97,-24.00,14.63,0.45,687.30,637.88,489.33,178.24,16.04,57.79,445.90,13.35,89.92,3459.96,1041.86,892.84,5.48,1.15,790.51,98031.00,94819.00,101128.00,22.44,11.20,46.52,89.92
GHV Infra,505504,,INE809Q01020,Construction,Civil Construction,288.40,2078.64,98.91,368.50,251.86,21.74,192.45,63.98,7.36,,,18.17,-59.49,,14.55,11.22,19.52,40.52,,,753.62,232.90,,7.36,51.30,,37.28,185.83,3.37,,-63.66,,251.49,,,66.32,,,8.97,95.45,0.01,428.68,19.72,15.81,218.60,5320.00,3368.00,188.00,0.00,0.00,36.02,8.97
Gillette India,507815,GILLETTE,INE322A01010,Personal Products,Personal Care,7512.00,24479.82,971.65,11505.00,8113.66,30.06,0.02,75.00,159.45,9.44,145.69,192.51,-17.17,230.05,172.46,143.65,0.00,36.64,881.11,8.67,3175.83,7.96,10.80,159.45,668.07,90.69,66.50,18.59,20.36,4.25,606.64,327.85,8119.71,253.89,70.60,36.71,419.14,41.70,269.26,913.84,0.00,1260.48,24.53,25.86,783.02,66389.00,62885.00,49531.00,4.33,8.76,11.91,269.26
GK Energy,544525,GKENERGY,INE1AG301022,Construction,Civil Construction,123.99,2513.29,313.19,239.60,137.71,48.25,202.66,79.20,59.67,61.53,36.94,59.05,1.05,89.90,58.83,46.46,0.00,11.22,530.92,48.09,1742.46,40.71,71.09,59.67,224.01,40.87,36.80,46.17,11.81,-15.35,52.90,-98.61,137.84,98.92,4.43,37.39,62.72,-6.86,443.28,844.07,5.00,1177.35,6.66,2.84,505.19,53494.00,50033.00,,1.30,7.16,12.35,443.28
Gland Pharma,543245,GLAND,INE068V01023,Pharmaceuticals & Biotechnology,Pharmaceuticals,2820.00,46498.51,1942.95,4350.00,2118.35,7.23,283.59,51.77,316.96,47.09,215.48,366.68,-13.56,321.66,261.48,183.68,0.00,40.58,1781.04,19.78,6725.30,17.57,19.57,316.96,1145.81,15.11,10.68,48.76,17.61,4.54,1031.39,914.73,2111.30,445.19,19.50,62.30,2556.21,5.50,3359.11,10341.47,0.00,7526.79,20.97,4.49,1800.27,108266.00,91500.00,110671.00,8.74,30.44,9.06,3359.11
Glaxosmi. Pharma,500660,GLAXO,INE159A01016,Pharmaceuticals & Biotechnology,Pharmaceuticals,2999.70,50789.10,1374.98,3515.95,2506.32,1.81,33.27,75.00,237.18,15.69,205.01,277.86,-14.64,337.38,295.62,257.49,0.00,48.24,1065.62,8.74,3954.94,5.75,16.55,237.18,1052.94,61.41,45.61,11.20,25.27,4.99,903.30,1289.90,2501.36,357.20,19.92,80.61,1403.52,42.48,1391.02,2098.01,1391.83,2215.24,32.98,22.41,938.44,126087.00,121763.00,123629.00,4.79,7.81,12.42,1391.02
Glenmark Pharma.,532296,GLENMARK,INE935A01035,Pharmaceuticals & Biotechnology,Pharmaceuticals,2332.90,65592.01,5033.04,2474.00,2130.09,5.70,593.53,46.65,482.92,85.50,260.33,562.54,60.24,1776.18,403.23,610.43,0.00,21.02,7701.49,27.36,17736.56,32.94,23.10,482.82,3120.92,39.77,23.56,134.15,12.01,6.42,3445.03,-827.60,2128.05,2114.72,62.94,58.93,1705.23,-1.93,1176.26,10483.89,42.36,11299.71,12.27,6.26,4018.48,211418.00,196105.00,190210.00,20.89,18.60,13.81,1176.26
Global Health,543654,MEDANTA,INE474Q01031,Healthcare Services,Hospital,1408.20,37813.16,1017.69,1513.90,1248.81,5.55,1190.05,33.00,158.73,-0.18,159.01,143.99,11.01,188.93,95.03,158.40,0.00,66.04,1356.72,23.43,4683.41,21.27,26.50,157.25,572.55,17.14,15.17,0.40,12.06,5.20,714.39,623.76,1247.21,287.31,7.03,51.82,1122.34,1.31,1130.23,3907.83,2.55,1674.92,35.09,9.55,1304.05,140531.00,147390.00,156372.00,9.46,16.89,40.55,1130.23
Globus Spirits,533104,GLOBUSSPR,INE615I01010,Beverages,Breweries & Distilleries,905.10,2848.82,271.23,1760.00,941.65,28.05,527.42,46.74,26.59,49.05,17.84,21.34,25.44,29.01,30.44,21.80,0.00,28.34,719.96,8.86,2799.19,7.88,12.71,26.48,100.53,11.45,8.81,296.57,3.36,,267.80,67.13,942.01,69.71,9.22,54.47,70.12,-1.66,70.66,1062.30,6.28,832.31,11.37,2.41,788.78,70001.00,66054.00,74458.00,13.77,10.46,29.02,70.66
GMM Pfaudler,505255,GMMPFAUDLR,INE541A01023,Industrial Manufacturing,Industrial Products,1018.20,4580.91,441.02,2304.62,937.09,22.13,1041.40,25.18,23.90,114.35,11.15,19.62,44.07,49.31,-11.35,39.38,0.00,36.37,1037.34,14.96,3654.15,13.91,16.39,22.10,125.96,13.64,6.69,48.91,2.39,1.24,388.80,378.10,936.27,117.56,10.97,71.45,467.10,14.54,687.64,1195.51,3.47,2425.79,11.19,3.80,924.76,96269.00,96506.00,103715.00,14.39,18.42,42.01,687.64
GMR Airports,532754,GMRAIRPORT,INE776C01039,Transport Infrastructure,Airport & Airport services,100.41,106333.90,6389.78,122.57,99.94,13.17,43282.52,67.16,91.04,144.06,-206.62,307.18,-63.06,394.59,173.96,35.06,16.44,189.25,4973.18,35.51,15569.06,38.80,23.76,147.96,561.87,11.65,,159.42,3.73,2.41,4883.53,3442.56,99.94,1909.74,0.23,32.28,943.92,0.31,992.69,-3535.66,5958.70,9792.37,22.25,,3966.88,676526.00,694272.00,814655.00,21.74,5.14,5.95,992.69
GMR Urban,543490,GMRP&UI,INE0CU601026,Power,Power Generation,98.56,7694.59,2141.88,169.25,105.41,28.19,11593.58,46.28,-41.47,48.83,-81.04,-111.67,68.84,-43.25,-160.27,894.70,59.96,,2038.24,12.59,7388.59,15.79,3.44,-35.38,-411.48,11.96,-14.34,-95.27,-2.07,0.37,1259.98,2832.74,105.48,452.33,-0.55,51.44,986.35,15.20,1174.38,1513.32,936.17,6438.25,8.58,4.04,1705.18,324898.00,328621.00,355493.00,16.00,5.47,32.23,1174.38
GNA Axles,540124,GNA,INE934S01014,Auto Components,Auto Components & Equipments,566.15,2435.38,240.58,603.10,421.69,6.13,218.08,65.78,38.27,66.46,22.99,30.82,24.17,45.02,31.95,31.19,4.53,18.42,411.05,18.14,1604.65,8.11,36.67,38.27,132.23,14.33,12.24,29.22,8.13,1.77,213.91,92.08,420.24,67.43,10.49,62.00,32.22,1.36,37.95,961.18,0.00,997.89,9.94,2.42,470.44,40672.00,40050.00,46814.00,1.70,11.59,20.94,37.95
GNG Electronics,544455,EBGNG,INE18JU01028,IT - Hardware,Computers Hardware & Equipments,624.75,7118.03,200.50,689.50,441.53,9.39,433.14,74.78,28.93,56.21,18.52,42.15,-31.36,49.25,38.69,32.66,0.00,49.98,603.88,37.27,1991.26,35.64,32.08,28.93,142.43,20.30,26.83,88.87,7.01,-26.11,-215.30,24.53,439.69,66.76,4.32,64.06,60.78,-5.34,118.24,734.99,0.00,1162.38,34.06,9.40,412.46,53228.00,49026.00,,5.27,6.82,13.13,118.24
Go Digit General,544179,GODIGIT,INE03JT01014,Insurance,General Insurance,256.70,23645.44,652.79,407.55,310.02,32.70,350.00,73.00,86.39,-37.55,138.33,149.42,-42.18,85.48,140.09,116.51,0.00,48.02,2659.97,6.91,10196.33,7.32,8.54,86.39,492.41,13.10,12.17,6.60,3.56,0.94,2025.69,1604.03,310.56,85.63,0.92,39.64,239.05,36.61,219.15,3738.05,22590.93,2090.96,40.54,5.09,2427.02,60707.00,59152.00,66167.00,8.23,15.01,3.77,219.15
Godawari Power,532734,GPIL,INE177H01039,Industrial Products,Iron & Steel Products,247.88,16671.19,1353.40,320.00,256.23,22.54,443.48,63.18,221.74,2.68,215.96,293.23,-20.64,239.84,143.45,161.65,0.00,20.34,1519.03,16.16,5807.87,8.43,32.29,222.37,819.66,20.37,15.20,10.67,12.70,1.24,1157.41,895.46,256.32,310.01,3.55,51.08,694.33,6.14,1144.59,5746.63,390.74,2640.10,11.61,2.87,1750.47,150509.00,138643.00,150997.00,6.00,3.10,27.72,1144.59
Godfrey Phillips,500163,GODFRYPHLP,INE260B01028,Cigarettes & Tobacco Products,Cigarettes & Tobacco Products,2103.10,32628.87,1918.67,3947.00,2308.73,46.72,233.68,72.58,198.39,-44.32,356.31,520.73,-61.95,247.91,343.29,304.99,0.21,23.86,1314.80,2.00,6110.42,1.69,-18.89,198.39,1367.44,30.25,23.38,11.70,16.46,6.13,518.16,107.25,2310.79,279.41,15.89,42.29,30.31,1.99,32.61,6181.24,3299.06,3849.77,17.45,5.28,1205.51,156601.00,166845.00,63714.00,7.80,3.66,15.93,32.61
Godrej Agrovet,540743,GODREJAGRO,INE850D01014,Food Products,Animal Feed,581.65,11181.79,969.81,877.85,596.55,24.92,1574.08,67.75,134.50,-16.21,160.52,104.85,25.45,136.30,109.73,84.34,0.00,23.83,2803.15,9.18,10473.61,8.58,9.22,128.31,469.22,19.16,20.89,3.10,4.49,1.21,1281.17,969.34,596.70,227.80,7.09,55.82,39.33,18.15,302.06,1839.75,114.83,2762.44,12.67,5.51,2855.22,114250.00,111365.00,118739.00,6.48,5.28,20.49,302.06
Godrej Consumer,532424,GODREJCP,INE102D01028,Personal Products,Personal Care,947.00,96906.98,3368.97,1541.85,1088.08,27.65,4420.52,53.06,516.12,10.55,466.86,516.23,11.68,676.86,497.91,459.34,0.00,46.68,4254.68,11.23,15948.95,9.16,15.39,504.52,2076.13,18.75,16.08,9.45,12.21,3.61,2488.47,2576.75,1089.50,840.31,6.61,35.45,483.06,11.60,1005.41,12545.92,2766.84,5167.47,28.69,7.66,4225.47,212717.00,213565.00,228652.00,12.33,19.58,15.03,1005.41
Godrej Industrie,500164,GODREJIND,INE233A01035,Diversified,Diversified,1223.40,41240.83,5983.35,1443.65,1116.91,15.26,51564.41,74.64,284.36,-18.57,349.22,445.08,-37.76,-381.84,352.68,492.95,0.00,34.27,6137.78,21.97,23225.14,16.89,22.16,523.36,1203.30,8.17,9.26,19.36,9.61,-0.67,-8854.90,-5150.78,1115.84,503.03,-6.16,40.75,6782.47,-10.33,6927.46,11142.81,11247.18,83478.90,13.65,3.69,5448.09,84502.00,84014.00,84610.00,4.56,3.47,17.32,6927.46
Godrej Propert.,533150,GODREJPROP,INE484J01027,Realty,"Residential, Commercial Projects",2020.00,61224.43,2614.38,3402.70,1932.30,14.12,15894.09,51.66,350.10,-41.66,600.12,651.39,-45.87,-670.64,193.87,402.99,0.00,37.84,1062.23,43.47,5203.04,12.66,16.48,349.38,1617.77,7.63,8.82,9.31,69.02,-2.97,-2003.34,-2242.38,1931.41,-584.02,-22.26,48.23,5385.79,-6.33,5717.82,19004.94,5510.68,72934.05,29.07,3.18,506.17,189178.00,189691.00,172914.00,25.32,9.03,14.02,5717.82
Gokaldas Exports,532630,GOKEX,INE887G01027,Textiles & Apparels,Garments & Apparels,799.90,5860.79,433.68,1262.15,765.10,16.23,1273.21,9.15,44.30,6.82,41.47,35.96,23.19,16.35,14.61,8.08,96.28,56.93,1090.82,10.82,4185.36,7.65,20.69,44.30,102.95,8.39,4.72,-40.43,3.84,5.61,51.59,57.20,764.75,92.32,2.23,49.23,166.16,-12.23,135.89,2123.78,589.62,2262.12,15.41,2.71,1153.51,80401.00,85609.00,61376.00,14.46,43.41,32.98,135.89
Gokul Agro,539725,GOKULAGRO,INE314T01033,Agricultural Food & other Products,Edible Oil,243.69,7206.39,716.20,257.99,201.94,5.54,589.11,74.24,122.64,71.26,71.61,118.92,3.13,185.92,77.70,101.15,13.69,17.14,7755.24,16.83,24434.58,21.05,7.26,122.64,420.41,36.73,30.05,59.07,2.32,2.35,324.98,467.21,201.52,249.14,6.30,69.16,396.14,9.04,571.88,1393.30,135.26,3850.48,9.14,5.05,5281.95,50407.00,52418.00,50826.00,1.87,0.11,23.78,571.88
Goldiam Intl.,526729,GOLDIAM,INE025B01025,Consumer Durables,"Gems, Jewellery And Watches",363.15,5481.04,248.67,426.75,306.77,8.80,77.01,58.51,73.98,119.59,33.69,37.31,98.71,45.90,68.39,31.36,0.00,25.97,250.15,29.74,1073.15,27.01,41.92,73.98,211.04,23.89,18.48,64.00,22.69,12.66,23.62,-12.88,306.20,51.68,3.05,51.05,182.03,3.10,306.02,1083.44,182.37,1246.85,17.19,4.94,326.03,75383.00,83563.00,82467.00,2.18,0.06,39.25,306.02
Goodluck India,530655,GOODLUCK,INE127I01024,Industrial Products,Iron & Steel Products,1439.40,4788.75,418.50,1672.75,1275.03,13.95,1119.46,54.00,63.61,59.54,39.87,54.55,19.82,63.83,43.68,42.64,0.00,23.45,1144.23,15.42,4404.42,9.94,30.93,67.22,204.17,14.42,12.90,28.75,5.22,4.21,200.24,158.26,1273.38,113.49,18.17,51.05,46.12,-9.84,49.33,1484.31,15.44,1695.85,12.67,3.21,1287.43,38457.00,35423.00,36261.00,2.48,6.50,37.02,49.33
Gopal Snacks,544140,GOPAL,INE0L9R01028,Food Products,Packaged Foods,282.75,3522.51,103.09,520.00,294.36,29.04,154.03,81.45,12.85,430.99,2.42,16.82,-57.10,17.85,15.49,25.69,11.94,64.08,455.58,21.27,1608.37,12.01,31.09,12.85,54.97,11.67,4.72,24.06,3.04,3.87,46.44,68.28,294.48,32.41,1.43,59.66,0.65,-4.67,0.75,466.34,0.00,325.46,30.05,7.36,422.32,65905.00,66823.00,74167.00,0.75,5.68,12.10,0.75
Granules India,532482,GRANULES,INE101D01020,Pharmaceuticals & Biotechnology,Pharmaceuticals,841.60,20930.48,1208.53,910.00,704.95,7.52,1512.04,38.01,179.96,36.62,131.72,189.34,-10.72,243.95,150.21,130.61,0.00,32.19,1599.97,23.36,5632.30,24.83,22.04,179.96,650.12,15.51,13.75,36.17,12.19,2.64,793.25,866.57,703.58,358.68,9.84,47.60,596.38,3.37,949.06,5060.22,0.84,3767.65,16.75,4.10,1476.77,169422.00,160286.00,169700.00,17.50,16.11,28.36,949.06
Graphite India,509488,GRAPHITE,INE371A01025,Industrial Products,Electrodes & Refractories,717.05,13996.73,376.07,1127.00,645.99,10.64,367.57,65.34,172.00,28.36,134.00,-116.55,262.86,26.48,67.00,76.00,0.00,63.88,900.09,23.47,3029.00,21.31,26.62,171.00,219.10,4.58,3.11,-38.97,20.31,9.11,82.54,500.23,645.27,65.83,1.36,57.94,181.95,8.53,46.60,5819.97,4063.12,2069.11,33.85,2.39,842.00,196575.00,199456.00,226558.00,6.04,10.23,18.37,46.60
Grasim Inds,500300,GRASIM,INE047A01021,Cement & Cement Products,Cement & Cement Products,3300.00,223008.25,37454.09,3412.30,2958.17,3.29,227853.06,43.73,2151.39,49.95,1434.75,1928.30,4.40,3642.10,2232.95,1498.04,0.00,38.87,47803.29,19.81,184028.86,19.51,21.43,3846.28,5737.70,8.01,4.98,39.78,7.92,-1.74,-17809.61,-17169.65,2954.74,10017.74,29.86,58.60,7905.42,-8.70,6188.26,103333.81,154981.84,86928.82,11.17,2.17,48716.20,241017.00,244870.00,247628.00,14.63,16.13,25.15,6188.26
Grauer & Weil,505710,GRAUWEIL,INE266D01021,Chemicals & Petrochemicals,Commodity Chemicals,66.25,3006.56,243.02,120.00,74.45,33.58,14.53,69.04,39.81,-8.71,43.61,49.51,-19.59,42.00,32.33,38.57,0.00,18.77,322.53,10.77,1235.86,10.06,17.93,39.81,160.22,21.35,16.23,6.76,13.33,1.96,151.84,144.03,74.53,49.57,0.93,34.93,467.83,10.87,234.87,1036.29,443.17,861.27,11.69,2.78,298.68,53332.00,53385.00,57371.00,0.35,0.05,30.55,234.87
Gravita India,533282,GRAVITA,INE024L01027,Minerals & Mining,Industrial Minerals,1792.80,13233.11,511.86,2700.00,1688.66,6.35,735.90,55.88,106.39,14.08,93.26,91.88,15.86,94.42,97.49,95.97,0.00,33.76,1291.87,24.76,4700.39,17.48,41.84,106.37,391.93,17.02,16.76,15.85,7.21,7.53,169.29,282.18,1687.62,118.27,12.79,55.79,407.27,0.89,201.81,2436.87,412.71,2349.38,25.57,5.40,1475.06,157641.00,151337.00,150647.00,12.86,5.52,24.44,201.81
Greaves Cotton,501455,GREAVESCOT,INE224A01026,Industrial Products,"Compressors, Pumps & Diesel Engines",191.00,4464.94,289.42,319.50,193.52,29.78,394.42,55.77,25.77,-22.68,33.33,22.63,180.00,20.79,5.92,6.32,0.00,44.82,1010.29,23.89,3665.31,21.20,30.68,6.16,99.63,10.11,8.10,49.46,0.63,-5.34,32.58,-22.52,193.54,63.58,0.89,35.40,427.59,-7.16,563.53,1384.14,66.55,1676.83,15.27,3.11,974.12,347238.00,369141.00,301474.00,1.35,4.17,38.67,563.53
Greenlam Industr,538979,GREENLAM,INE544R01021,Consumer Durables,Plywood Boards/ Laminates,256.20,6527.91,330.84,331.01,244.36,8.70,1160.41,50.98,21.31,238.74,-15.36,39.46,-47.62,47.41,-0.59,31.77,0.00,70.79,974.48,20.57,3168.99,20.11,18.24,21.24,92.22,8.12,5.02,170.83,2.67,2.79,292.38,210.44,244.24,110.96,1.86,52.22,42.61,-4.16,63.97,1153.75,52.42,1183.41,20.47,5.54,796.70,16944.00,16425.00,16093.00,1.47,10.89,36.64,63.97
Greenply Industr,526797,GREENPLY,INE461C01038,Consumer Durables,Plywood Boards/ Laminates,287.15,3583.41,260.61,411.95,273.54,14.79,514.88,51.93,37.52,50.47,24.93,41.35,21.28,42.08,14.34,15.98,0.00,32.08,805.86,17.03,2863.11,14.32,20.65,37.61,111.71,14.33,11.82,33.78,5.19,1.96,246.88,218.68,273.40,71.48,3.36,46.91,24.67,5.24,27.87,882.34,54.59,861.02,15.16,4.01,724.89,52337.00,53767.00,53182.00,4.44,31.42,12.22,27.87
Grindwell Norton,506076,GRINDWELL,INE536A01023,Industrial Products,Abrasives & Bearings,2059.30,22789.47,630.87,2960.00,1833.30,16.42,60.71,58.04,115.51,22.30,94.45,118.74,-3.38,135.57,95.58,107.43,0.00,52.23,883.55,14.04,3173.04,12.94,14.19,115.31,436.30,21.18,16.17,17.92,14.35,4.68,542.14,458.49,1831.03,166.80,12.24,46.35,264.64,13.29,490.06,2479.39,999.16,1443.96,32.09,9.00,803.30,45545.00,46994.00,47110.00,5.21,19.59,17.17,490.06
GSP Crop Science,544733,GSPCROP,INE713R01022,Fertilizers & Agrochemicals,Pesticides & Agrochemicals,590.50,2741.17,198.90,659.80,430.47,10.50,262.03,71.72,26.39,12.30,23.50,20.51,34.37,,-6.00,58.50,0.00,26.22,,,1526.11,17.84,2.39,26.39,104.55,18.95,16.56,24.64,6.84,3.02,59.38,37.83,428.86,,,68.73,32.41,4.81,172.21,725.14,16.43,1199.16,13.82,3.56,386.00,7876.00,8444.00,,9.19,0.37,18.73,172.21
Gufic BioScience,509079,GUFICBIO,INE742B01025,Pharmaceuticals & Biotechnology,Pharmaceuticals,413.70,4141.81,152.93,504.25,350.99,7.66,404.75,72.50,22.46,86.08,12.07,20.57,9.19,27.14,15.56,14.94,0.00,56.33,268.40,16.48,974.38,15.46,14.94,22.46,73.53,12.17,9.98,20.26,8.61,6.93,44.19,122.78,350.36,45.05,2.71,55.55,28.21,-1.68,74.36,654.15,2.87,800.26,26.80,6.25,260.82,29753.00,29223.00,31876.00,0.47,3.67,23.36,74.36
Guj Inds. Power,517300,GIPCL,INE162A01010,Power,Power Generation,170.18,2642.38,632.87,270.00,161.02,16.72,3594.17,56.57,157.90,174.75,57.47,326.85,-51.69,32.82,-3.20,21.30,0.00,5.25,409.58,27.44,1618.88,23.78,34.39,157.90,502.85,5.47,10.93,150.02,31.63,0.34,649.00,1126.54,160.93,166.07,2.11,57.48,469.00,-15.61,262.60,3685.02,96.47,817.04,6.99,0.69,499.28,90955.00,91261.00,92374.00,2.88,4.99,34.11,262.60
Guj Pipavav Port,533248,GPPL,INE517F01014,Transport Infrastructure,Port & Port services,164.81,7973.85,802.59,262.00,159.00,17.63,36.87,44.01,147.90,41.76,104.33,156.07,4.01,195.40,107.91,160.73,0.00,14.66,378.98,26.60,1240.22,25.07,32.64,147.90,543.93,28.06,20.77,38.92,44.58,1.45,510.31,449.03,158.94,235.40,4.04,73.67,1049.25,13.69,675.92,1904.99,355.12,1058.05,8.52,3.34,331.77,240608.00,233922.00,245885.00,22.05,13.82,20.12,675.92
Guj. Ambuja Exp,524226,GAEL,INE036B01030,Agricultural Food & other Products,Other Agricultural Products,183.36,8433.47,571.79,210.61,146.55,0.78,441.00,63.84,176.77,171.87,65.02,134.80,30.63,134.73,65.92,38.02,0.00,20.13,1837.74,23.61,6031.59,25.31,23.47,176.77,418.99,12.46,9.72,76.32,11.09,2.08,228.04,340.58,146.18,181.34,2.94,64.23,12.16,-0.98,13.71,3249.12,1060.51,1361.81,12.34,2.55,1594.22,107147.00,114043.00,137348.00,3.02,0.65,32.50,13.71
Guj. Themis Bio.,506879,GUJTHEM,INE942C01045,Pharmaceuticals & Biotechnology,Pharmaceuticals,369.25,4033.30,77.96,479.45,359.63,22.98,161.82,70.87,11.07,22.19,9.06,10.89,1.65,17.89,12.46,14.26,5.44,82.85,50.03,18.14,173.74,17.51,22.08,11.07,48.68,17.86,17.41,9.15,25.28,5.68,48.78,91.03,359.53,24.00,1.64,54.25,12.55,-14.58,6.09,276.87,0.00,88.78,49.46,13.98,43.79,27010.00,26886.00,28945.00,1.76,1.17,26.18,6.09
Gujarat Alkalies,530001,GUJALKALI,INE186A01019,Chemicals & Petrochemicals,Commodity Chemicals,676.85,4953.64,498.58,1044.75,614.68,16.95,575.22,47.28,54.98,498.98,-13.78,14.98,267.02,10.80,-19.95,16.34,0.00,74.66,1169.45,7.96,4497.87,7.07,12.65,54.98,66.35,1.40,-0.04,293.05,4.42,0.78,406.44,381.18,614.05,135.72,1.47,53.60,133.97,0.25,171.18,5117.45,1632.98,1179.87,8.56,0.96,1244.91,64106.00,73032.00,75202.00,3.26,3.02,46.44,171.18
Gujarat Energy,539336,GUJENERGY,INE844O01030,Gas,LPG/CNG/PNG/LNG Supplier,267.20,25088.38,3740.76,682.65,323.71,31.88,3243.47,38.94,999.23,69.80,588.49,409.55,563.64,452.89,266.84,279.81,0.00,12.83,5503.84,45.59,22775.64,27.32,63.12,1007.40,1955.43,18.49,15.76,39.07,10.55,0.98,2720.89,1805.86,324.28,699.16,4.79,40.75,359.40,7.85,1314.25,18251.26,1010.00,10132.48,7.92,1.00,9544.98,327344.00,173919.00,171466.00,10.85,24.18,18.73,1314.25
Gujarat Fluoroch,542812,FLUOROCHEM,INE09N301011,Chemicals & Petrochemicals,Specialty Chemicals,4682.70,51544.43,1332.00,4959.45,3803.41,5.58,2290.00,61.39,221.00,21.43,182.00,104.75,119.00,241.38,102.00,179.00,5.97,83.45,1383.91,14.37,5303.00,9.52,23.97,219.00,617.69,9.86,7.60,-0.37,13.79,5.71,961.00,545.24,3794.57,376.01,21.97,62.96,221.94,-3.25,350.00,7855.00,278.00,4408.00,38.12,6.54,1588.00,61120.00,62703.00,68420.00,4.41,13.33,20.86,350.00
Gulf Oil Lubric.,538567,GULFOILLUB,INE635Q01029,Petroleum Products,Lubricants,1151.30,5705.08,606.67,1513.55,1068.58,13.51,511.07,66.85,127.52,31.93,96.66,90.02,41.66,116.00,77.11,87.13,0.00,14.36,1164.95,21.76,4315.30,17.72,32.52,127.52,397.34,27.46,24.29,7.13,9.66,1.65,362.52,423.26,1067.75,148.37,23.41,57.88,1027.43,17.36,1140.57,1550.81,191.58,2371.94,7.75,3.64,1320.36,72647.00,73350.00,93151.00,7.78,8.70,16.32,1140.57
H P C L,500104,HINDPETRO,INE094A01015,Petroleum Products,Refineries & Marketing,363.20,77578.90,34393.60,508.45,399.44,28.57,55964.43,54.90,-12264.67,-398.34,4110.93,6065.26,-302.21,-2687.89,4011.40,3859.30,0.00,46.42,115357.32,14.38,471530.26,9.40,26.85,-12264.67,1671.29,22.24,30.94,-83.64,-8.72,0.36,36110.68,14230.88,399.80,9.89,-12.63,31.77,253.80,12.81,170.93,63427.91,28012.18,53488.30,12.19,1.18,140584.25,518531.00,500343.00,495629.00,13.58,22.85,8.65,170.93
H U D C O,540530,HUDCO,INE031A01017,Finance,Financial Institution,186.05,37199.92,12164.66,353.95,204.98,24.65,141677.01,75.00,851.11,35.05,630.23,1981.31,-57.04,1295.08,713.00,709.83,0.00,8.74,4050.87,25.84,13930.26,25.95,26.55,851.11,4255.25,8.41,20.05,52.98,22.90,-0.19,-33912.22,-31420.60,205.17,3806.70,6.47,31.59,64.54,-17.45,226.11,19973.56,2226.92,3505.27,13.79,1.69,3717.17,757055.00,790412.00,879366.00,2.40,10.09,12.49,226.11
H.G. Infra Engg.,541019,HGINFRA,INE926X01010,Construction,Civil Construction,513.70,3347.20,1042.05,1880.00,657.19,51.09,5029.23,71.78,57.53,-41.78,98.82,55.75,-152.61,39.59,94.08,51.84,0.00,12.89,862.82,-4.61,4853.06,-3.14,-25.75,-44.52,259.74,11.33,8.52,-39.76,5.28,-0.96,249.71,-877.67,658.64,204.22,6.07,35.68,196.90,-15.74,253.55,3199.84,11.67,5159.07,7.47,1.03,1100.59,120066.00,121715.00,128602.00,1.37,10.11,16.74,253.55
Happiest Minds,543227,HAPPSTMNDS,INE419U01012,IT - Software,Computers - Software & Consulting,414.30,6302.60,488.06,1580.80,419.82,34.87,1494.19,44.21,67.60,18.33,57.13,58.56,10.51,62.69,40.30,54.02,0.00,26.86,643.45,12.18,2393.72,11.50,14.30,67.60,234.66,13.32,13.84,18.38,10.76,2.32,261.41,236.43,419.88,115.10,4.12,60.45,1058.23,7.58,912.71,1659.44,503.52,1572.03,13.62,3.73,628.51,640983.00,642274.00,679128.00,6.00,5.66,42.89,912.71
Happy Forgings,544057,HAPPYFORGE,INE330T01021,Industrial Products,Castings & Forgings,2328.20,21991.84,497.99,2340.00,1387.73,0.50,329.62,78.46,91.46,39.23,65.69,83.56,9.45,111.07,78.94,73.44,0.00,67.17,452.72,19.96,1641.96,15.53,27.03,91.46,327.40,18.03,15.03,21.60,20.35,7.23,444.67,292.33,1378.28,140.51,11.77,90.19,136.56,-0.14,52.94,2109.25,237.03,834.07,41.09,10.32,449.42,64341.00,57815.00,63790.00,1.88,15.54,4.12,52.94
Harsha Engg Intl,543600,HARSHA,INE0JUS01029,Industrial Products,Other Industrial Products,438.05,3989.56,256.47,613.85,400.54,6.60,372.16,75.00,37.38,-1.45,37.93,47.23,-20.86,48.26,33.60,36.44,0.00,25.80,467.11,23.46,1718.93,20.22,25.22,37.38,154.65,13.00,10.51,41.50,8.17,2.73,68.49,206.34,400.16,67.82,5.30,61.23,76.18,0.25,44.98,1310.65,473.21,890.24,15.17,2.85,457.43,68521.00,70615.00,78464.00,1.79,13.02,10.19,44.98
Hatsun Agro,531531,HATSUN,INE473B01035,Food Products,Dairy Products,963.70,21432.84,1190.34,1505.54,936.18,18.26,1838.25,73.17,133.69,-9.72,148.08,50.89,162.70,147.17,60.58,120.18,0.00,58.67,2823.52,18.57,10413.16,17.54,21.92,133.69,365.34,15.28,19.42,23.28,4.33,2.02,1556.54,1443.05,935.90,337.56,6.61,57.67,61.84,12.15,51.19,1922.24,43.48,722.20,19.60,11.04,3090.49,28463.00,28179.00,31256.00,3.13,10.25,13.46,51.19
Havells India,517354,HAVELLS,INE176B01034,Consumer Durables,Consumer Electronics,1278.00,80767.18,2721.44,2106.00,1306.74,21.24,265.20,59.35,290.38,-16.49,347.72,723.06,-59.95,349.92,300.05,318.28,0.00,48.47,5350.52,11.95,23590.61,10.10,19.48,289.71,1666.37,24.90,19.03,18.01,4.44,4.40,1571.99,1523.01,1307.03,462.09,5.58,57.38,3378.11,7.67,2363.50,9392.74,888.37,7825.23,29.58,8.48,6518.19,303644.00,274520.00,259315.00,15.91,18.04,6.47,2363.50
Hawkins Cookers,508486,HAWKINCOOK,INE979B01015,Consumer Durables,Houseware,8087.50,4269.80,193.74,9900.00,8054.75,15.76,29.39,56.03,30.38,17.12,25.94,39.78,-23.63,48.70,33.52,31.95,0.00,31.48,388.32,22.70,1331.98,18.16,33.06,30.38,135.63,40.89,31.67,17.37,9.55,4.23,87.59,101.91,8054.42,53.95,92.10,37.56,189.74,20.16,190.92,439.96,0.00,539.27,20.46,9.60,318.13,17574.00,18840.00,17847.00,2.74,16.03,25.18,190.92
HBL Engineering,517271,HBLENGINE,INE292B01021,Industrial Products,Other Industrial Products,712.90,19777.42,1171.98,1122.00,753.12,36.46,66.87,59.11,109.09,-25.07,145.59,66.11,71.25,547.23,220.10,387.26,0.00,24.67,1878.80,53.63,3339.09,62.97,6.03,109.14,801.53,58.45,45.34,133.59,17.11,5.52,738.44,239.14,753.52,585.76,19.73,49.64,142.59,16.36,551.91,2186.52,401.69,2024.96,17.11,8.92,638.03,349936.00,340740.00,381826.00,5.62,0.97,34.28,551.91
HCL Technologies,532281,HCLTECH,INE860A01027,IT - Software,Computers - Software & Consulting,1318.40,358391.81,28122.00,2012.20,1354.58,25.94,5215.00,60.88,4624.00,20.32,3843.00,4488.00,3.03,6010.18,4082.00,4236.00,0.00,19.77,36104.59,13.03,134374.00,12.59,13.94,4626.00,18130.33,30.40,23.81,6.80,13.38,1.44,19975.00,22261.00,1354.94,7343.13,22.14,53.56,21289.00,26.09,23425.00,74622.00,7090.00,63582.00,11.72,4.76,34579.00,1023551.00,877717.00,885835.00,14.90,18.75,5.14,23425.00
HDB FINANC SER,544429,HDBFS,INE756I01012,Finance,Non Banking Financial Company (NBFC),692.35,57505.41,10450.91,891.90,708.66,14.71,99230.05,74.12,785.20,38.31,567.70,750.60,4.61,1067.06,643.90,581.40,0.00,20.83,5067.13,11.48,18902.20,11.97,10.58,785.20,2761.10,9.09,13.94,27.72,15.90,-0.52,-8605.56,-13626.33,708.82,2880.13,12.85,49.72,984.27,-11.67,1673.61,19833.72,3747.66,3497.70,14.42,2.78,4937.90,925474.00,961497.00,,3.55,12.10,10.00,1673.61
HDFC AMC,541729,HDFCAMC,INE127D01025,Capital Markets,Asset Management Company,2624.00,113120.99,3795.82,2967.25,2601.33,11.57,0.00,52.34,838.36,12.09,747.92,623.29,34.51,900.07,770.09,718.06,0.00,38.35,1178.97,14.90,4249.27,15.14,13.51,838.36,2949.80,42.88,32.93,13.24,76.32,5.24,2530.09,2076.70,2601.10,926.79,20.99,56.87,12.75,23.58,24.17,9016.89,9396.23,322.49,28.97,12.18,1098.50,432914.00,435815.00,426484.00,24.10,14.76,8.79,24.17
HDFC Bank,500180,HDFCBANK,INE040A01034,Banks,Private Sector Bank,725.05,1117150.58,291457.59,1020.50,829.03,28.95,3733201.93,0.00,19244.71,18.37,16257.91,20350.76,-3.28,25996.14,20691.04,20363.77,0.00,14.14,89238.34,2.58,351818.61,2.81,3.67,20382.69,79012.77,7.02,13.64,11.96,22.50,1.66,113506.38,127241.84,830.08,37759.25,15.93,36.08,132227.37,2.02,187493.84,599871.21,1339916.99,459208.93,15.99,1.86,90575.33,4532753.00,4230425.00,3725911.00,41.82,41.75,16.27,150579.79
HDFC Life Insur.,540777,HDFCLIFE,INE795G01014,Insurance,Life Insurance,542.00,117201.80,2217.81,820.75,628.73,33.49,3099.00,50.54,611.19,11.46,548.35,497.49,22.85,315.91,418.19,448.29,0.00,59.34,24013.19,16.28,103726.83,4.30,14.58,611.19,1975.16,10.30,11.28,5.05,1.81,0.76,22625.06,15597.06,629.60,316.13,1.45,45.22,1820.95,80.47,1990.23,17389.57,401179.04,9002.55,56.10,6.02,33758.51,705326.00,691649.00,738630.00,19.27,20.19,9.98,774.36
Health.Global,539787,HCG,INE075I01017,Healthcare Services,Hospital,730.45,10897.01,492.24,799.70,631.47,8.66,1735.36,64.21,13.77,189.89,4.75,19.31,307.43,22.74,-7.90,20.66,5.17,226.17,731.87,13.14,2627.35,13.72,13.36,16.46,48.18,8.31,2.55,29.93,2.37,3.07,347.10,317.11,630.48,133.97,1.27,63.73,347.70,3.00,540.92,1182.67,13.89,1135.21,23.60,8.19,695.10,48905.00,47649.00,47028.00,2.73,19.20,13.86,540.92
HEG,509631,HEG,INE545A01024,Industrial Products,Electrodes & Refractories,711.95,13746.80,655.55,991.00,572.79,4.95,796.03,56.27,122.34,22.57,99.81,-118.80,207.53,42.03,206.97,143.33,0.00,38.82,824.79,17.96,2638.89,20.20,11.10,122.34,354.12,8.35,7.42,80.07,17.97,5.10,213.20,279.71,571.40,117.83,2.18,65.40,147.04,1.96,250.13,4719.32,1477.55,2490.62,20.70,2.89,680.79,139601.00,137675.00,148036.00,8.47,9.27,25.97,250.13
Heidelberg Cem.,500292,HEIDELBERG,INE578A01017,Cement & Cement Products,Cement & Cement Products,160.22,3626.20,318.58,284.95,165.61,27.81,14.23,69.39,30.55,-36.66,48.23,47.59,-32.43,31.02,15.60,24.93,0.00,29.84,541.59,5.85,2360.16,6.59,5.12,30.55,121.52,14.67,10.08,5.60,4.86,1.08,198.08,264.65,165.67,59.89,1.37,58.44,478.16,13.72,407.84,1145.23,20.45,942.32,11.01,2.65,628.11,78468.00,78433.00,83556.00,1.07,13.87,15.66,407.84
Hemisphere Prop,543242,HEMIPROP,INE0AJG01018,Commercial Services & Supplies,Diversified Commercial Services,130.91,3722.09,-5.42,264.95,138.17,31.41,87.37,51.12,-3.20,-21.21,-2.64,-1.72,-86.05,-4.57,-3.24,-3.62,0.00,,0.23,-4.96,0.91,-4.21,-37.50,-3.20,-11.78,-1.14,-2.70,-46.15,-2133.33,-7.04,-151.43,-16.86,138.24,-2.34,-0.16,38.06,50.04,-11.91,25.13,148.71,0.00,200.48,-689.31,8.60,0.15,129095.00,132259.00,141272.00,1.08,0.29,47.52,25.13
Heritage Foods,519552,HERITGFOOD,INE978A01027,Food Products,Dairy Products,378.75,3521.99,274.63,727.90,368.10,30.07,361.48,41.30,24.97,-38.42,40.55,23.36,4.30,38.60,34.60,51.00,0.00,27.76,1258.28,13.10,4727.33,11.53,17.71,24.97,126.89,14.80,12.60,-28.12,1.87,1.52,237.18,213.93,367.99,70.49,4.16,74.51,69.67,4.24,70.27,1056.93,185.77,508.11,13.64,3.19,1338.09,126513.00,127671.00,132548.00,1.98,6.38,50.34,70.27
Hero Motocorp,500182,HEROMOTOCO,INE158A01026,Automobiles,2/3 Wheelers,5740.50,115183.58,8372.48,6390.00,5224.09,10.16,778.61,34.73,1412.36,-17.18,1705.29,1460.00,-3.80,1887.99,1275.15,1320.98,0.00,20.80,15783.83,29.18,50809.84,25.64,34.94,1417.93,5537.94,35.22,28.10,9.93,10.80,2.07,8314.62,4297.39,5218.90,2184.08,93.96,64.93,574.08,23.17,766.70,21571.17,19286.36,6699.70,13.88,5.31,13126.35,887953.00,895516.00,892622.00,31.09,24.26,9.82,766.70
Hester Bios,524669,HESTERBIO,INE782E01017,Pharmaceuticals & Biotechnology,Pharmaceuticals,2413.10,2054.75,102.92,3379.00,1940.78,10.08,194.80,53.73,15.79,-3.95,16.44,14.11,484.82,9.43,9.32,14.33,0.00,38.68,76.53,7.83,325.74,4.09,-8.17,96.73,53.12,15.25,15.90,41.30,20.12,3.93,64.14,64.51,1936.03,18.68,11.09,50.91,7.22,6.94,6.54,351.73,42.58,208.56,21.78,5.70,77.24,11961.00,12373.00,11810.00,0.31,0.00,45.95,6.54
Hexaware Tech.,544362,HEXT,INE093A01041,IT - Software,Computers - Software & Consulting,544.20,33284.57,2304.40,900.15,568.99,34.42,683.00,74.30,329.90,-13.16,379.90,351.60,-6.09,484.50,291.60,369.90,0.00,23.50,3980.24,14.26,14420.00,13.02,17.93,330.20,1416.37,30.07,24.86,6.61,8.59,2.02,1739.10,1548.00,569.24,625.25,7.92,44.46,1987.20,22.93,1982.50,6650.70,0.50,5359.80,13.75,4.95,3845.20,126681.00,118229.00,109853.00,3.19,16.06,6.23,1653.90
HFCL,500183,HFCL,INE548A01028,Telecom - Services,Telecom - Infrastructure,223.90,34274.73,827.12,234.65,141.28,4.58,1744.38,28.29,228.60,809.06,-32.24,178.50,33.17,278.90,102.37,71.92,2.08,59.86,2087.04,100.03,5993.23,58.66,119.85,245.64,572.58,10.86,6.95,1590.52,12.83,33.16,-378.13,396.00,140.45,405.91,1.70,57.85,491.32,-6.43,468.42,4737.72,134.91,6703.19,28.92,7.01,1914.98,732721.00,803693.00,858638.00,15.74,10.92,45.02,468.42
Hikal,524735,HIKAL,INE475B01022,Pharmaceuticals & Biotechnology,Pharmaceuticals,212.26,2613.03,232.70,742.00,222.69,24.92,683.80,68.85,-16.30,27.23,-22.40,61.50,-151.39,-18.39,-5.90,-34.90,0.00,61.63,319.22,0.23,1735.00,-5.37,5.89,-7.40,42.40,3.52,2.95,-33.02,-4.05,0.76,302.00,280.40,222.80,28.48,-1.49,44.05,18.00,4.79,13.80,1174.10,9.50,884.10,13.38,2.18,402.80,73527.00,74270.00,71391.00,0.98,7.23,22.92,13.80
Himadri Special,500184,HSCL,INE019C01026,Chemicals & Petrochemicals,Carbon Black,704.20,35532.12,1131.51,819.50,591.68,14.07,769.98,52.49,229.52,26.33,181.69,200.79,10.07,215.34,192.04,176.14,0.00,44.46,1248.14,16.54,4974.29,9.80,28.04,228.43,799.17,22.12,17.77,30.01,15.95,8.78,382.01,446.86,590.55,257.11,4.27,39.71,671.81,3.92,735.47,4656.23,1059.91,2698.74,29.49,7.55,1431.88,414141.00,408408.00,448339.00,6.80,3.33,37.38,735.47
Hind. Unilever,500696,HINDUNILVR,INE030A01027,Diversified FMCG,Diversified FMCG,2028.00,477607.99,15790.00,2904.71,2217.95,23.77,1478.00,61.90,2728.20,-3.72,2833.53,2811.16,-10.49,3545.09,6603.00,2694.00,0.00,43.31,17117.16,7.53,66052.00,5.80,10.05,2680.00,11027.55,28.42,31.03,3.61,15.77,3.33,10999.00,11886.00,2219.86,3980.18,15.05,38.69,7554.00,22.48,3248.00,48504.00,4359.00,14774.00,29.58,9.78,17341.00,1115507.00,1106831.00,1167945.00,9.50,16.92,11.60,3248.00
Hind.Aeronautics,541154,HAL,INE066F01020,Aerospace & Defense,Aerospace & Defense,4998.00,334720.77,13528.22,5675.00,4441.79,2.95,65.82,71.64,1589.68,14.88,1383.77,4196.08,-62.12,1587.01,1866.66,1669.05,0.00,35.91,7114.06,7.32,33784.98,7.42,14.45,1589.66,9321.51,31.97,23.97,12.22,28.82,2.59,10906.38,13643.46,4436.20,1904.26,23.73,66.33,38182.25,23.47,46196.79,40706.73,1914.06,117818.76,20.74,8.14,5515.17,1211981.00,1291771.00,1302820.00,9.34,11.90,7.03,46196.79
Hind.Construct.,500185,HCC,INE549A01026,Construction,Civil Construction,21.22,5555.71,739.72,101.09,21.66,25.54,1019.15,16.18,51.08,0.69,50.73,58.94,-13.34,10.07,8.07,47.78,82.43,41.04,799.57,-16.78,3871.68,-20.64,-8.97,51.08,135.38,24.85,11.89,366.39,5.14,1.07,892.00,133.62,21.67,101.45,0.04,49.23,697.45,13.21,458.39,1865.20,198.39,5036.32,9.52,2.61,993.42,726389.00,725141.00,720889.00,11.38,3.70,68.75,458.39
Hind.Oil Explor.,500186,HINDOILEXP,INE345A01011,Oil,Oil Exploration & Production,158.20,2089.50,124.48,399.25,158.43,16.14,49.76,0.00,6.24,-47.91,11.98,7.77,-19.69,,8.28,2.83,0.00,83.18,,,298.68,-17.80,45.17,6.24,25.12,3.41,2.34,-78.58,5.47,1.06,177.84,160.70,158.43,,,49.38,135.69,5.45,54.57,1252.45,0.37,533.35,18.11,1.51,114.18,90352.00,94700.00,95509.00,1.88,0.13,97.99,54.57
Hindalco Inds.,500440,HINDALCO,INE038A01020,Non - Ferrous Metals,Aluminium,1029.85,232145.64,36918.00,1179.35,943.83,12.68,99165.00,34.67,8676.86,116.70,4004.00,4111.00,170.04,8217.18,2049.00,4741.00,0.00,11.15,81791.20,23.82,295537.00,20.28,32.06,7013.00,20827.98,13.21,12.97,20.33,10.23,0.98,10250.00,24410.00,942.97,11739.22,36.57,53.93,10846.00,-1.12,14808.00,136361.00,24958.00,133146.00,7.15,1.69,84825.00,699601.00,691308.00,690932.00,31.41,19.82,13.26,14808.00
Hindustan Copper,513599,HINDCOPPER,INE531E01026,Non - Ferrous Metals,Copper,560.10,54158.14,1533.83,760.05,482.47,26.31,110.92,66.14,352.61,162.59,134.28,444.06,-20.59,518.72,156.31,186.02,0.00,44.78,1246.42,73.57,3498.05,67.07,81.36,352.61,1209.42,42.40,32.93,147.12,37.65,5.30,1473.57,544.31,481.69,598.70,5.36,62.30,68.09,13.64,809.64,2864.20,30.54,1415.59,29.11,16.18,936.50,1305636.00,1339149.00,660201.00,5.96,4.84,23.05,809.64
Hindustan Foods,519126,HNDFDS,INE254N01026,Diversified FMCG,Diversified FMCG,653.25,7916.18,376.59,749.15,537.76,3.66,1088.26,61.84,42.76,32.75,32.21,42.33,2.91,53.60,38.76,35.23,0.00,48.94,1221.25,17.59,4400.19,17.64,17.90,42.76,161.76,14.20,14.83,40.19,3.56,7.26,100.02,113.68,536.60,103.51,4.42,77.55,83.62,-6.42,51.71,1141.18,5.28,1605.00,22.58,6.70,1201.08,60623.00,63403.00,72312.00,5.86,14.65,17.63,51.71
Hindustan Zinc,500188,HINDZINC,INE267A01025,Non - Ferrous Metals,Zinc,573.90,243804.19,22989.00,807.70,556.28,21.71,8726.00,60.71,5425.00,146.14,2204.00,4997.00,8.57,6014.79,3879.00,2632.00,8.14,14.41,13176.09,54.56,46622.00,38.91,77.22,5425.00,16914.30,69.25,76.38,66.06,39.64,1.35,16857.00,14127.00,556.10,7292.76,14.24,55.56,175.00,37.57,314.00,21630.00,14440.00,3239.00,9.27,10.79,13687.00,918245.00,897257.00,819883.00,2.20,4.96,4.21,314.00
Hirect,504036,HIRECT,INE835D01023,Industrial Manufacturing,Industrial Products,1278.40,4524.79,86.67,1400.00,962.28,8.69,244.64,42.58,7.55,-40.88,12.77,3.16,511.39,14.96,12.70,14.72,6.81,115.46,319.57,40.68,1042.81,41.95,20.34,6.50,39.19,18.81,25.21,-8.78,1.79,,85.81,35.63,959.10,24.67,4.22,54.77,1.13,1.96,4.98,201.70,0.13,442.20,60.44,21.07,258.45,22219.00,21700.00,18496.00,6.84,3.22,47.37,4.98
Hitachi Energy,543187,POWERINDIA,INE07Y701011,Electrical Equipment,Heavy Electrical Equipment,33510.00,150474.97,1508.30,38800.00,28123.67,13.63,86.10,71.31,294.15,123.52,131.60,330.46,-10.99,390.78,261.42,264.36,0.00,126.33,2753.46,50.25,9162.50,40.17,68.62,294.15,1191.16,29.36,21.91,135.80,11.80,20.98,1244.83,1493.77,28069.54,428.08,87.67,49.06,3806.77,15.78,4689.48,5167.04,0.00,10357.89,85.42,28.86,2493.69,102826.00,90555.00,92331.00,12.44,6.32,9.91,4689.48
HLE Glascoat,522215,HLEGLAS,INE461D01028,Industrial Manufacturing,Industrial Products,311.80,2165.60,148.54,1510.00,382.79,52.90,347.60,65.64,2.77,-81.23,14.76,18.45,-89.83,17.39,4.60,13.96,0.00,54.97,425.10,21.19,1369.79,26.31,5.92,2.05,39.39,11.79,10.77,-30.00,0.68,2.19,161.22,134.36,383.50,37.72,2.50,31.84,52.16,7.58,58.50,520.03,0.00,716.07,18.69,4.06,300.75,71078.00,71271.00,77418.00,2.05,4.71,27.60,58.50
HMT,500191,HMT,INE262A01018,Industrial Manufacturing,Industrial Products,60.51,2136.78,-53.44,164.10,58.60,17.05,1033.33,93.69,-29.21,-5.19,-27.77,-37.45,22.00,-58.03,-27.24,-39.08,0.00,,36.84,42.64,147.03,8.82,17.84,-29.21,-132.98,,,4.66,-100.97,-1.07,43.95,-46.41,58.58,-38.31,-1.63,48.18,205.76,30.61,261.97,-2382.27,0.17,492.27,-52.66,,28.93,26136.00,26897.00,27930.00,0.00,0.00,0.70,261.97
Home First Finan,543259,HOMEFIRST,INE481N01025,Finance,Housing Finance Company,1187.40,12433.86,1522.54,1519.00,1147.88,13.64,10590.05,6.98,159.85,34.45,118.89,149.45,6.96,238.54,140.20,131.85,0.00,21.39,573.76,20.20,1998.98,21.36,18.61,159.85,581.35,11.13,15.71,40.70,29.71,-0.60,-1939.78,-2196.42,1147.48,451.16,22.82,50.84,938.24,-14.99,841.02,4335.68,812.23,1165.79,14.05,2.84,538.01,81261.00,82905.00,86471.00,43.90,29.83,19.29,841.02
Honasa Consumer,544014,HONASA,INE0J5401028,Personal Products,Personal Care,483.80,15763.13,319.60,547.00,371.11,5.12,135.35,35.47,90.25,118.36,41.33,69.19,30.26,62.10,50.20,39.23,4.15,62.44,662.42,23.11,2552.63,21.08,27.00,90.45,252.46,19.22,15.71,242.32,11.97,13.36,141.35,102.18,369.98,76.93,1.90,59.55,331.29,10.25,213.72,1086.48,272.44,958.94,40.99,11.15,755.95,85336.00,78187.00,81090.00,13.64,21.58,29.30,213.72
Honda India,522064,HONDAPOWER,INE634A01018,Industrial Manufacturing,Industrial Products,2073.70,2106.37,119.18,4500.00,2260.49,34.17,0.99,66.67,11.10,17.09,9.48,25.51,-58.77,10.68,16.67,11.17,0.00,28.81,201.12,14.53,899.79,11.78,22.17,11.10,73.11,11.50,8.61,-0.22,5.87,2.71,-10.67,22.09,2262.37,16.44,10.53,40.59,542.16,0.10,79.43,793.23,0.00,775.76,16.55,2.62,189.25,25099.00,25273.00,23419.00,0.98,18.27,14.09,79.43
Honeywell Auto,517174,HONAUT,INE671A01010,Industrial Manufacturing,Industrial Products,36715.00,32459.74,792.20,59994.00,35201.82,11.52,110.50,75.00,150.70,20.95,124.60,160.34,-5.64,142.97,121.20,119.50,0.00,58.03,1208.09,5.11,4703.20,6.59,1.80,150.70,559.33,16.95,12.59,9.31,12.51,6.39,492.60,426.30,35186.61,159.46,161.71,42.19,3291.20,9.69,3805.80,4453.90,0.00,5796.00,35.07,7.27,1204.40,33525.00,34974.00,35226.00,3.94,11.31,9.74,3805.80
Horizon Industrial,,,INE685T01010,,,,17297.16,599.57,,,,6903.76,,-55.95,,,,,,,,,,,,691.38,77.15,,-57.64,-206.03,3.18,-6.18,-17.68,-44.81,,464.07,235.14,,,,,301.17,2.66,1651.59,3214.54,737.42,1864.45,37.61,,128.62,,,,,,,1651.59
HPL Electric,540136,HPL,INE495S01016,Industrial Manufacturing,Industrial Products,314.65,2017.70,286.27,694.30,368.19,39.50,755.09,72.66,18.67,1.30,18.43,30.86,-39.51,33.61,19.52,22.35,2.42,21.20,521.86,20.12,1943.31,14.96,34.52,18.69,95.18,13.46,9.92,0.01,3.63,1.21,226.48,138.21,368.73,74.33,5.22,35.84,61.28,2.62,81.16,935.90,10.35,1713.07,9.20,2.02,515.24,122523.00,126744.00,140916.00,0.75,0.10,26.50,81.16
Hubtown,532799,HUBTOWN,INE703H01016,Realty,"Residential, Commercial Projects",198.81,2830.13,342.11,2364.25,217.64,45.68,1197.25,33.17,24.92,-68.57,79.28,22.81,1.37,-14.14,23.42,31.67,15.91,30.07,268.82,28.93,611.72,28.63,-16.96,26.58,94.13,9.52,5.90,-21.79,17.08,-5.28,186.60,-579.76,217.83,50.85,-0.93,57.87,190.35,-2.90,327.95,2485.56,81.17,5099.44,11.25,1.08,155.62,33699.00,33419.00,29842.00,1.48,0.20,65.14,327.95
Huhtamaki India,509820,HUHTAMAKI,INE275B01026,Industrial Products,Packaging,274.60,2072.68,218.74,451.85,215.55,16.79,144.56,67.73,43.73,76.83,24.73,25.60,70.82,41.11,30.30,36.77,0.00,15.20,686.66,9.91,2610.37,4.68,22.51,43.73,136.40,11.98,8.96,87.18,5.83,1.09,237.81,142.34,214.96,61.71,5.44,52.51,175.99,10.72,298.93,1333.73,128.01,1544.55,7.33,1.54,750.02,35339.00,35296.00,35913.00,0.66,1.03,30.58,270.63
Hyundai Motor I,544274,HYUNDAI,INE0V6F01027,Automobiles,Passenger Cars & Utility Vehicles,2227.00,180662.11,9543.69,2890.00,2051.18,22.94,1097.56,82.50,888.62,-35.10,1369.23,1255.63,-29.23,1449.31,1234.40,1572.26,0.00,36.49,18041.89,3.33,70685.09,3.55,-0.48,888.62,4950.91,38.40,29.89,-10.31,5.44,2.22,7321.13,4344.92,2049.41,2054.94,17.84,65.47,8579.17,14.19,10551.98,19202.48,7.36,18476.71,19.16,9.04,16334.63,769187.00,768407.00,926594.00,3.28,11.65,2.53,10551.98
I O B,532388,IOB,INE565A01014,Banks,Public Sector Bank,33.16,63854.85,26109.22,228.90,35.44,20.67,423432.65,92.44,1659.24,49.34,1111.04,1505.45,10.22,1944.47,1365.12,1226.42,0.00,11.09,9057.30,15.40,33287.71,14.86,18.85,1659.24,5756.23,6.07,14.86,50.97,18.90,-8.74,5501.50,2770.60,35.46,5457.87,1.01,39.56,16880.40,0.44,15168.94,20156.60,122607.48,34933.10,18.01,1.62,8777.57,955025.00,968298.00,1008128.00,0.47,4.29,2.80,12015.04
I O C L,530965,IOC,INE242A01010,Petroleum Products,Refineries & Marketing,135.90,191556.28,83803.27,196.80,146.96,28.08,131822.39,51.50,-1630.74,-123.93,6813.71,14458.08,-107.52,8284.05,13502.26,8190.86,0.00,5.69,216189.08,21.03,858482.06,13.47,38.51,-1141.09,33651.81,18.66,20.48,110.76,-0.43,0.32,76142.08,34452.40,147.07,14823.08,5.87,37.78,2645.48,7.94,4414.66,205745.99,73297.53,150071.33,4.29,0.87,266407.28,2859833.00,2789940.00,3080100.00,9.08,9.52,10.32,4414.66
I R C T C,542830,IRCTC,INE335Y01020,Leisure Services,"Tour, Travel Related Services",485.90,38868.02,1926.12,1279.26,574.09,34.25,80.73,62.40,329.86,-0.18,330.45,326.51,1.01,398.90,394.49,341.86,0.00,28.15,1333.26,16.34,5424.71,15.01,18.10,329.86,1380.57,46.09,34.65,5.59,24.09,3.59,1273.72,833.73,574.97,416.62,4.99,36.77,2137.32,21.81,2841.62,4148.38,25.00,6391.17,18.75,9.02,1369.53,1945653.00,1932716.00,1958669.00,3.91,14.86,18.85,2841.62
I R F C,543257,IRFC,INE053F01010,Finance,Financial Institution,86.47,113109.60,27020.51,229.05,103.18,36.96,436471.15,82.90,1927.21,10.40,1745.69,1684.31,14.42,593.52,1802.19,1776.98,0.00,15.73,7032.38,10.37,28630.42,4.87,19.46,1927.21,7190.69,5.64,12.81,7.79,23.33,-0.44,-27026.41,8229.57,103.35,6970.83,0.45,39.29,6143.16,-0.76,977.81,43680.25,28.14,480670.39,19.25,1.99,8261.11,5086488.00,5113569.00,5451172.00,1.17,3.98,11.94,977.81
I T D C,532189,ITDC,INE353K01014,Leisure Services,Hotels & Resorts,687.55,5896.64,120.86,2217.55,606.63,16.36,0.63,87.03,9.64,-3.50,9.99,28.31,-66.78,14.68,28.01,16.35,0.00,71.23,115.73,-2.33,535.38,-7.19,2.68,9.39,82.78,29.77,21.03,3.29,10.55,19.01,70.44,52.84,605.81,16.68,1.71,47.31,220.31,8.62,270.73,336.97,0.00,654.31,46.06,13.95,90.10,32454.00,30734.00,30884.00,0.03,1.78,11.16,270.73
ICICI AMC,544658,ICICIAMC,INE346A01027,Capital Markets,Asset Management Company,3228.90,159534.87,4530.12,3611.00,3032.90,10.58,0.00,87.59,964.63,23.10,783.64,768.58,25.51,,917.09,835.43,0.00,45.77,,,6040.44,20.53,17.55,964.63,3485.73,115.10,85.80,24.43,61.67,6.16,3281.56,2573.50,3030.94,,,57.83,28.01,61.04,147.49,4121.74,3856.54,505.10,33.48,38.26,1564.22,590748.00,624271.00,,2.96,6.80,2.65,147.49
ICICI Bank,532174,ICICIBANK,INE090A01021,Banks,Private Sector Bank,1411.90,1013379.77,168858.28,1500.00,1360.01,4.60,2096680.46,0.00,15440.06,13.88,13557.60,14755.06,3.80,20279.70,13481.13,14318.15,0.00,18.07,50273.03,4.34,198379.35,3.96,6.44,16276.22,56090.16,7.18,15.92,6.05,31.16,1.01,67325.42,122805.26,1359.49,13680.35,26.81,47.45,113747.23,4.84,115688.74,376382.05,939300.36,316449.76,18.09,2.68,52240.85,2104810.00,2082901.00,1875924.00,33.79,42.32,23.68,74009.08
ICICI Lombard,540716,ICICIGI,INE765G01017,Insurance,General Insurance,1625.00,81158.11,3569.34,2301.90,1796.59,21.30,0.00,51.22,403.17,-46.03,747.08,546.56,-26.23,862.65,658.76,819.54,0.00,33.43,7675.97,11.74,27687.08,11.84,10.83,403.17,2428.03,21.88,16.58,-9.23,5.69,3.50,2621.97,1147.31,1798.31,864.74,17.27,42.32,87.57,11.81,986.78,16515.16,60579.40,17551.80,25.11,4.77,7088.22,229599.00,229930.00,240980.00,21.45,20.64,6.57,776.26
ICICI Pru Life,540133,ICICIPRULI,INE726G01019,Insurance,Life Insurance,502.00,72619.89,1704.08,796.80,552.60,28.98,2595.00,72.73,623.91,61.94,385.28,387.15,61.15,-6122.48,295.83,300.99,0.00,45.16,74758.41,194.31,63356.80,-10.49,-79.69,623.91,1607.89,10.14,12.58,35.63,19.59,-1.44,-5355.08,-9407.65,553.11,-6114.44,-42.20,47.77,1007.17,-49.17,1137.70,12181.87,307369.45,7938.21,43.47,5.34,3185.46,319872.00,327841.00,341346.00,10.22,11.81,5.22,1137.70
ICRA,532835,ICRA,INE725G01011,Capital Markets,Ratings,4867.20,4701.53,290.31,7735.40,5503.71,30.29,18.41,51.86,52.93,24.71,42.44,52.45,7.16,52.08,39.06,48.02,0.00,23.94,176.50,29.23,638.39,25.74,31.23,56.46,196.36,23.04,16.72,10.98,32.57,3.11,157.26,144.89,5510.11,62.33,53.68,38.95,281.53,11.08,42.49,1171.09,729.50,201.69,15.15,3.98,163.37,23802.00,22189.00,21176.00,6.90,24.27,16.70,42.49
IDBI Bank,500116,IDBI,INE008A01015,Banks,Private Sector Bank,81.74,87890.14,25321.85,202.25,85.74,30.99,374879.89,94.72,2127.14,5.35,2019.18,2007.12,5.86,3039.57,1959.41,3240.77,0.00,9.43,7425.98,4.46,29542.24,0.92,7.44,2130.57,9317.93,5.92,14.14,17.72,28.22,0.81,16761.75,25795.70,85.78,5543.20,2.82,43.45,19904.23,3.23,31581.40,57811.76,128440.14,71790.78,15.62,1.28,7549.28,718543.00,713776.00,692523.00,0.45,0.10,4.71,31581.40
Ideaforge Tech,543932,IDEAFORGE,INE349Y01013,Aerospace & Defense,Aerospace & Defense,806.60,4008.52,24.70,1344.00,674.02,19.10,83.71,25.26,-2.59,89.01,-23.56,59.99,-104.32,-87.22,-33.85,-19.62,2.95,1019.98,232.38,470.12,281.94,221.12,436.70,-2.59,3.93,-2.81,-3.34,104.52,-3.78,-31.52,-63.41,-76.79,672.68,-32.87,-17.55,42.89,96.76,-15.66,39.32,555.77,105.28,414.76,87.10,5.83,68.59,164872.00,183339.00,192754.00,8.27,10.98,55.49,39.32
IDFC First Bank,539437,IDFCFIRSTB,INE092T01019,Banks,Private Sector Bank,85.84,74256.45,22008.79,100.74,76.22,3.29,353276.23,0.00,1074.96,132.39,462.57,318.94,237.04,843.37,502.54,352.31,0.00,33.02,11220.54,12.92,41957.77,12.32,14.61,1074.96,2248.75,5.98,3.83,72.08,9.73,0.76,6915.03,14394.54,76.12,3932.96,0.98,60.37,13261.29,2.82,10329.17,39720.93,95254.85,28529.42,18.61,1.53,11051.09,2789803.00,2890403.00,3154467.00,36.10,24.35,31.73,11388.78
IDream Film,504375,,INE459E01012,IT - Software,Computers - Software & Consulting,629.95,17043.51,-2.77,644.00,339.65,2.18,6.79,73.72,1.47,3040.00,-0.05,-2.62,156.11,,2.50,-0.05,0.00,,,,2.41,,,1.47,-1.34,,,-509.09,61.25,-2137.12,-2.79,-0.11,336.74,,,60.52,0.00,184.71,0.04,-7.50,0.00,0.04,-23356.52,,2.40,253.00,230.00,228.00,0.00,0.00,26.28,0.04
IFB Industries,505726,IFBIND,INE559A01017,Consumer Durables,Household Appliances,1402.90,5686.59,324.54,2359.90,1314.30,30.72,152.65,74.96,38.06,50.08,25.36,34.15,12.87,53.88,24.51,49.75,0.00,36.39,1503.98,13.94,5665.78,13.18,17.10,38.06,156.28,18.22,14.47,35.53,2.50,2.54,290.89,102.64,1313.41,91.03,13.30,57.60,91.64,14.00,98.11,951.74,379.82,1310.68,16.28,5.72,1523.52,34516.00,33569.00,33469.00,0.79,6.15,18.09,98.11
IFCI,500106,IFCI,INE039A01010,Finance,Financial Institution,81.76,22050.31,1036.95,121.20,65.56,14.66,3523.01,72.57,33.52,-17.40,40.58,14.77,76.95,283.67,20.82,317.43,0.00,122.94,746.70,1.61,1988.20,4.81,-19.68,60.27,179.35,5.03,2.09,-44.13,18.43,-6.87,279.73,-983.74,65.39,406.59,0.59,65.23,5515.36,-1.27,7102.14,6250.13,15080.61,8667.14,17.99,2.46,327.06,957179.00,965982.00,1020493.00,3.50,1.66,20.14,7102.14
IIFL Capital,542773,IIFLCAPS,INE489L01022,Capital Markets,Stockbroking & Allied,333.15,10483.07,943.60,449.00,324.55,19.00,1820.89,30.67,184.09,4.99,175.34,114.74,59.97,140.78,187.85,85.15,0.00,18.39,607.66,6.22,2434.14,2.17,2.29,184.16,570.11,21.07,16.20,-19.19,29.16,-13.34,-1069.58,870.89,324.46,217.35,4.47,38.53,4010.17,-1.21,5065.39,3003.43,389.83,7403.96,6.81,3.38,631.48,70558.00,66511.00,74622.00,15.34,4.72,49.28,5065.39
IIFL Finance,532636,IIFL,INE530B01024,Finance,Non Banking Financial Company (NBFC),636.70,27088.30,8354.38,684.04,520.64,5.67,69175.88,24.84,675.07,189.30,233.35,586.84,14.42,1135.54,501.35,417.94,0.00,12.88,4520.15,36.76,14344.21,36.06,32.73,713.13,2102.54,10.87,12.61,168.66,18.20,-0.35,-13975.99,-4780.83,519.47,2924.11,25.27,68.27,4191.78,-12.33,6373.50,13834.90,6092.45,10279.19,9.61,1.95,3919.15,127688.00,124543.00,149247.00,23.86,7.50,43.80,6373.50
Imagica. Enter.,539056,IMAGICAA,INE172N01012,Leisure Services,Amusement Parks/ Other Recreation,47.45,2681.14,126.14,207.05,48.67,23.34,342.52,74.02,57.15,26.19,45.29,0.34,14292.50,-13.54,-5.17,-38.91,0.00,210.45,46.52,11.26,403.35,7.75,19.92,57.57,12.74,1.86,0.05,-77.57,32.18,2.22,109.92,147.22,48.68,8.37,-0.24,49.48,52.95,1.49,27.12,688.18,12.88,107.27,20.95,2.14,177.60,79993.00,81213.00,85077.00,0.36,1.88,23.74,27.12
Ind-Swift Labs.,532305,INDSWFTLAB,INE915B01019,Pharmaceuticals & Biotechnology,Pharmaceuticals,333.51,2897.64,92.06,351.30,167.44,5.06,17.91,42.93,24.86,183.47,8.77,19.29,63.34,12.91,9.54,7.99,0.00,44.52,343.05,124.75,664.73,53.97,25.35,24.68,65.08,4.70,3.87,195.01,12.99,13.41,-69.88,-25.47,165.77,30.09,1.49,74.02,428.04,-10.51,429.85,1297.19,247.52,976.75,21.62,2.09,191.45,40881.00,39222.00,28709.00,10.70,0.17,46.19,429.85
Indegene,544172,INDGN,INE065X01017,Healthcare Services,"Healthcare Research, Analytics & Technology",566.70,13685.16,690.90,736.60,519.99,5.04,144.40,0.00,116.20,-0.17,116.40,95.09,45.80,133.47,102.90,102.10,0.00,32.87,1078.50,34.11,3812.80,30.41,39.73,116.20,416.29,18.82,14.41,-4.39,10.93,2.70,650.80,441.90,519.52,181.79,5.54,63.69,374.60,16.84,381.90,3090.60,1099.50,1518.90,18.76,4.35,1063.10,138533.00,142119.00,151997.00,9.92,8.74,81.34,381.90
India Cements,530005,INDIACEM,INE383A01012,Cement & Cement Products,Cement & Cement Products,370.65,11589.79,440.67,489.65,390.63,24.30,1304.80,75.00,45.81,526.14,-10.75,68.67,-54.87,23.86,-2.67,8.81,0.00,85.85,1176.58,5.33,4479.37,7.06,-0.52,26.85,135.00,1.24,0.37,133.40,4.49,9.65,-26.73,-256.22,390.83,128.20,0.77,36.35,122.88,0.50,60.60,9814.37,83.31,1454.58,23.29,1.13,1019.42,157402.00,156567.00,169844.00,3.40,12.60,9.00,60.60
India Glycols,500201,INDIAGLYCO,INE560A01023,Beverages,Breweries & Distilleries,1101.90,7388.68,699.34,1222.85,992.89,9.89,1690.60,59.63,96.83,32.19,73.25,86.88,11.45,112.47,67.57,65.06,0.00,23.31,1215.28,11.27,4301.34,12.01,8.64,96.83,316.96,12.40,11.26,30.01,8.57,1.47,769.16,362.11,991.79,184.22,16.78,49.92,77.44,-4.12,49.83,2899.27,388.79,1497.81,12.52,2.52,1130.39,52968.00,52848.00,55149.00,2.24,5.21,32.91,49.83
India Nipp.Elec.,532240,INDNIPPON,INE092B01025,Auto Components,Auto Components & Equipments,1100.80,2489.83,148.24,1278.65,918.07,13.91,1.90,70.37,28.13,4.11,27.02,24.93,59.77,26.66,23.20,23.21,0.00,27.30,286.25,27.39,1068.48,26.47,28.11,39.83,91.21,16.96,11.90,10.85,9.39,4.60,40.27,49.56,916.24,31.83,11.79,44.61,23.65,3.44,6.22,810.02,531.53,333.71,16.77,3.03,299.46,24035.00,22994.00,21812.00,0.33,0.22,29.10,6.22
INDIA SHELTE FIN,544044,INDIASHLTR,INE922K01024,Finance,Housing Finance Company,675.30,7345.63,1113.39,1011.75,776.95,30.30,6246.03,46.05,143.02,19.95,119.23,140.06,2.11,206.06,123.94,121.83,0.00,13.89,457.79,24.09,1601.45,25.69,19.80,143.02,528.85,12.86,17.11,28.07,33.08,-0.57,-1183.07,-1435.61,777.97,331.26,18.91,39.16,329.07,-15.10,304.90,3143.75,395.21,621.35,11.48,2.30,432.39,56218.00,59100.00,65803.00,6.86,21.92,25.15,304.90
Indiabulls,533520,IBULLSLTD,INE126M01010,Commercial Services & Supplies,Diversified Commercial Services,25.75,5989.52,323.96,717.97,20.47,20.77,458.55,32.91,142.99,35647.50,0.40,260.86,-27.41,268.08,78.37,75.31,0.00,12.38,857.87,263.09,1101.21,165.66,292.33,141.02,483.93,16.17,23.06,371.40,39.23,-7.71,193.74,5.17,20.42,312.64,1.15,39.44,18.78,2.89,749.51,2636.69,118.34,2594.04,11.93,1.94,359.45,249884.00,249915.00,60247.00,17.08,0.11,45.99,749.51
Indiamart Inter.,542726,INDIAMART,INE933S01016,Retailing,Internet & Catalogue Retail,1749.20,10529.05,679.30,4975.98,2068.28,34.89,23.10,49.07,172.20,12.18,153.50,50.20,243.03,125.88,188.30,82.70,0.00,21.34,440.29,12.61,1611.30,12.74,11.37,172.20,493.40,28.04,20.70,-16.40,41.55,1.53,694.22,623.21,2071.49,134.38,20.93,38.00,84.39,26.54,91.20,2340.29,3792.33,164.18,14.82,4.38,414.40,155473.00,158065.00,169988.00,19.92,12.11,18.88,91.20
Indian Bank,532814,INDIANB,INE562A01011,Banks,Public Sector Bank,871.00,117475.29,57622.32,1000.90,829.86,12.98,892746.00,73.84,3356.63,20.47,2786.20,3173.05,5.79,4552.62,3147.50,3108.63,0.00,9.19,18302.19,10.07,69314.13,9.53,11.11,3357.44,12784.53,6.32,15.45,11.39,18.55,1.65,18815.48,17396.40,829.44,12443.45,33.79,54.25,24768.04,0.97,21998.88,82557.00,251648.00,77484.00,16.85,1.40,18095.14,318231.00,319897.00,331904.00,6.16,17.03,2.98,31796.00
Indian Energy Ex,540750,IEX,INE022Q01020,Capital Markets,Exchange and Data Platform,123.35,10945.64,650.37,318.71,131.75,23.05,11.16,0.00,126.69,12.08,113.04,123.96,2.20,140.11,115.09,121.61,0.00,22.46,174.03,14.31,624.32,13.14,11.39,126.69,487.35,51.79,39.40,12.23,81.25,2.28,424.64,429.60,131.83,147.89,1.57,43.30,112.65,30.80,104.34,1217.64,1935.92,330.84,16.22,8.42,155.93,1396607.00,1409806.00,1388447.00,12.63,31.47,55.63,104.34
Indian Hotels Co,500850,INDHOTEL,INE053A01029,Leisure Services,Hotels & Resorts,735.85,104649.22,3442.96,894.90,700.33,9.37,2836.55,38.12,357.90,20.76,296.37,599.86,-39.45,499.37,954.24,318.26,0.00,53.85,2319.42,13.65,9987.33,13.17,14.61,390.81,1943.44,17.06,14.24,13.24,16.71,4.71,2471.41,2194.37,699.98,704.84,3.21,55.87,2181.56,7.77,1831.19,12909.95,3606.43,3076.68,29.41,8.02,2339.19,638645.00,646147.00,617489.00,21.71,24.47,15.59,1831.19
Indian Metals,533047,IMFA,INE919H01018,Ferrous Metals,Ferro & Silica Manganese,1421.90,7664.90,653.36,1679.90,1310.59,15.36,957.54,58.69,192.34,108.41,92.29,103.22,86.69,194.77,131.46,97.56,0.00,14.62,967.58,34.64,3145.22,23.64,49.71,192.59,524.33,18.37,16.77,46.48,20.05,1.61,318.09,585.35,1309.47,229.58,36.05,49.75,21.43,-2.06,47.12,2663.56,382.76,1335.93,10.73,2.82,960.45,55347.00,52983.00,50152.00,3.59,0.88,36.85,47.12
Indian Renewable,544026,IREDA,INE202E01016,Finance,Financial Institution,114.90,32269.57,7285.39,310.00,130.88,29.68,77845.63,71.76,337.50,36.82,246.68,492.75,-31.51,751.12,584.91,549.00,0.00,16.43,2428.03,18.04,8610.09,19.93,15.46,337.50,1964.16,8.69,15.58,25.78,15.01,-0.22,-14482.46,-14461.40,131.04,2101.65,2.67,34.33,671.18,-16.05,717.15,10972.12,909.82,1743.32,14.55,2.34,2248.39,2465916.00,2519677.00,2669472.00,2.48,2.39,23.35,717.15
Indigo Paints,543258,INDIGOPNTS,INE09VQ01012,Consumer Durables,Paints,1130.70,5395.96,258.94,3348.00,1037.47,15.99,18.37,53.88,42.37,60.74,26.36,57.34,-26.11,44.29,36.16,25.53,0.00,32.59,331.59,11.08,1385.31,8.39,18.72,42.37,165.57,17.94,13.43,15.11,12.10,2.88,211.37,204.95,1036.53,58.66,9.28,56.82,37.10,5.91,28.55,1134.67,289.12,763.17,19.14,4.56,350.05,139467.00,144361.00,159977.00,5.73,25.25,15.16,28.55
IndiGrid Trust,540565,INDIGRID,INE219X23014,Power,Power - Transmission,175.51,19967.63,3258.05,180.96,170.38,3.01,21359.14,,243.19,236.04,72.37,182.26,32.81,396.61,99.91,38.63,0.00,35.34,1552.92,87.84,5015.19,50.96,29.39,245.94,565.07,7.99,7.23,67.88,22.63,0.61,3377.43,2901.59,170.32,1218.03,4.12,37.10,509.00,1.32,350.35,-4171.35,1227.91,1953.47,11.88,2.75,1086.66,,,,,,,350.35
Indiqube Spaces,544454,INDIQUBE,INE06ST01018,Commercial Services & Supplies,Diversified Commercial Services,189.15,4029.23,958.04,243.80,180.16,22.42,5207.09,60.11,-23.88,35.04,-36.76,-22.65,-5.43,-48.06,-17.07,-29.87,0.00,,483.68,38.14,1564.22,38.88,36.66,-23.88,-93.47,6.38,-42.16,30.42,-5.65,0.62,920.39,611.65,180.07,292.74,-2.27,61.94,6.03,8.17,385.34,493.55,0.00,620.35,8.51,7.79,422.69,23865.00,23319.00,,2.16,14.35,23.39,385.34
Indo Count Inds.,521016,ICIL,INE483B01026,Textiles & Apparels,Other Textile Products,435.10,8610.55,463.22,463.80,331.70,6.19,1342.34,58.74,63.22,62.02,39.02,24.20,161.24,37.83,24.43,39.03,0.00,57.07,1178.17,10.92,4389.61,5.30,25.89,63.22,150.88,8.19,5.52,-28.57,5.24,1.88,572.86,394.14,330.66,120.22,1.91,59.71,117.20,4.72,123.78,2315.69,190.07,2199.83,19.57,3.66,1206.96,75948.00,77258.00,77264.00,10.14,5.82,25.30,123.78
Indo Tech.Trans.,532717,INDOTECH,INE332H01014,Electrical Equipment,Heavy Electrical Equipment,3727.80,3956.69,130.73,3980.60,2457.48,6.35,5.20,72.18,25.70,34.06,19.17,23.92,7.44,33.17,24.90,24.78,80.26,39.85,229.16,25.32,846.04,21.99,39.02,25.70,99.30,37.71,28.35,28.73,11.28,9.76,56.87,55.75,2444.71,35.22,31.23,60.57,93.09,8.60,113.71,363.09,0.00,444.65,27.35,10.59,227.89,24680.00,25871.00,27561.00,0.28,0.05,27.50,113.71
Indo-MIM,544837,INDOMIM,INE084101034,Industrial Manufacturing,Industrial Products,919.55,45533.50,1196.72,989.95,756.91,7.11,1367.96,77.65,240.12,31.64,182.41,128.16,72.57,,,,,70.53,,,4192.99,25.93,9.39,240.12,587.87,24.98,23.43,20.16,19.70,5.72,1077.24,506.27,755.27,,,69.23,175.27,7.44,470.62,2771.14,9.88,2471.91,38.80,,1218.74,946298.00,,,2.34,6.07,13.95,470.62
Indoco Remedies,532612,INDOCO,INE873D01024,Pharmaceuticals & Biotechnology,Pharmaceuticals,222.68,2045.90,145.13,530.25,231.99,32.97,1089.75,58.86,-19.49,45.56,-35.79,-24.66,376.35,-27.36,-29.45,-9.21,0.00,,543.22,12.08,1873.14,11.96,6.33,65.44,-75.25,0.93,-9.42,33.39,-4.20,1.03,192.23,94.93,232.08,47.87,-2.94,46.65,17.07,-7.19,32.99,920.82,1.46,1193.35,18.34,2.19,467.50,32457.00,32276.00,33129.00,1.27,17.68,22.04,32.99
Indostar Capital,541336,INDOSTAR,INE896L01010,Finance,Non Banking Financial Company (NBFC),251.40,4064.83,-226.51,607.80,240.74,14.02,5476.76,70.36,11.47,102.43,-471.45,-423.93,102.71,-40.78,8.30,10.49,0.00,,353.43,-0.88,1413.48,-1.92,5.93,11.47,-393.67,-2.58,-23.63,8.37,3.15,-0.33,-988.94,-1061.13,240.63,109.75,-2.52,51.10,422.44,-14.47,310.38,3621.08,981.93,400.51,43.05,1.07,363.87,59070.00,60134.00,62570.00,2.56,2.20,24.88,310.38
Indrapr.Medical,532150,INDRAMEDCO,INE681B01017,Healthcare Services,Hospital,376.80,3452.40,295.67,640.85,404.37,41.20,36.86,51.00,55.85,8.53,51.46,41.70,33.93,64.10,41.00,49.46,0.00,18.36,423.21,11.07,1523.60,10.92,11.26,55.85,188.01,35.83,27.47,12.12,13.75,1.81,167.44,156.75,404.64,78.48,6.99,52.23,321.75,17.01,263.30,648.70,0.00,416.59,10.62,4.67,406.15,75098.00,72980.00,70211.00,2.77,0.59,45.65,263.30
Indraprastha Gas,532514,IGL,INE203G01027,Gas,LPG/CNG/PNG/LNG Supplier,150.55,21020.56,2518.31,302.00,169.54,32.65,97.75,45.00,240.41,-43.97,429.05,340.54,-29.77,265.53,392.01,384.95,0.00,15.45,4477.87,11.30,16840.32,9.94,17.19,237.92,1360.99,17.90,14.01,-18.29,5.19,0.86,1935.58,2198.80,169.73,413.11,1.90,43.85,2265.36,5.74,2926.21,11224.44,3174.77,5571.58,7.92,1.83,4586.73,367377.00,365478.00,359666.00,10.16,30.02,9.81,2926.21
Indus Inf. Trust,544137,INDUSINVIT,INE0NHL23019,Transport Infrastructure,"Road AssetsToll, Annuity, Hybrid-Annuity",134.06,8186.88,555.17,138.99,124.47,3.55,4602.88,,129.39,7.33,120.55,106.28,21.74,9.28,96.43,59.38,1.93,20.91,144.91,17.41,775.25,-3.56,52.77,129.39,391.48,6.77,7.92,-20.29,45.44,4.26,598.54,438.96,124.37,100.93,0.15,60.26,195.22,4.74,583.97,530.51,144.93,1758.13,19.73,1.25,284.77,,,,,,,583.97
Indus Towers,534816,INDUSTOWER,INE121J01017,Telecom - Services,Telecom - Infrastructure,368.80,97662.59,18288.50,505.00,404.27,23.41,21126.90,51.26,1745.80,0.52,1736.80,1792.90,-2.63,2429.41,1775.90,1839.30,0.00,13.65,8667.04,5.85,32866.60,6.72,4.64,1745.80,7153.90,19.48,18.61,-26.57,20.71,0.61,15684.00,19645.00,404.63,4726.87,9.21,36.29,1856.10,14.16,1552.30,37007.50,4315.60,11213.20,6.35,2.45,8431.10,341960.00,335735.00,366757.00,23.20,21.42,4.05,1552.30
IndusInd Bank,532187,INDUSINDBK,INE095A01012,Banks,Private Sector Bank,1008.00,78906.01,30044.44,2038.00,922.36,6.48,442719.95,15.82,1037.05,71.68,604.07,594.17,74.54,479.40,127.98,-436.88,42.78,59.67,11001.59,-5.23,45296.87,-6.38,-7.78,1037.05,1322.32,5.68,1.36,31.08,9.17,4.80,992.89,18277.79,921.50,5390.60,6.15,49.46,49710.83,0.02,29185.72,64960.52,125007.05,97623.78,16.94,1.19,11309.94,568147.00,601056.00,695674.00,29.17,41.86,12.76,29185.72
Info Edg.(India),532777,NAUKRI,INE663F01032,Retailing,Internet & Catalogue Retail,1360.90,88946.93,1464.72,1838.99,1169.08,5.49,258.53,37.48,350.03,17.03,299.10,520.07,-35.16,295.70,316.75,347.50,0.00,60.31,914.04,13.48,3374.62,13.86,11.37,490.05,1474.90,3.45,1.81,42.55,43.69,9.18,1076.43,875.84,1167.15,336.64,4.15,67.99,267.13,2.12,375.91,37783.59,42299.32,3632.09,38.69,2.33,880.75,257916.00,236961.00,202670.00,23.72,27.83,10.90,375.91
Infosys,500209,INFY,INE009A01021,IT - Software,Computers - Software & Consulting,1130.00,459689.30,46226.00,2006.80,1281.23,34.61,8737.00,13.82,7769.00,12.25,6921.00,8501.00,-8.63,10333.44,6666.00,7375.00,0.00,14.75,49969.82,12.32,184582.00,11.22,14.03,7775.00,31174.41,39.95,31.89,14.33,16.13,1.30,33986.00,35694.00,1282.75,11835.39,25.44,49.04,24455.00,28.27,22201.00,89082.00,16667.00,98494.00,9.31,5.03,48211.00,2958297.00,2748596.00,2579164.00,27.09,42.78,15.88,21645.00
Ingersoll-Rand,500210,INGERRAND,INE177A01018,Industrial Products,"Compressors, Pumps & Diesel Engines",4705.60,14876.75,370.52,5000.00,4095.79,1.32,9.04,75.00,70.46,19.46,58.98,53.91,8.72,80.71,71.89,60.35,0.00,54.17,359.15,11.56,1456.51,8.59,20.34,70.46,274.61,57.11,43.04,3.76,18.57,6.11,273.66,265.07,4089.66,85.36,25.57,62.27,211.67,30.57,160.01,584.15,0.00,691.59,37.95,24.13,379.46,37829.00,37773.00,35326.00,1.28,8.96,14.75,160.01
Innova Captab,544067,INNOVACAP,INE0DUT01020,Pharmaceuticals & Biotechnology,Pharmaceuticals,1084.20,6229.49,249.59,1260.00,857.09,3.37,343.69,50.90,44.13,42.26,31.02,38.08,15.89,58.14,42.15,29.67,0.00,40.44,520.65,36.88,1749.32,34.47,33.94,44.13,154.03,14.96,13.69,18.68,9.37,5.50,116.52,63.84,854.81,76.44,10.16,71.91,68.17,-4.74,3.87,1033.57,41.29,881.67,24.43,5.69,470.85,35881.00,36965.00,41014.00,0.34,19.92,28.84,3.87
Inox Green,543667,INOXGREEN,INE510W01014,Commercial Services & Supplies,Diversified Commercial Services,175.08,7073.15,168.30,271.64,177.84,35.55,88.28,56.12,40.70,84.75,22.03,28.11,43.88,-0.21,24.66,28.07,0.00,57.70,94.73,10.32,275.78,16.34,-22.97,40.79,122.59,8.42,5.62,204.19,94.22,12.09,66.89,60.37,177.87,5.16,-0.01,41.45,48.17,1.90,504.58,1305.62,550.35,1040.94,33.31,4.12,43.29,114521.00,117889.00,147635.00,7.86,1.87,34.17,504.58
Inox India,544046,INOXINDIA,INE616N01034,Industrial Products,Other Industrial Products,1923.60,17438.94,387.76,2119.80,1530.77,9.26,81.04,74.86,58.07,-4.99,61.12,72.84,-22.82,78.00,60.70,60.84,0.00,67.81,426.85,19.16,1618.22,19.94,9.18,58.07,257.16,33.48,26.13,12.26,15.66,10.99,116.65,121.97,1526.82,90.18,8.59,49.08,20.93,1.24,23.46,1099.46,297.03,1257.73,45.34,15.62,370.79,146500.00,140355.00,174808.00,6.86,7.67,10.61,23.46
Inox Wind,539083,INOXWIND,INE066P01011,Electrical Equipment,Heavy Electrical Equipment,73.90,12771.68,1063.24,258.37,101.04,53.61,1586.95,44.18,44.00,-58.44,105.86,91.26,-39.35,124.19,126.65,120.62,8.08,37.08,1250.75,11.76,4384.97,17.08,-1.47,64.09,344.40,10.48,7.09,-22.34,7.87,-2.13,-598.12,137.96,101.32,244.83,0.49,40.13,212.87,-10.62,611.72,4653.80,550.35,7612.16,13.04,2.00,814.10,515129.00,473186.00,423464.00,14.53,10.02,31.28,611.72
Insolation Ener,543620,INA,INE0LGX01024,Power,Power Generation,93.42,2065.22,304.62,475.00,134.37,62.56,887.91,66.12,37.04,-13.80,42.97,70.07,-45.55,,50.72,36.95,0.00,10.60,,,2524.83,60.90,104.68,38.03,194.78,22.20,28.13,58.45,5.13,10.64,-73.13,113.10,134.78,,,27.76,313.93,-13.20,520.94,785.10,35.53,1409.71,7.51,2.55,740.70,26561.00,15112.00,5271.00,0.84,1.27,31.75,520.94
Intellect Design,538835,INTELLECT,INE306R01017,IT - Software,Computers - Software & Consulting,685.70,9608.17,709.42,1255.00,789.63,44.92,158.71,29.63,102.07,8.02,94.49,120.23,-15.31,112.40,27.42,101.92,0.00,25.98,914.40,20.62,3181.66,22.59,20.45,101.82,369.90,16.03,12.36,4.84,12.05,1.94,510.50,431.36,790.67,177.15,8.01,36.12,327.52,8.41,491.02,3100.27,634.58,2103.80,12.79,3.02,845.17,112804.00,114663.00,103830.00,23.51,7.34,39.53,491.02
Intellig Sup Tru,544005,,INE0QSW23016,Transport Services,Shipping,128.00,3901.44,762.65,128.00,103.26,0.00,2277.43,,2.49,103.17,-78.43,1.16,114.66,-10.87,-1.41,-39.32,,,350.19,1.61,1379.86,2.24,0.09,2.49,-37.08,3.61,-5.64,77.29,0.72,,925.36,1006.65,103.01,206.94,-0.36,,1.16,-20.16,0.72,-1022.36,38.81,871.53,7.33,1.93,344.91,,,,,,,0.72
Interarch Build.,544232,INTERARCH,INE00M901018,Construction,Civil Construction,1688.30,2844.98,212.02,2762.60,1904.90,38.89,17.53,59.44,28.25,-0.46,28.38,36.60,-22.81,48.97,37.26,32.28,0.00,20.80,614.05,25.04,1976.88,29.11,20.72,28.25,136.80,23.66,16.76,18.00,6.15,6.57,-18.82,53.08,1907.08,54.70,29.12,34.82,198.78,-4.16,81.21,864.34,46.68,776.62,13.51,3.21,459.65,63547.00,71121.00,65679.00,4.86,6.10,29.61,81.21
Interglobe Aviat,539448,INDIGO,INE646L01027,Transport Services,Airline,5165.00,200407.95,15021.20,6232.50,4973.19,16.28,77749.20,41.57,-237.60,-110.92,2176.30,-2313.25,90.62,-2226.56,549.10,-2582.10,0.00,,20570.71,10.86,89049.70,8.96,19.94,-238.00,-3203.25,5.24,-27.10,-147.77,-0.97,0.96,23469.90,24151.30,4971.26,1946.89,-57.49,45.23,18962.90,26.70,23999.30,6584.50,27674.80,32185.40,17.46,28.64,24584.10,374212.00,402483.00,303062.00,20.32,31.85,6.23,23999.30
International Gemological Instit,544311,IGIL,INE0Q9301021,Commercial Services & Supplies,Diversified Commercial Services,335.80,14505.49,1038.65,642.30,349.44,14.34,142.76,76.55,165.74,30.99,126.53,179.60,-7.72,204.64,134.55,129.79,0.00,23.79,370.20,21.88,1362.75,21.59,23.22,165.74,609.68,69.25,55.81,24.26,44.70,,624.10,393.38,349.58,221.62,4.74,40.54,388.26,26.92,272.76,1401.56,0.00,958.03,16.24,9.75,370.78,172894.00,187343.00,190286.00,9.49,5.51,8.44,272.76
Inventurus Knowl,544309,IKS,INE115Q01022,IT - Services,IT Enabled Services,1791.60,30803.61,1099.32,2190.00,1668.54,7.35,766.06,63.72,193.74,27.85,151.54,205.97,-5.94,269.24,183.33,180.72,0.00,40.33,943.18,20.75,3347.32,21.10,20.74,193.74,763.76,36.86,40.32,40.91,21.68,7.15,673.59,317.89,1667.30,317.97,15.68,48.19,192.30,13.43,192.30,2223.79,360.82,945.54,27.16,13.72,893.63,63025.00,60385.00,59218.00,8.01,7.50,18.55,229.10
IOL Chemicals,524164,IOLCP,INE485C01029,Pharmaceuticals & Biotechnology,Pharmaceuticals,163.75,4804.06,291.14,179.78,115.41,8.85,135.42,62.28,64.48,89.87,33.96,53.18,21.25,57.92,20.58,30.00,0.00,27.20,706.26,24.44,2523.63,18.56,37.08,64.48,176.61,11.29,8.42,67.75,8.53,2.14,214.42,178.68,114.92,84.81,1.97,56.81,207.94,0.50,198.25,1739.67,21.12,1224.00,14.26,2.67,756.26,119311.00,131550.00,125040.00,4.87,0.43,32.41,198.25
ION Exchange,500214,IONEXCHANG,INE570A01022,Other Utilities,Water Supply & Management,373.10,5477.27,298.43,768.40,400.04,23.23,482.19,25.43,4.11,-91.56,48.70,24.10,-87.40,24.44,20.56,49.92,0.00,49.77,815.88,11.16,3032.11,10.15,20.11,3.06,110.06,14.06,12.13,-47.98,0.44,7.62,-28.47,32.05,400.31,52.97,1.67,37.86,465.80,-11.06,318.67,1324.80,15.82,2356.72,22.05,4.09,700.46,120052.00,116996.00,125651.00,4.86,15.32,38.21,318.67
Ipca Labs.,524494,IPCALAB,INE571A01038,Pharmaceuticals & Biotechnology,Pharmaceuticals,1900.10,48191.15,2122.97,1945.10,1586.54,2.31,808.76,44.72,401.89,72.33,233.21,332.49,38.34,504.04,363.67,280.53,0.00,35.09,2885.24,12.86,10125.58,10.59,20.76,424.27,1373.47,16.98,15.70,53.52,15.22,3.80,1141.97,1321.32,1583.39,643.90,18.82,63.54,344.23,5.24,564.59,8038.44,843.56,5740.19,20.19,5.98,2788.10,82060.00,82184.00,85582.00,10.72,37.04,7.19,564.59
IRB Infra.Devl.,532947,IRB,INE821I01022,Construction,Civil Construction,18.95,22899.87,4187.65,39.08,21.11,20.88,20027.06,30.81,306.27,51.26,202.48,296.26,3.38,211.83,210.79,140.82,0.03,23.28,1702.93,-2.75,7686.46,-2.20,1.82,306.27,983.66,7.48,4.31,17.88,14.33,0.89,2098.03,1971.21,21.13,917.50,0.18,29.94,3445.69,5.74,1910.96,20344.88,19328.21,4681.71,9.41,1.09,2137.27,1525882.00,1531354.00,1672808.00,43.87,10.14,15.17,1910.96
IRB InvIT Fund,540526,IRBINVIT,INE183W23014,Transport Infrastructure,"Road AssetsToll, Annuity, Hybrid-Annuity",63.51,5020.97,1233.91,105.00,61.54,2.29,9361.01,,79.44,-19.03,98.11,96.61,-17.77,76.04,59.67,82.74,0.00,15.74,471.29,70.39,1747.33,56.32,69.28,79.44,319.09,6.96,5.11,-13.20,16.14,0.40,1274.77,960.60,61.52,382.20,0.59,52.69,163.37,6.80,525.51,-698.45,590.73,1069.05,9.75,1.00,492.16,,,,,,,525.51
Ircon Intl.,541956,IRCON,INE962Y01021,Construction,Civil Construction,126.54,11903.22,1279.33,351.65,145.42,33.24,5725.63,65.17,92.74,-43.64,164.56,191.60,-51.93,14.12,99.85,136.51,0.00,22.73,1887.64,-4.51,9240.60,-9.92,9.49,92.03,523.65,9.69,9.19,-21.60,4.71,-7.11,-617.58,-1109.53,145.61,157.28,0.15,45.93,4781.63,-12.13,4809.35,6450.54,1431.68,11803.66,10.39,1.79,1955.83,1080370.00,1106688.00,1201235.00,4.61,1.79,28.16,4809.35
ISGEC Heavy,533033,ISGEC,INE858B01029,Construction,Civil Construction,761.75,5601.48,687.83,1677.25,921.52,32.23,950.91,62.43,8.95,29.15,6.93,73.23,-79.40,99.29,84.44,56.28,0.00,21.43,2159.40,27.69,7457.93,19.52,45.98,17.50,261.44,10.85,4.19,13.15,0.88,1.28,764.97,116.18,923.13,171.74,6.91,34.41,146.50,8.61,397.16,2729.23,66.15,6034.34,8.22,2.05,1980.00,38896.00,38998.00,37060.00,3.76,10.24,23.55,397.16
ITC,500875,ITC,INE154A01025,Diversified FMCG,Diversified FMCG,271.65,340562.82,30108.95,495.46,319.63,36.38,2399.06,0.00,4090.25,-22.00,5244.20,5406.54,-17.57,5509.79,5018.45,5186.55,0.00,17.25,18581.63,-4.72,76487.98,-3.23,-11.07,4508.79,19748.27,38.91,29.32,-1.41,21.96,1.55,18464.31,17627.04,320.11,5980.45,4.29,37.71,4012.36,20.82,3008.79,71254.35,38128.43,29957.77,11.94,4.69,19114.37,4152430.00,4041653.00,3648989.00,34.23,49.13,16.61,3008.79
ITC Hotels,544325,ITCHOTELS,INE379A01028,Leisure Services,Hotels & Resorts,166.12,34589.71,1683.57,261.62,175.42,34.82,74.19,39.85,180.25,35.42,133.10,313.04,-42.69,213.03,236.83,133.29,0.00,37.53,981.34,16.90,4259.88,16.09,14.77,181.91,921.57,11.23,7.89,35.30,19.43,,1109.85,801.06,175.52,314.84,1.01,48.17,1653.56,3.37,765.36,11449.52,1955.76,2432.86,20.07,2.97,936.02,2286422.00,2325723.00,2489470.00,11.61,23.98,24.53,765.36
ITI,523610,ITI,INE248A01017,Telecom -  Equipment & Accessories,Telecom -  Equipment & Accessories,279.50,26872.30,97.02,592.85,291.23,25.06,764.99,90.02,-32.33,45.85,-59.71,-23.13,-107.45,-42.55,-25.58,-54.24,0.00,,356.64,-34.37,2110.73,-41.28,-14.65,-32.47,-128.99,1.43,-9.13,51.01,-7.61,-238.02,-135.40,-153.57,291.35,4.37,-0.44,45.18,422.10,20.65,350.76,889.18,0.41,6759.85,268.89,14.54,425.03,151049.00,162249.00,194122.00,0.08,0.06,1.94,350.76
J & K Bank,532209,J&KBANK,INE168A01041,Banks,Private Sector Bank,148.19,16312.94,10232.20,202.00,135.52,26.64,177785.49,59.40,428.80,-11.50,484.53,798.56,-46.30,622.38,581.49,494.92,0.00,7.08,3466.31,5.26,13428.76,4.78,8.50,428.80,2303.77,5.84,15.37,7.26,12.09,-5.30,-1125.67,2723.15,135.40,2443.06,5.65,36.73,6739.51,0.00,7621.87,16893.31,42951.83,24965.09,17.91,0.96,3547.48,219636.00,240539.00,265968.00,9.38,7.85,23.37,7077.03
J K Cements,532644,JKCEMENT,INE823G01014,Cement & Cement Products,Cement & Cement Products,5266.00,40653.63,2567.53,7565.50,5503.49,30.17,6182.99,45.66,277.47,-14.47,324.42,332.91,-17.00,273.06,173.61,159.25,0.00,41.63,3504.50,16.07,14401.49,15.92,20.26,274.62,976.47,15.10,15.61,6.47,6.81,2.03,1872.99,1939.39,5505.87,552.94,35.34,39.64,1369.67,1.73,469.11,6959.98,447.26,4129.01,18.46,5.78,4031.72,80353.00,82016.00,76424.00,16.85,23.72,13.76,469.11
J Kumar Infra,532940,JKIL,INE576I01022,Construction,Civil Construction,503.65,3810.90,893.59,936.80,532.54,26.46,589.03,46.64,97.81,-4.79,102.73,105.49,-7.28,98.55,83.86,91.46,22.67,9.82,1307.07,-2.24,5722.66,-2.85,1.95,97.81,387.92,18.34,12.33,-4.63,6.49,0.64,1116.45,375.29,532.83,187.54,13.02,56.21,839.40,7.97,690.80,3324.55,313.92,3709.19,4.12,1.13,1507.42,50819.00,50452.00,57029.00,11.68,15.16,26.52,690.80
J.G.Chemicals,544138,JGCHEM,INE0MB501011,Chemicals & Petrochemicals,Commodity Chemicals,619.90,2427.21,97.86,663.10,429.46,6.51,6.45,70.99,25.08,59.04,15.77,18.21,38.15,24.92,18.36,15.03,0.00,32.29,290.49,31.87,1070.57,23.99,44.79,26.11,75.18,18.13,13.27,16.38,8.27,6.64,43.57,-11.20,427.54,26.50,6.11,68.29,105.33,3.61,38.42,489.23,135.71,478.93,21.60,4.60,315.65,41427.00,43725.00,46172.00,3.21,3.00,22.79,38.42
Jai Balaji Inds.,532976,JAIBALAJI,INE091G01026,Ferrous Metals,Iron & Steel,66.08,6023.87,385.86,262.80,75.39,38.90,416.63,64.84,85.23,20.81,70.55,23.04,298.83,50.49,11.55,26.48,31.09,41.17,1494.61,10.44,6109.69,2.00,23.98,85.23,146.30,9.73,6.03,-65.13,5.07,1.05,357.97,311.28,75.49,97.72,0.55,50.94,126.20,6.61,60.34,2075.11,0.79,2054.69,16.05,2.67,1682.59,47451.00,48105.00,37114.00,2.78,0.10,32.27,60.34
Jain Irrigation,500219,JISLJALEQS,INE175A01038,Industrial Products,Plastic Products - Industrial,28.22,2061.46,815.04,251.97,36.21,52.17,4305.76,26.68,-14.93,-207.18,13.93,-18.62,6.51,5.12,-47.48,15.34,40.77,,1515.32,5.79,6362.25,8.81,-2.41,-17.80,-26.21,5.30,-0.48,-177.36,-1.18,0.33,618.77,793.77,36.29,184.68,0.06,41.72,101.08,3.83,153.10,5703.33,1330.86,5748.00,7.90,0.34,1508.37,194782.00,193943.00,195944.00,3.11,8.68,61.43,153.10
Jain Resource,544537,JAINREC,INE0YD401026,Diversified Metals,Diversified Metals,299.75,10345.73,590.13,593.95,371.78,49.53,1275.88,73.59,69.60,21.02,57.51,66.04,5.12,175.34,126.25,98.59,0.00,28.40,3598.33,70.24,10718.32,65.35,75.86,69.41,364.31,25.66,30.42,66.12,2.55,,-590.67,3.82,372.50,203.74,5.08,39.08,248.30,-10.62,239.32,1492.23,149.35,3009.92,18.76,6.63,2724.46,92382.00,63099.00,,1.23,9.68,15.45,239.32
Jamna Auto Inds.,520051,JAMNAAUTO,INE039C01032,Auto Components,Auto Components & Equipments,121.43,4852.99,405.41,152.60,122.93,20.43,11.91,49.84,48.52,6.05,45.75,87.27,-44.40,68.65,58.23,39.74,1.52,20.07,626.38,17.99,2649.73,15.89,6.65,48.52,241.78,27.47,22.37,34.55,7.94,1.54,510.47,288.93,122.94,89.32,1.72,37.76,144.58,7.70,106.42,1107.14,0.18,602.55,11.46,4.23,611.46,213619.00,210292.00,256184.00,9.01,3.91,37.26,106.42
Jana Small Finan,544118,JSFB,INE953L01027,Banks,Other Bank,562.85,5955.41,3086.17,760.90,466.72,5.08,41281.25,16.94,155.23,52.29,101.93,139.82,11.02,148.54,9.69,74.99,0.00,15.68,1567.17,20.11,5637.43,18.24,22.08,155.23,379.73,7.45,7.63,-12.26,10.25,0.47,593.64,4073.25,465.76,634.43,14.05,55.28,2748.59,4.11,2492.17,4328.25,9812.00,3609.36,13.91,1.34,1514.53,49932.00,50785.00,53351.00,4.01,15.31,62.69,2492.17
Jash Engineering,544402,JASH,INE039O01029,Industrial Manufacturing,Industrial Products,481.50,3048.11,122.59,698.95,462.02,16.03,102.69,43.24,4.86,195.48,-5.09,56.69,-91.02,10.54,13.06,10.96,0.00,35.39,162.43,3.10,758.46,1.36,17.45,5.09,86.12,17.69,16.00,4.88,3.40,5.60,56.08,54.88,461.83,18.07,1.59,43.26,103.32,3.63,93.60,506.48,13.22,617.59,22.55,5.86,149.88,47080.00,45073.00,53685.00,1.54,0.32,54.90,93.60
Jayaswal Neco,522285,JAYNECOIND,INE854B01010,Industrial Products,Iron & Steel Products,93.68,9098.31,1340.67,117.10,83.30,20.00,2108.80,55.15,193.92,108.47,93.02,190.87,1.60,250.00,74.09,105.13,99.87,15.92,2175.43,22.15,7589.03,22.18,27.72,193.92,571.53,20.67,18.05,140.77,9.21,0.72,1367.44,1388.49,83.19,403.57,2.57,58.56,190.62,19.18,267.38,1870.37,2.40,2379.03,7.66,3.20,2106.56,98451.00,96844.00,51611.00,1.32,0.78,42.75,267.38
JBM Auto,532605,JBMA,INE927D01051,Auto Components,Auto Components & Equipments,623.35,14728.78,812.08,1214.18,640.34,21.09,3028.80,67.53,42.20,14.67,36.80,74.27,-47.20,32.31,59.99,55.22,0.00,64.02,1553.54,13.54,6276.94,12.46,15.04,44.26,230.07,14.78,15.55,12.06,3.07,6.69,-59.86,393.92,640.52,171.63,1.30,36.39,194.10,-0.75,129.50,1514.62,408.76,5050.11,21.02,9.58,1442.45,182870.00,183719.00,175550.00,2.03,0.16,30.27,129.50
Jeena Sikho,544476,JSLL,INE0J5801029,Leisure Services,Wellness,506.20,6297.16,358.28,850.00,611.15,40.45,127.28,63.62,65.69,28.03,51.31,45.35,44.85,105.03,66.73,58.79,0.00,26.62,289.64,52.56,851.46,56.71,28.75,65.69,236.56,70.74,60.01,103.13,29.27,6.27,261.99,68.63,612.21,126.82,8.45,36.46,25.96,16.19,107.61,442.54,95.12,330.33,16.43,13.46,224.40,43413.00,25905.00,6603.00,4.78,0.36,31.24,107.61
Jindal Poly Film,500227,JINDALPOLY,INE197D01010,Industrial Products,Packaging,637.00,2785.49,18.05,1449.00,645.47,37.94,4003.74,74.54,88.32,39.13,63.48,75.79,110.85,-75.48,-96.92,-13.41,0.00,47.58,243.31,-40.71,2338.83,-49.74,-23.84,107.19,58.54,-2.03,-0.58,-32.29,12.58,2.69,-97.86,221.57,645.55,-24.59,-17.23,47.51,70.95,-2.54,124.90,3006.96,2976.77,4992.74,-1427.05,0.91,695.80,38947.00,38508.00,42939.00,1.93,0.00,23.52,124.90
Jindal Saw,500378,JINDALSAW,INE324A01032,Industrial Products,Iron & Steel Products,269.75,17234.70,2339.84,383.85,229.62,4.00,4690.74,63.25,104.17,-75.43,424.04,139.43,-26.59,136.72,247.62,138.56,0.00,26.37,4125.81,-2.55,18262.80,-8.57,9.00,90.79,653.48,10.43,8.20,-62.04,2.04,0.82,1771.39,2335.16,229.21,417.94,2.14,55.27,770.28,7.67,543.02,12510.29,105.00,9960.26,10.47,1.37,4452.31,178027.00,207732.00,187168.00,13.08,8.36,15.03,543.02
Jindal Stain.,532508,JSL,INE220G01021,Ferrous Metals,Iron & Steel,718.40,59246.76,5924.89,884.00,733.93,18.73,7460.33,62.04,769.36,7.73,714.16,877.83,-7.86,1037.65,827.78,807.92,0.61,17.99,11978.84,9.97,44026.06,9.82,10.50,768.66,3292.55,19.28,17.73,27.78,6.82,1.39,3394.99,4718.36,734.09,1488.62,12.59,44.53,2269.87,9.27,2934.03,19626.49,1547.18,17499.38,10.55,2.99,11278.54,211641.00,207613.00,219278.00,20.45,7.35,10.12,2934.03
Jindal Steel,532286,JINDALSTEL,INE749A01030,Ferrous Metals,Iron & Steel,1118.90,114342.75,9973.06,1306.20,1105.20,14.34,22609.55,62.71,844.79,-43.45,1493.97,1403.22,-18.96,985.98,188.58,635.08,9.92,37.03,14095.07,20.62,56412.57,16.45,25.93,843.80,3087.85,9.70,8.22,-19.17,5.45,0.96,7204.23,10823.96,1105.06,2387.94,9.67,56.78,4180.05,-2.10,4141.60,50797.16,3167.59,20640.91,13.81,2.24,15482.13,276544.00,271333.00,302190.00,8.84,19.52,8.73,4141.60
Jindal Worldwide,531543,JINDWORLD,INE247D01039,Textiles & Apparels,Other Textile Products,35.10,3497.51,147.10,95.40,32.88,17.22,558.34,61.76,32.40,85.78,17.44,26.13,24.03,18.71,14.33,11.91,18.90,41.26,574.95,0.28,2300.36,-1.72,2.74,32.41,84.77,8.63,7.79,12.65,5.84,2.30,216.01,167.16,32.86,30.83,0.19,47.15,305.70,6.91,358.12,760.13,28.37,1417.84,23.06,4.09,554.72,51876.00,47265.00,27215.00,0.09,0.00,38.16,358.12
Jio Financial,543940,JIOFIN,INE758E01017,Finance,Investment Company,244.60,161812.31,2657.62,394.70,256.85,25.76,21768.36,49.13,830.25,174.44,302.52,272.22,204.99,1361.36,268.98,695.04,0.00,78.30,2666.01,171.66,4905.27,119.23,227.28,830.25,2066.49,1.86,1.19,28.96,41.42,,-15438.64,-10088.73,256.98,1801.40,2.06,45.85,4071.78,-6.17,3598.29,127500.45,133088.67,4236.58,50.56,1.16,2004.47,4965496.00,4944256.00,5118346.00,11.27,13.27,26.15,3598.29
JK Lakshmi Cem.,500380,JKLAKSHMI,INE786A01032,Cement & Cement Products,Cement & Cement Products,557.90,6935.95,1081.82,1021.20,662.39,43.69,2585.78,45.12,108.02,-28.07,150.17,124.06,-13.59,93.46,57.04,80.63,0.00,18.05,1641.55,7.17,6926.48,8.74,9.41,108.07,384.34,12.00,10.69,3.84,5.67,0.68,1082.35,783.66,663.44,223.51,7.52,42.60,196.90,2.28,513.98,3823.54,746.35,1617.00,8.55,1.78,1904.78,165372.00,167247.00,109319.00,8.64,26.57,19.66,513.98
JK Paper,532162,JKPAPER,INE789E01012,"Paper, Forest & Jute Products",Paper & Paper Products,389.60,7067.91,962.21,639.15,366.41,12.41,2577.52,52.94,130.12,64.46,79.12,93.91,51.95,113.19,23.60,77.88,0.00,21.63,1963.53,12.30,7318.60,10.00,13.61,136.27,326.84,7.39,4.77,-4.09,7.22,0.53,772.84,643.38,366.17,267.10,5.96,54.60,37.02,7.65,179.31,5339.21,536.92,2620.84,9.13,1.28,1887.17,130169.00,131792.00,151689.00,11.39,6.27,29.40,179.31
JK Tyre & Indust,530007,JKTYRE,INE573A01042,Auto Components,Tyres & Rubber Products,373.40,10760.42,2087.61,611.90,411.99,38.98,4881.54,51.72,36.15,-76.60,154.50,208.91,-75.22,234.12,207.73,226.86,0.00,14.96,4362.01,8.74,16403.95,9.93,2.00,44.09,719.20,15.51,15.99,56.01,0.92,0.81,1443.84,715.77,412.38,462.68,8.11,35.82,711.38,3.31,301.21,6003.16,120.95,7283.82,7.94,1.78,3946.24,305903.00,284107.00,342938.00,15.75,7.26,25.27,301.21
JM Financial,523405,JMFINANCIL,INE780C01023,Finance,Holding Company,129.16,12345.43,2678.37,199.80,132.19,35.36,11634.63,57.03,291.92,-35.67,453.81,165.36,127.62,318.14,318.46,261.89,0.00,11.69,1021.54,-0.94,4180.29,-5.25,8.03,368.57,1056.01,11.63,11.94,-4.38,30.70,1.19,580.73,5568.65,132.22,586.13,2.63,56.18,4508.84,14.37,4868.11,10561.79,6209.45,9451.13,7.51,1.16,1200.53,175511.00,172802.00,173290.00,16.95,5.50,20.54,4868.11
JNK,544167,JNKINDIA,INE0OAF01028,Industrial Manufacturing,Industrial Products,450.35,2520.44,111.34,897.25,373.89,19.29,90.71,67.80,11.47,915.04,1.13,32.65,-70.85,23.78,17.63,13.02,0.00,33.48,329.85,84.91,899.42,84.36,81.59,9.63,75.29,17.35,12.12,201.64,5.35,-41.82,-2.18,-65.38,373.12,33.28,4.25,50.49,185.54,-6.03,199.00,556.46,14.00,968.90,19.13,4.44,179.96,55674.00,54157.00,54689.00,0.94,10.91,20.35,199.00
John Cockerill,500147,COCKERILL,INE515A01019,Industrial Manufacturing,Industrial Products,7834.00,3863.71,28.19,10871.50,6742.10,27.94,46.75,70.44,-31.37,-108.72,-15.03,6.74,-526.22,,-8.92,,0.00,,,,962.02,,17.89,-31.37,-28.64,,,,-10.51,,,,6731.12,,,34.48,,,299.90,-100.61,0.00,1318.07,125.14,,298.56,14140.00,13233.00,11502.00,0.32,0.11,29.12,382.69
JP Power Ven.,532627,JPPOWER,INE351F01018,Power,Power Generation,17.10,11712.54,1595.11,144.00,17.50,30.20,3391.08,24.00,662.44,138.18,278.13,-13.37,3606.66,249.29,3.77,182.10,72.99,14.03,1561.39,8.56,5756.00,8.80,12.16,468.84,834.94,6.97,3.60,12.35,37.31,0.71,1300.99,1714.28,17.51,488.31,0.36,41.12,1561.29,9.32,2008.85,5878.80,483.09,4192.41,7.54,0.92,1775.70,2447396.00,2456876.00,2492267.00,6.75,11.15,58.08,2008.85
JSW Cement,544480,JSWCEMENT,INE718I01012,Cement & Cement Products,Cement & Cement Products,125.13,17019.87,1425.22,162.20,129.78,22.85,4464.39,72.02,160.64,359.81,34.94,375.77,-57.58,110.94,130.62,75.36,0.08,21.58,1670.94,16.33,6849.05,15.58,21.58,153.43,788.79,11.07,14.67,1332.03,8.09,1.58,1170.21,736.74,129.82,292.30,0.81,33.78,123.52,-2.43,499.74,5209.16,290.14,2872.53,14.34,2.60,1896.41,442995.00,442053.00,,3.70,11.49,11.83,499.74
JSW Dulux,500710,JSWDULUX,INE133A01011,Consumer Durables,Paints,3086.10,14058.96,521.20,4674.00,3104.56,17.63,79.10,61.20,79.70,-12.42,91.00,125.70,-36.60,79.50,74.30,1682.80,0.00,36.62,757.17,-9.31,3577.60,-11.50,-3.02,79.70,383.92,22.73,19.10,-5.42,8.26,3.75,93.20,312.10,3104.74,99.55,17.46,51.86,300.50,-7.85,323.70,2406.10,0.00,1787.10,22.86,5.73,965.00,48114.00,48493.00,48922.00,8.49,21.96,8.33,323.70
JSW Energy,533148,JSWENERGY,INE121E01018,Power,Power Generation,542.00,100064.61,10926.50,804.95,536.17,12.21,76945.78,66.53,470.97,-36.62,743.12,371.57,-7.12,996.73,528.75,824.27,13.28,49.88,6741.45,30.21,18964.89,35.37,1.24,532.70,2006.08,8.16,7.51,-7.65,10.23,1.60,9898.31,3838.48,536.11,3698.45,4.81,40.19,4695.17,-1.71,5765.22,28995.33,11378.93,12141.81,15.43,3.10,5207.13,555401.00,565674.00,585827.00,11.41,16.16,5.82,5765.22
JSW Holdings,532642,JSWHL,INE824G01012,Finance,Investment Company,11465.00,12679.59,165.42,27760.50,14222.59,49.80,0.00,66.28,21.47,9.15,19.67,22.49,-5.38,74.83,19.62,59.61,0.00,101.32,83.65,0.09,183.95,-26.69,15.00,21.47,125.14,0.53,0.40,-29.06,62.09,5.95,139.82,169.03,14250.31,75.02,67.42,46.26,3.41,0.45,2.59,31969.53,34818.62,8.33,75.40,0.40,34.58,28192.00,25929.00,23908.00,22.28,0.18,11.24,2.59
JSW Infrast,543994,JSWINFRA,INE880J01026,Transport Infrastructure,Port & Port services,329.85,76796.90,2933.37,361.00,295.71,7.29,6898.92,73.93,346.63,-9.89,384.68,477.51,-15.59,427.65,364.85,368.81,0.00,49.53,1496.58,18.25,5582.42,19.02,18.06,357.60,1550.39,13.59,15.31,-2.82,24.75,3.45,2021.50,2100.44,295.37,715.84,1.78,49.59,2482.07,2.18,2317.70,10460.46,25.36,4420.44,27.04,6.37,1444.83,430425.00,460256.00,439841.00,11.21,9.19,5.39,2317.70
JSW Steel,500228,JSWSTEEL,INE019A01038,Ferrous Metals,Iron & Steel,1299.70,318951.91,30712.00,1335.00,1213.67,2.64,99310.00,44.29,4651.00,112.96,2184.00,3283.95,-75.60,4175.95,2410.00,1646.00,11.60,26.49,50492.03,11.83,189687.00,12.22,9.77,4696.00,12040.47,10.96,10.24,136.05,9.91,1.18,25152.00,20899.00,1212.80,8577.79,16.91,57.86,13285.00,2.67,40989.00,99748.00,10218.00,102917.00,11.51,3.18,47364.00,610616.00,603274.00,617339.00,25.92,11.49,17.62,40989.00
JTEKT India,520057,JTEKTINDIA,INE643A01035,Auto Components,Auto Components & Equipments,129.27,3589.53,224.53,220.81,137.85,31.60,339.77,74.98,6.22,-42.51,10.82,29.24,-77.37,18.08,20.36,18.23,0.00,46.81,770.46,20.55,2817.54,16.79,26.85,6.22,76.69,9.77,7.81,8.53,0.87,2.23,99.30,194.49,137.94,52.46,0.65,35.95,16.31,-11.41,71.87,1158.07,0.00,709.08,16.93,3.02,717.98,45846.00,45176.00,48886.00,0.60,10.24,14.19,71.87
JTL Industries,534600,JTLIND,INE391J01032,Industrial Products,Iron & Steel Products,74.61,2862.71,167.10,139.01,71.66,14.44,244.06,49.26,32.55,99.45,16.32,34.41,-6.60,33.85,26.49,22.17,5.00,24.96,559.81,30.40,2314.11,19.01,32.68,35.36,114.70,9.57,7.28,35.84,4.90,-3.65,-67.37,-245.69,71.63,45.60,0.82,47.25,77.30,-16.59,44.51,1447.30,22.66,1255.38,15.20,1.92,721.61,85849.00,82504.00,85584.00,4.84,0.14,45.75,44.51
Jubilant Agri,544355,JUBLCPL,INE03CC01015,Chemicals & Petrochemicals,Specialty Chemicals,2284.00,3442.89,202.35,3032.00,1952.49,24.67,51.21,74.36,46.11,4.49,44.13,20.82,131.36,61.56,21.52,42.28,0.00,26.01,611.85,19.28,1972.32,19.91,18.38,46.11,132.37,40.39,33.21,24.34,8.81,,74.80,129.34,1949.15,69.83,40.63,63.00,5.94,13.58,5.71,444.75,0.06,690.23,17.03,7.53,523.18,18430.00,18327.00,17036.00,0.22,0.23,25.20,5.71
Jubilant Food.,533155,JUBLFOOD,INE797F01020,Leisure Services,Restaurants,507.30,33635.95,1983.18,918.00,494.31,24.03,4902.22,40.27,100.32,6.11,94.54,90.60,21.37,142.74,72.88,194.60,1.35,88.27,2709.49,15.78,9838.46,16.28,13.66,100.03,381.07,14.80,20.96,41.60,4.02,2.06,1893.55,1657.86,494.18,539.14,2.10,66.87,154.23,8.85,234.88,2160.13,199.03,1199.80,18.86,14.60,2569.65,346691.00,329084.00,338569.00,13.32,39.59,6.49,234.88
Jubilant Ingrev.,543271,JUBLINGREA,INE0BY001018,Chemicals & Petrochemicals,Specialty Chemicals,720.40,11471.38,608.11,885.00,684.62,9.38,791.81,45.22,105.82,40.91,75.10,86.44,22.42,104.96,46.90,69.47,9.30,36.08,1290.60,15.16,4650.56,10.96,25.28,105.82,317.98,11.37,9.52,14.58,8.14,1.93,524.27,508.10,684.26,174.25,6.59,48.16,98.73,2.23,189.94,3110.45,33.16,2046.37,18.20,3.67,1300.27,110949.00,112696.00,123748.00,6.49,24.98,22.30,189.94
Jubilant Pharmo,530019,JUBLPHARMA,INE700A01033,Pharmaceuticals & Biotechnology,Pharmaceuticals,871.05,13866.24,1325.50,1309.90,970.83,26.48,3614.70,47.67,56.50,-45.09,102.90,128.00,-52.72,147.50,55.80,119.90,6.58,35.73,2303.38,17.14,8608.30,16.27,17.29,56.40,388.07,8.99,6.53,-20.14,2.53,1.16,1226.80,1072.10,971.83,327.92,9.26,31.82,1088.80,-0.26,1267.60,7077.00,61.40,4109.30,12.55,1.96,2229.40,82703.00,86347.00,99673.00,15.87,12.40,23.50,1267.60
Juniper Green,544853,JNPR,INE05C901015,Power,Power Generation,273.76,15602.12,674.23,275.52,258.88,0.64,13760.53,85.94,,,,,,,,,,1067.18,,,718.93,41.33,,,14.62,3.30,0.43,-46.37,,4.02,469.99,365.07,258.73,,,,2652.51,-22.31,3357.50,2934.89,159.91,3622.96,38.57,,,207352.00,,,1.77,5.07,7.22,3357.50
Juniper Hotels,544129,JUNIPER,INE696F01016,Leisure Services,Hotels & Resorts,205.21,4563.43,443.53,538.25,221.08,34.40,1193.66,77.53,33.26,88.55,17.64,67.98,-33.98,51.48,65.42,16.81,0.00,24.62,257.79,11.93,1076.46,11.51,13.04,33.26,185.39,8.04,6.19,139.96,13.33,1.43,393.92,309.22,221.24,96.19,2.31,61.47,17.91,2.44,11.01,2645.93,73.55,124.10,12.87,1.59,249.53,39921.00,39990.00,41054.00,4.47,12.18,5.82,11.01
Jupiter Life Lin,543980,JLHL,INE682M01020,Healthcare Services,Hospital,317.70,10390.85,374.52,354.00,282.48,6.56,584.24,40.91,37.49,-14.58,43.89,49.09,-25.35,58.45,42.49,57.47,0.00,54.36,452.44,14.94,1557.82,14.76,16.44,37.52,191.14,14.80,13.06,-0.87,9.13,4.32,267.71,266.74,282.12,98.40,1.78,55.16,94.98,-4.56,58.17,1478.52,485.80,199.20,28.41,6.74,410.98,33194.00,32985.00,34192.00,9.37,16.51,33.20,58.17
Jupiter Wagons,533272,JWL,INE209L01016,Industrial Manufacturing,Railway Wagons,248.10,10600.92,399.41,748.10,286.74,33.46,996.46,68.31,28.25,-13.61,32.70,33.19,-3.79,56.27,62.35,45.33,0.00,59.58,809.39,3.00,3127.10,-11.73,46.02,26.18,177.93,9.16,6.39,-44.92,3.90,18.30,9.45,104.19,287.13,92.21,1.32,38.29,593.59,-9.84,442.15,2551.10,235.60,2709.03,28.02,3.56,670.74,383497.00,386428.00,381237.00,3.47,0.79,27.43,442.15
Just Dial,535648,JUSTDIAL,INE599M01018,Retailing,Internet & Catalogue Retail,680.65,5794.56,392.06,1894.70,655.05,22.54,84.51,74.14,166.22,4.12,159.65,100.00,66.22,78.98,117.93,119.44,0.00,11.13,326.79,7.83,1243.47,7.27,9.94,166.22,520.66,7.01,3.38,-13.60,50.76,2.19,268.70,311.49,654.80,92.44,9.29,50.57,310.31,5.74,208.73,5021.44,5643.53,271.07,8.14,1.13,327.47,82236.00,82557.00,81344.00,3.21,9.87,12.76,208.73
Jyothy Labs,532926,JYOTHYLAB,INE668F01031,Household Products,Household Products,208.46,7657.91,503.14,595.85,240.84,40.90,51.58,62.89,47.64,-50.78,96.79,67.52,-29.44,80.16,81.12,87.76,0.00,26.96,769.22,4.50,2966.48,3.94,2.95,47.64,284.04,28.66,21.70,-22.98,6.16,1.79,412.13,311.51,241.16,97.83,2.18,56.09,142.35,22.55,310.03,1551.89,506.28,986.75,16.22,4.82,773.40,247104.00,233314.00,220538.00,12.13,13.36,11.61,310.03
Jyoti CNC Auto.,544081,JYOTICNC,INE980O01024,Industrial Manufacturing,Industrial Products,949.75,21571.15,587.23,1504.30,822.13,10.05,852.75,62.55,57.14,-19.99,71.42,90.57,-36.91,102.37,88.51,85.50,20.92,67.05,598.15,17.77,2191.43,17.44,23.97,57.14,321.72,21.32,18.22,-4.40,11.24,-464.15,54.39,-105.43,820.84,141.49,4.50,72.80,125.31,-11.21,137.12,1955.85,15.75,2657.87,38.47,10.79,508.47,89711.00,73051.00,61957.00,6.29,12.59,18.58,137.12
K C P,590066,KCP,INE805C01028,Cement & Cement Products,Cement & Cement Products,165.08,2130.91,415.73,281.79,170.42,22.30,664.23,44.39,36.83,-41.99,63.49,85.22,-54.38,40.70,17.22,48.76,0.00,12.04,658.18,9.42,2678.99,6.55,15.20,55.25,177.04,12.20,12.17,-7.69,7.09,1.58,206.28,160.02,170.48,72.44,2.10,58.41,977.93,-0.43,1166.92,1769.17,24.03,2226.57,4.30,1.19,779.34,51336.00,52338.00,57716.00,2.31,0.55,52.74,1166.92
K P R Mill Ltd,532889,KPRMILL,INE930H01031,Textiles & Apparels,Other Textile Products,1153.20,39549.68,1367.16,1395.40,1015.33,13.55,596.14,67.52,258.54,21.55,212.70,227.17,13.81,261.66,208.60,218.03,0.00,43.35,1709.49,4.75,6819.62,4.20,9.58,258.54,912.34,19.58,15.71,10.65,13.36,3.97,1107.84,1401.32,1013.94,332.17,7.66,63.16,318.18,13.94,1368.31,5663.42,64.13,4121.61,26.48,6.92,1935.52,111866.00,123029.00,123589.00,7.02,19.25,6.19,1368.31
Kajaria Ceramics,500233,KAJARIACER,INE217B01036,Consumer Durables,Ceramics,1220.70,19127.07,918.86,1578.70,1119.69,6.80,228.59,47.69,169.51,52.43,111.20,158.74,9.24,198.80,86.15,133.98,0.00,33.17,1335.12,12.57,5055.70,8.50,20.43,171.03,576.57,23.27,17.90,63.87,12.88,3.08,663.67,500.99,1118.68,248.92,12.53,51.95,582.86,12.33,755.12,3049.65,39.04,1982.33,18.67,6.34,1328.08,125200.00,92831.00,93310.00,11.58,26.24,14.48,755.12
Kalpat.,544423,KALPATARU,INE227J01012,Realty,"Residential, Commercial Projects",288.35,5942.11,210.17,458.10,325.32,32.83,9167.82,81.34,-26.52,46.34,-49.42,200.47,-114.98,-109.59,-67.04,4.96,0.00,48.37,1677.58,111.34,3464.62,62.33,6.54,-29.04,122.84,1.27,2.73,553.27,-6.15,0.56,848.24,488.25,325.69,-60.73,-4.86,51.36,717.23,4.08,825.46,3910.56,187.01,16053.29,62.02,1.44,472.20,53683.00,54264.00,104911.00,5.87,8.23,4.56,825.46
Kalpataru Proj.,522287,KPIL,INE220B01022,Construction,Civil Construction,1387.60,23688.66,2526.69,1499.75,1248.89,7.48,3542.62,33.58,310.06,45.15,213.62,391.33,-27.65,384.28,149.05,237.39,24.55,21.32,7251.21,11.07,27379.86,14.56,3.84,311.53,1111.36,18.28,13.70,57.31,4.86,2.03,1534.38,913.95,1247.50,616.67,22.40,59.14,1759.27,5.34,1842.19,7742.39,2.01,23254.09,10.39,3.05,6407.97,119404.00,118697.00,121346.00,10.77,44.84,10.81,1842.19
Kalyan Jewellers,543278,KALYANKJIL,INE303R01014,Consumer Durables,"Gems, Jewellery And Watches",596.00,61572.65,2699.22,795.40,467.90,8.17,6117.33,62.86,348.67,32.03,264.08,409.50,-14.85,511.78,416.30,260.51,24.85,42.08,11778.77,49.93,39063.32,45.79,45.68,348.67,1463.19,20.52,24.80,82.64,3.29,4.82,1317.52,1209.40,466.61,755.54,4.96,58.29,1031.07,8.38,860.91,5275.97,5.51,16330.73,23.59,9.76,10588.93,769762.00,693848.00,687905.00,10.82,15.83,10.49,860.91
Kalyani Invest.,533302,KICL,INE029L01018,Finance,Investment Company,5258.00,2286.86,48.87,8231.45,5079.93,19.79,0.00,74.98,0.68,121.38,-3.18,19.31,-96.48,19.81,1.71,18.93,0.00,56.29,44.42,1.13,78.22,-1.22,2.94,0.68,40.63,0.49,0.37,-36.71,11.43,-15.50,-17.88,-16.14,5078.14,19.86,45.37,43.40,246.50,-0.15,310.11,11386.97,12123.65,310.59,36.68,0.20,5.95,23781.00,24502.00,26041.00,0.64,0.56,23.80,310.11
Kalyani Steels,500235,KSL,INE907A01026,Industrial Products,Iron & Steel Products,856.65,3741.03,417.37,1278.90,812.82,12.81,475.02,64.70,67.61,10.89,60.97,71.91,-4.81,70.71,61.32,61.82,0.00,13.98,442.15,-3.05,1867.42,-4.88,4.93,67.61,267.63,14.66,13.02,1.98,14.55,1.53,141.73,382.64,812.38,85.90,16.20,47.99,704.21,2.44,773.95,2077.75,143.14,1571.38,8.11,1.78,464.58,43550.00,44840.00,47214.00,1.77,11.48,22.06,773.95
Kama Holdings,532468,KAMAHOLD,INE411F01010,Finance,Holding Company,2424.80,7789.61,3533.54,3500.00,2630.13,23.02,5078.50,75.00,383.68,73.56,221.06,298.83,30.39,673.52,433.82,390.28,0.00,6.87,4324.76,17.77,17143.93,12.91,31.48,761.50,1134.03,14.00,12.63,55.96,15.02,0.25,2561.04,2533.80,2632.19,922.14,105.75,33.36,420.17,3.44,698.78,7979.71,1626.80,7627.92,3.26,0.97,5070.88,13888.00,14106.00,15576.00,0.24,0.03,24.72,698.78
Kansai Nerolac,500165,KANSAINER,INE531A01024,Consumer Durables,Paints,201.51,16299.32,1049.22,453.33,213.85,23.67,302.73,74.96,231.58,4.83,220.91,124.79,107.85,186.48,117.05,133.31,0.00,25.28,2091.79,7.04,8263.47,5.24,9.79,228.41,644.81,11.99,8.82,0.93,9.62,2.25,894.37,672.36,213.97,255.52,2.31,45.47,290.06,8.26,225.78,6632.91,2365.30,3412.24,14.26,2.43,2373.59,145779.00,150761.00,156007.00,4.02,11.88,9.14,225.78
Karnataka Bank,532652,KTKBANK,INE614B01018,Banks,Private Sector Bank,335.05,12682.80,7457.20,337.90,245.57,0.84,114106.07,0.00,418.95,43.28,292.40,408.19,2.64,434.82,290.79,319.12,0.00,8.83,2218.07,1.78,9039.20,0.47,5.37,418.95,1437.05,6.06,10.36,23.41,17.58,1.51,1100.09,209.52,244.67,1530.16,11.49,75.09,6911.47,0.44,7063.49,12846.03,26737.05,19748.36,15.77,0.96,2382.65,374587.00,393841.00,404405.00,13.10,15.75,71.15,7063.49
Karur Vysya Bank,590003,KARURVYSYA,INE036D01028,Banks,Private Sector Bank,334.10,32277.88,9563.37,351.80,287.31,5.03,118288.30,2.07,755.70,44.92,521.45,724.96,4.24,1101.19,689.96,573.96,3.85,11.76,3268.67,16.41,11555.22,16.02,18.72,755.70,2744.58,7.62,19.10,36.93,24.78,1.54,-553.95,4487.08,286.84,2210.84,11.39,55.01,6688.55,1.75,4410.36,13914.54,29019.89,8847.91,14.75,2.29,3049.42,275908.00,272726.00,252957.00,17.92,41.22,38.78,4410.36
Kaveri Seed Co.,532899,KSCL,INE455I01029,Agricultural Food & other Products,Other Agricultural Products,773.40,3990.97,366.12,1602.00,904.72,37.73,0.00,60.50,279.84,-14.18,326.08,-27.81,1106.26,11.21,12.68,-16.20,0.00,15.99,211.98,-3.16,1278.72,1.46,-13.51,279.84,249.60,18.79,18.17,-21.49,37.69,1.62,-6.47,196.91,906.04,27.82,2.18,37.71,20.53,4.97,41.64,1746.49,400.84,2049.47,12.51,2.26,742.50,56948.00,56781.00,64905.00,17.54,3.49,17.67,41.64
Kaynes Tech,543664,KAYNES,INE918Z01012,Industrial Manufacturing,Industrial Products,3815.00,25728.15,730.89,7824.95,4018.47,50.49,912.87,53.46,56.43,-24.37,74.61,91.25,-38.14,115.39,76.64,121.41,0.00,74.08,1212.23,33.77,3898.91,34.85,40.47,56.43,347.29,13.24,9.64,9.39,5.96,-16.72,-600.40,-82.32,4020.51,191.26,17.17,60.65,1056.31,-22.40,798.59,4681.32,257.05,3847.29,34.33,5.39,946.02,449428.00,378546.00,224620.00,5.82,11.78,28.93,798.59
KDDL Ltd,532054,KDDL,INE291D01011,Consumer Durables,"Gems, Jewellery And Watches",3942.70,4840.72,362.91,4155.50,2834.91,5.12,511.83,50.15,29.36,43.71,20.43,25.30,29.56,49.35,38.29,32.66,0.00,49.36,692.54,34.03,2322.23,32.48,36.30,44.75,98.07,11.20,8.94,0.30,7.06,5.94,143.89,-4.26,2823.78,100.05,26.32,70.12,516.90,-1.85,735.04,1067.84,6.33,1805.34,11.81,4.49,633.80,34728.00,41375.00,47220.00,7.98,2.16,39.58,735.04
KEC International,532714,KEC,INE389H01022,Construction,Civil Construction,424.10,11301.55,1919.59,1313.25,583.90,54.79,5377.76,50.10,72.62,-41.72,124.60,192.79,-62.33,192.06,127.46,160.75,0.00,18.82,6228.07,2.24,23506.20,5.14,0.01,72.62,600.47,16.53,11.35,-1.20,1.45,7.00,-414.12,419.07,585.50,410.59,7.22,25.61,655.93,-1.10,511.93,6106.45,0.00,22209.08,9.75,1.83,5023.54,226492.00,197513.00,173927.00,9.92,23.34,16.64,511.93
KEI Industries,517569,KEI,INE878B01027,Industrial Products,Cables - Electricals,5675.00,54301.12,1387.60,5931.40,4804.91,4.32,253.02,35.00,274.14,40.05,195.75,284.31,-3.58,320.26,234.86,203.51,0.00,54.47,3293.60,20.81,12342.79,20.29,22.97,274.14,996.82,20.07,14.75,34.36,8.61,10.05,839.95,-32.21,4796.17,365.29,33.50,61.30,1915.29,-4.79,1512.64,6645.83,1.70,6156.83,35.23,8.14,3185.34,160497.00,158565.00,169780.00,27.32,25.90,11.76,1512.64
Kennametal India,505890,KENNAMET,INE717A01029,Industrial Manufacturing,Industrial Products,3719.60,8184.42,314.50,3890.00,2660.75,1.60,1.90,75.00,88.80,183.71,31.30,51.40,72.76,71.32,24.40,31.40,0.00,41.76,406.34,37.28,1510.70,29.09,47.68,88.80,196.00,33.21,24.48,105.13,18.59,7.40,18.30,144.80,2650.11,84.80,32.45,74.32,165.40,6.90,47.20,831.70,0.00,963.00,25.88,9.58,477.60,12110.00,11023.00,11734.00,0.23,13.33,11.43,47.20
Kernex Microsys.,532686,KERNEX,INE202H01019,Transport Services,Transport Related Services,1837.00,3095.08,151.01,2585.85,1593.33,28.96,162.11,28.73,109.85,1372.52,7.46,68.26,60.93,,6.06,6.52,8.87,16.23,,600.83,877.88,304.50,800.38,109.85,190.72,47.83,43.52,252.66,21.81,-6.29,-99.74,14.55,1590.89,,,38.37,34.33,-19.47,27.00,231.31,0.00,856.62,10.72,12.44,503.58,41803.00,41511.00,42149.00,2.48,0.05,68.69,27.00
Kesar India,543542,,INE0L1C01019,Realty,"Residential, Commercial Projects",1221.00,3815.44,46.24,1340.00,1132.24,8.88,44.40,70.37,16.03,5625.00,0.28,14.54,10.25,,15.34,0.87,0.00,81.56,,,362.73,63.70,1072.84,16.03,46.78,23.36,20.03,60.39,9.37,,-128.13,-7.78,1131.35,,,41.84,33.92,-24.26,37.33,220.65,31.15,399.29,55.55,14.00,171.00,769.00,368.00,341.00,15.35,0.00,14.27,37.33
Keto Motors,537392,,INE392H01026,Retailing,Diversified Retail,288.35,2030.98,0.59,288.35,59.60,0.00,37.97,92.33,0.44,4500.00,-0.01,0.06,633.33,,-0.11,-0.13,0.00,7811.44,,,8.51,,,0.44,0.26,-0.30,-0.67,750.00,6.94,-1144.21,-0.60,0.00,57.30,,,81.58,1.05,-0.37,0.43,-11.62,0.05,54.66,1616.03,34.53,6.34,3336.00,3212.00,4698.00,0.00,0.86,6.81,0.43
Kewal Kir.Cloth.,532732,KKCL,INE401H01017,Textiles & Apparels,Garments & Apparels,518.60,3188.19,261.55,827.45,492.83,12.84,109.00,74.29,38.00,21.48,31.28,31.00,18.70,62.74,37.91,47.29,0.00,21.53,411.96,16.34,1258.01,15.92,19.36,41.00,148.05,18.08,16.14,-1.65,14.70,2.74,183.31,13.66,492.57,81.42,9.44,53.24,132.33,6.16,179.89,901.00,131.00,1023.00,11.21,3.32,279.00,32735.00,33321.00,34915.00,2.37,8.85,14.48,242.00
Keystone Realtor,543669,RUSTOMJEE,INE263M01029,Realty,"Residential, Commercial Projects",370.95,4687.70,207.44,801.05,444.45,45.04,1484.00,74.59,53.14,266.23,14.51,52.42,-17.72,56.06,5.08,9.89,0.00,39.90,1107.25,121.77,2831.71,52.65,72.19,52.37,117.49,4.68,2.80,-26.87,11.14,-13.35,-509.05,-11.39,445.18,97.22,4.44,35.69,845.83,-3.04,882.30,2737.08,546.30,5631.88,18.46,1.64,470.29,19787.00,18917.00,19669.00,2.35,16.38,6.69,882.30
KFin Technolog.,543720,KFINTECH,INE138Y01010,Capital Markets,"Depositories, Clearing Houses and Other Intermediaries",961.00,16626.27,550.72,1641.35,953.16,21.05,55.44,22.82,75.21,-2.65,77.26,84.11,-7.32,122.97,91.99,93.31,0.00,47.45,388.83,25.74,1383.97,22.77,30.10,75.21,350.38,29.19,21.61,2.51,21.09,4.34,369.60,398.90,953.08,151.54,7.12,58.75,170.38,16.27,212.26,1500.54,239.34,660.99,28.41,9.91,356.54,266471.00,245764.00,243537.00,20.73,27.31,29.14,212.26
Khazanchi Jewell,543953,,INE0OWC01011,Consumer Durables,"Gems, Jewellery And Watches",808.95,2001.90,127.00,809.50,672.89,0.07,111.38,74.51,27.83,83.70,15.15,25.59,8.75,42.27,25.13,23.55,0.00,19.61,706.95,28.86,2231.19,24.33,45.07,27.83,102.10,34.79,32.45,100.83,4.75,-7.05,-35.88,1.08,671.52,45.06,17.08,91.50,2.70,-12.09,3.51,322.43,0.00,499.89,14.47,5.77,585.72,1158.00,1116.00,1249.00,0.02,0.13,25.34,2.78
Kilburn Engg.,522101,KLBRENG-B,INE338F01015,Industrial Manufacturing,Industrial Products,357.65,2007.82,162.84,618.40,478.38,42.17,89.99,44.54,13.09,-38.57,21.31,24.86,-47.35,34.85,23.16,26.88,0.00,22.82,199.41,29.82,616.55,31.68,-9.49,13.09,87.99,23.18,17.08,22.02,11.19,,-17.76,-9.82,479.59,43.30,6.22,25.33,27.04,-3.35,67.38,601.15,7.32,578.16,13.45,2.90,116.99,21079.00,20289.00,20005.00,1.13,7.64,46.70,67.38
Kingfa Science,524019,KINGFA,INE473D01015,Industrial Products,Plastic Products - Industrial,5857.50,7948.52,282.04,6200.00,4737.62,5.52,15.40,67.02,80.21,101.58,39.79,59.15,35.60,78.35,45.17,41.14,0.00,35.22,616.03,32.28,2222.19,24.13,49.06,80.21,225.67,23.20,17.41,46.94,11.65,15.34,66.21,59.92,4726.37,87.81,57.82,62.31,23.66,-0.62,420.87,1385.76,0.00,1376.82,22.41,5.67,688.57,12293.00,11991.00,12636.00,7.74,8.79,16.45,420.87
KIOCL,540680,KIOCL,INE880L01014,Ferrous Metals,Sponge Iron,385.40,23456.90,65.62,634.55,375.09,39.26,191.87,99.03,-15.48,59.04,-37.79,53.39,-128.99,-44.21,18.13,-17.16,0.00,603.32,262.38,84.07,680.53,27.42,73.75,-15.48,38.88,1.38,0.96,120.28,-9.80,32.62,79.02,343.31,374.98,-25.86,-0.73,52.02,729.78,6.63,825.83,1128.48,0.00,1170.97,265.23,13.49,158.01,39787.00,40444.00,37419.00,0.05,0.03,0.88,825.83
Kiri Industries,532967,KIRIINDUS,INE415I01015,Chemicals & Petrochemicals,Dyes And Pigments,461.30,3008.65,-44.79,877.00,445.06,40.78,41.85,41.71,290.24,2762.33,10.14,507.85,-43.49,-52.43,5022.79,19.65,0.22,3.74,287.45,34.68,949.89,25.19,54.54,290.69,804.02,-1.69,-2.05,340.10,93.06,0.28,4554.97,-341.93,444.90,-31.92,-8.03,69.89,14.19,21.18,1055.04,6376.33,3341.15,4697.70,8.37,0.43,312.36,40252.00,39697.00,37448.00,16.75,1.29,40.25,1055.04
Kirl. Brothers,500241,KIRLOSBROS,INE732A01036,Industrial Products,"Compressors, Pumps & Diesel Engines",1918.20,15236.13,609.79,2684.70,1773.54,12.50,250.09,65.95,66.60,-0.46,66.91,129.64,-39.70,89.56,125.40,72.20,0.00,37.64,1109.49,7.96,4663.90,5.04,12.86,67.60,404.74,20.35,17.30,-4.23,6.12,3.98,334.22,385.52,1772.08,122.97,11.11,51.39,348.68,10.11,405.25,2448.15,758.26,2682.54,24.16,6.18,1104.90,64065.00,66266.00,66864.00,6.41,10.23,17.40,405.25
Kirl. Ferrous,500245,KIRLFER,INE884B01025,Ferrous Metals,Pig Iron,444.05,7325.51,912.16,830.00,458.36,21.53,1036.14,50.78,105.30,-55.28,235.47,125.74,-34.53,118.70,55.01,92.34,0.00,18.74,1791.09,3.65,6934.69,3.33,4.32,82.32,390.97,13.42,14.53,-17.37,5.94,0.93,941.98,661.69,458.50,218.19,7.19,45.81,68.88,5.03,121.80,3781.53,0.94,2480.60,9.00,1.90,1771.51,92215.00,90482.00,105100.00,1.68,12.56,34.97,121.80
Kirl.Pneumatic,505283,KIRLPNU,INE811A01038,Industrial Products,"Compressors, Pumps & Diesel Engines",739.80,9619.14,386.75,1098.88,709.56,32.68,0.24,38.81,34.10,21.35,28.10,140.70,-76.32,66.51,43.10,43.20,0.00,35.21,434.93,15.03,1787.60,9.99,10.40,34.10,273.20,30.30,22.73,26.98,11.36,4.96,227.65,215.06,709.25,75.51,5.12,40.44,67.00,11.75,117.38,1237.96,478.13,907.47,23.87,7.68,300.30,64033.00,61484.00,65393.00,10.39,25.97,24.81,117.38
Kirloskar Indus.,500243,KIRLOSIND,INE250A01039,Industrial Products,Iron & Steel Products,3714.10,3911.76,934.20,6698.90,3519.56,18.81,1112.62,71.87,105.32,-55.27,235.46,125.68,-34.48,127.30,49.45,98.49,0.00,12.76,1847.15,3.66,6994.52,3.67,4.32,82.34,306.46,7.01,3.77,-12.83,5.95,0.50,871.19,599.70,3517.60,229.79,121.13,44.19,169.80,2.12,237.51,6239.08,4398.60,2868.83,5.12,0.62,1771.51,22719.00,21961.00,22721.00,0.49,1.87,25.75,237.51
Kirloskar Oil,533293,KIRLOSENG,INE146L01010,Industrial Products,"Compressors, Pumps & Diesel Engines",2150.10,31257.41,1470.71,2720.35,1684.62,20.96,5374.33,41.06,113.71,-17.08,137.14,165.58,-28.45,237.60,109.13,159.19,0.00,54.86,2343.57,20.28,7936.74,22.68,13.49,111.06,569.81,14.55,17.51,27.79,5.55,-5.59,932.21,-739.49,1679.94,408.16,16.33,48.86,996.58,-4.67,1250.46,3591.12,439.60,5102.75,24.58,8.63,1999.53,130627.00,106666.00,109607.00,11.33,26.00,21.61,1250.46
Kitex Garments,521248,KITEX,INE602G01020,Textiles & Apparels,Garments & Apparels,124.73,2490.97,80.71,324.42,167.63,46.40,1199.38,56.66,-9.00,-143.35,20.76,-3.91,-84.59,-26.10,-17.00,-6.22,0.00,,82.63,-32.32,628.69,-36.44,-19.45,-17.13,-27.23,1.53,0.97,-120.60,-10.81,1.54,345.78,54.28,168.06,-1.47,-0.69,23.98,67.70,-15.33,152.26,1009.88,0.07,518.23,55.60,2.42,158.43,99677.00,100555.00,84159.00,1.21,0.12,42.01,152.26
KMC Speciality,524520,KMCSHIL,INE879K01018,Healthcare Services,Hospital,136.94,2234.30,93.00,148.00,101.30,7.47,83.68,75.00,16.57,119.76,7.54,14.63,13.26,21.33,13.73,10.84,0.00,40.06,101.75,35.85,330.99,35.06,37.91,16.57,55.77,26.04,24.94,137.83,18.05,3.78,79.10,57.58,100.94,30.30,1.31,60.24,9.34,2.37,54.69,194.12,0.01,81.21,21.34,10.61,91.78,88487.00,86318.00,87252.00,0.02,0.00,24.98,54.69
Knack Packaging,544814,KNACK,INE17QZ01016,Industrial Products,Packaging,209.17,2555.03,166.62,222.00,187.65,5.78,188.16,70.59,31.51,58.98,19.82,22.88,37.72,,,,0.00,25.07,,,809.75,11.42,40.32,31.51,90.22,34.07,41.96,27.20,12.27,3.86,91.83,91.83,187.43,,,57.91,10.47,2.74,10.47,209.99,0.16,246.74,16.40,,256.82,105959.00,,,1.21,9.30,18.89,10.47
Knowledge Marine,543273,KMEW,INE0CJD01029,Engineering Services,Dredging,2691.80,6831.30,112.63,2999.90,1905.36,10.27,222.06,49.99,61.73,447.74,11.27,26.21,166.68,33.93,32.90,11.89,0.00,52.72,96.30,91.95,323.21,56.87,138.11,62.75,129.57,16.37,20.01,155.66,54.37,12.07,74.34,57.84,1897.46,45.82,13.16,60.82,44.97,-6.25,76.59,557.87,0.00,166.49,41.34,11.54,115.41,23571.00,15365.00,6006.00,12.64,3.90,33.46,76.59
Knowledge Realty,544481,KRT,INE1JAR25012,Realty,Real Estate Investment Trusts (REITs),116.30,51514.28,2501.30,129.49,116.57,10.19,12363.20,,250.80,,,107.37,133.58,,206.34,62.64,0.03,82.14,,,4289.69,,,250.80,627.15,5.22,1.67,15380.51,20.18,,2031.17,0.00,116.57,,,47.69,0.00,,653.43,-1011.83,256.36,1373.79,17.54,1.19,1243.06,,,,,,,653.43
KNR Construct.,532942,KNRCON,INE634I01029,Construction,Civil Construction,127.14,3578.99,776.57,415.40,145.26,42.21,2444.25,48.81,28.09,-77.24,123.41,106.21,-23.91,56.19,102.72,104.64,0.00,10.47,517.73,-19.92,2673.23,-38.98,-4.04,80.73,341.76,10.39,9.19,-67.02,4.76,-9.23,-149.05,-566.58,145.44,119.92,2.00,45.31,322.52,-5.32,377.29,4915.74,319.44,3723.61,8.34,0.72,587.94,242376.00,242702.00,230986.00,5.43,17.30,28.46,377.29
Kody Technolab,,KODYTECH,INE0Q7P01013,IT - Software,Computers - Software & Consulting,1431.20,2045.68,29.13,2087.50,991.23,2.01,7.76,72.73,12.28,65.50,7.42,4.64,174.11,,,,0.00,122.06,,,80.28,11.86,52.93,12.28,16.76,16.77,11.39,-4.88,25.27,,-18.96,-7.55,986.81,,,65.83,4.20,,42.86,200.95,36.25,128.05,69.02,9.50,48.60,2938.00,3430.00,2778.00,0.09,0.15,27.03,42.86
Kolte Patil Dev.,532924,KOLTEPATIL,INE094I01018,Realty,"Residential, Commercial Projects",465.90,4133.87,8.93,585.00,386.63,16.30,1183.42,73.81,146.26,960.86,-16.99,-15.98,1110.75,,4.23,-11.14,0.00,33.24,,720.47,1572.14,7.76,1016.49,146.66,124.35,-0.32,-4.36,49.21,15.95,1.76,217.02,281.90,385.83,,,61.26,439.83,3.97,510.72,1118.21,476.40,6419.07,20.70,3.42,919.54,40601.00,41772.00,48821.00,10.61,3.30,12.28,510.72
Kotak Mah. Bank,500247,KOTAKBANK,INE237A01036,Banks,Private Sector Bank,397.35,393444.04,56644.62,460.38,395.50,12.32,662333.86,25.87,5480.46,22.55,4472.18,5156.24,1.06,6813.32,4924.29,4468.27,0.00,19.64,18228.24,5.99,70887.47,5.68,6.41,5480.46,20029.26,6.98,11.39,4.59,29.86,1.93,41726.51,16915.73,395.48,4523.52,6.85,57.46,40005.87,2.97,49589.97,180231.22,290632.81,142614.17,17.69,2.18,18354.57,784727.00,781448.00,690125.00,25.21,37.71,11.20,49589.97
Kovai Medical,523323,KOVAI,INE177F01017,Healthcare Services,Hospital,6066.50,6627.52,472.83,6725.00,5731.67,9.79,402.75,56.53,69.09,20.72,57.23,63.35,9.06,86.30,65.02,58.86,0.00,25.86,451.71,15.23,1643.93,14.97,15.35,69.09,256.32,22.55,20.46,16.29,16.02,1.69,361.83,334.61,5728.30,126.15,78.86,55.92,273.93,6.19,347.21,1308.32,0.52,421.65,13.73,5.03,431.31,19362.00,18864.00,17650.00,1.25,4.24,37.98,347.21
KPI Green Energy,542323,KPIGREEN,INE542W01025,Power,Power Generation,307.05,6076.42,1003.43,745.33,413.53,43.37,5196.95,49.41,85.61,-17.64,103.95,145.29,-39.14,176.01,125.80,116.64,44.74,13.33,851.89,34.30,2786.81,40.01,15.08,94.63,456.01,13.85,17.38,27.27,13.64,2.91,424.07,207.73,414.60,303.46,8.06,18.27,597.47,-21.99,559.15,2935.33,198.96,3344.64,10.22,2.00,693.84,309275.00,311134.00,324889.00,8.16,0.67,41.75,559.15
KPIT Technologi.,542651,KPITTECH,INE04I401011,IT - Software,Computers - Software & Consulting,592.90,16208.59,1304.14,1928.75,824.16,55.38,838.39,38.59,117.18,-31.83,171.90,163.05,-28.57,197.26,133.41,169.09,0.00,25.95,1743.80,9.83,6591.16,9.55,8.85,116.41,624.56,26.26,20.93,-22.64,6.95,1.43,1194.77,1389.53,826.49,305.46,7.20,43.72,1268.08,27.60,1340.82,3268.69,171.63,2847.00,12.45,4.59,1674.99,624641.00,619026.00,636445.00,13.22,23.60,23.95,1340.82
KRBL,530813,KRBL,INE001B01026,Agricultural Food & other Products,Other Agricultural Products,397.25,9089.24,972.48,675.00,360.66,19.75,169.79,60.17,260.74,73.16,150.58,155.38,67.81,230.38,169.97,172.11,0.00,11.99,1496.61,-0.96,6009.37,0.51,-5.59,260.74,758.20,15.16,11.73,40.39,17.43,1.57,932.53,960.75,360.29,256.59,10.07,67.15,462.18,10.74,122.21,5783.60,859.92,5218.25,8.16,1.57,1495.86,85582.00,85873.00,93590.00,7.29,0.70,25.58,122.21
Krishana Phosch.,,KRISHANA,INE506W01020,Fertilizers & Agrochemicals,Fertilizers,196.52,6075.18,314.17,200.36,128.09,1.92,733.46,72.93,47.09,53.99,30.58,83.08,-43.32,100.41,33.32,33.17,0.00,30.89,1016.69,67.26,2554.77,73.44,34.58,47.09,196.66,27.24,38.15,95.27,8.85,-15.34,-191.41,154.30,127.41,138.18,3.25,76.60,27.84,-10.06,42.40,498.90,0.00,1146.41,19.85,10.83,532.31,19162.00,12975.00,13128.00,0.37,0.03,26.67,42.40
Krishna Institu.,543308,KIMS,INE967H01025,Healthcare Services,Hospital,790.00,33182.61,843.40,858.15,730.95,7.94,4252.90,32.49,41.50,-47.20,78.60,46.48,12.99,71.69,51.90,72.00,10.26,159.10,1277.95,33.02,4212.50,30.90,35.33,37.40,208.56,9.50,11.31,-43.46,3.17,5.60,510.80,581.80,730.35,255.07,1.71,43.99,80.50,-7.95,74.70,2167.40,103.20,922.30,42.85,14.07,1179.50,94730.00,93333.00,108955.00,14.75,34.42,18.32,74.70
KRN Heat Exchan,544263,KRN,INE0Q3J01015,Industrial Products,Other Industrial Products,1518.30,9928.97,122.62,1599.20,1064.22,5.06,187.31,65.69,32.90,164.90,12.42,23.36,40.84,41.90,22.66,18.02,0.00,102.42,274.32,80.39,737.10,64.04,118.88,32.90,96.94,16.06,14.26,81.77,13.04,,-113.80,21.44,1059.66,53.83,6.40,74.85,151.16,-21.54,46.44,511.84,0.00,583.13,65.70,16.44,252.32,91234.00,83713.00,82769.00,8.86,8.33,17.13,46.44
KSB,500249,KSB,INE999A01023,Industrial Products,"Compressors, Pumps & Diesel Engines",802.50,13958.00,450.20,1060.00,830.15,21.96,6.30,69.80,57.20,-18.75,70.40,39.80,43.72,67.68,81.00,67.50,0.00,53.27,676.08,4.08,2725.60,4.63,3.60,57.20,262.04,24.70,18.39,2.04,8.28,10.70,92.58,187.15,830.43,84.16,3.89,38.75,323.47,2.87,283.39,1662.70,96.40,2088.60,33.14,8.23,690.70,51832.00,51144.00,54840.00,4.10,11.78,14.32,176.60
KSH Internationa,544664,KSHINTL,INE987S01020,Industrial Products,Cables - Electricals,1011.30,6854.18,213.54,1059.90,640.53,4.59,321.15,74.58,42.22,86.16,22.68,34.55,22.27,59.18,23.33,29.59,0.00,52.36,1380.19,93.81,3712.50,80.67,108.38,42.22,130.90,21.36,20.13,64.04,3.63,-36.89,-64.97,-9.78,636.81,86.53,8.73,67.76,11.01,-15.40,84.48,774.22,0.00,889.26,28.15,8.48,1164.24,43075.00,34256.00,,5.71,10.87,8.84,84.48
Kusumgar,544821,KUSUMGAR,INE0ISX01025,Textiles & Apparels,Other Textile Products,572.50,6017.67,190.92,659.60,601.88,13.20,289.79,75.01,41.86,882.63,4.26,77.68,-46.11,,,,0.00,47.83,,,675.71,-16.14,93.59,41.86,88.21,18.84,18.57,-18.94,17.30,11.03,35.78,-47.38,602.18,,,40.03,35.87,-2.87,40.87,580.92,127.52,501.06,32.82,,241.91,159563.00,,,1.82,10.03,13.13,40.87
Kwality Pharma,539997,KPL,INE552U01010,Pharmaceuticals & Biotechnology,Pharmaceuticals,3630.30,3766.65,120.39,3744.00,1940.84,3.04,130.46,54.86,25.62,114.75,11.93,25.30,1.22,29.28,16.00,14.12,0.00,46.14,156.50,40.93,553.95,37.94,45.63,25.62,81.64,24.08,22.64,88.02,15.78,7.02,17.06,52.72,1923.86,37.80,28.22,75.28,14.76,1.31,3.59,321.22,0.00,405.68,28.18,11.36,162.35,13279.00,10555.00,10115.00,3.13,0.56,41.45,3.59
Kwality Wall's,544622,KWIL,INE2KCE01013,Food Products,Dairy Products,43.47,10216.38,-0.05,44.38,30.66,2.05,547.90,61.91,40.59,7.95,37.60,-89.40,147.34,,-178.40,-100.16,0.00,,,,1909.13,,16.01,50.70,-231.29,,-1.01,,4.62,,,,30.53,,,76.78,,,5.00,437.30,0.00,542.60,-114.57,15.19,878.30,1051660.00,1093267.00,,3.68,11.02,23.37,14.00
L G Balakrishnan,500250,LGBBROSLTD,INE337A01034,Auto Components,Auto Components & Equipments,1599.60,5105.17,552.21,2096.95,1608.60,23.72,231.13,34.84,63.70,4.74,60.82,69.03,-3.80,104.46,88.45,93.65,0.00,15.96,953.89,21.20,3217.34,20.77,21.57,67.02,319.87,19.63,15.52,12.07,7.97,1.39,331.71,288.36,1608.69,146.12,32.75,58.97,422.09,2.21,264.37,2121.81,140.19,1279.20,9.01,2.37,798.76,36849.00,37259.00,38538.00,6.42,13.46,45.28,264.37
L T Foods,532783,LTFOODS,INE818H01020,Agricultural Food & other Products,Other Agricultural Products,431.00,14952.67,1242.11,518.55,399.37,10.21,1610.05,51.00,183.45,8.87,168.50,135.67,35.22,266.07,157.35,163.85,0.00,23.35,3543.72,28.13,11633.47,28.19,27.92,183.45,640.32,17.74,14.94,3.17,5.82,2.06,910.50,462.50,399.06,388.19,7.66,67.52,144.16,7.91,337.05,4485.71,47.69,6486.49,12.50,3.31,3151.83,187263.00,202282.00,199337.00,8.21,10.84,29.95,337.05
L&T Finance Ltd,533519,LTF,INE498L01015,Finance,Non Banking Financial Company (NBFC),314.75,78977.96,10971.20,338.60,282.48,7.04,110297.66,65.96,902.47,28.72,701.10,806.63,13.20,1121.53,737.99,734.88,0.00,24.66,5114.92,17.97,18897.97,15.24,22.38,915.99,3202.49,8.40,11.22,20.43,17.57,-1.91,-14189.24,-16587.47,282.15,3148.73,4.41,51.86,10832.92,-7.97,7959.04,25479.14,10563.81,10628.66,15.62,2.82,5212.92,732902.00,748865.00,792374.00,7.71,14.90,11.45,7959.04
L&T Technology,540115,LTTS,INE010V01017,IT - Services,IT Enabled Services,3579.10,37989.82,2181.10,6000.00,3673.91,24.60,578.50,73.52,351.81,17.38,299.72,346.04,7.33,463.18,303.10,329.20,0.00,28.27,3270.10,9.75,11564.70,10.13,11.47,357.10,1344.00,26.71,21.53,9.97,11.98,2.25,1455.10,1481.10,3674.87,578.37,43.60,55.90,1565.80,18.97,1650.50,6451.50,1896.50,5937.80,16.46,5.86,2940.10,247423.00,244820.00,223318.00,4.13,14.05,8.29,1650.50
Lalithaa Jewel,,,INE0K9O01026,,,,11749.54,1734.55,,,,2045.40,,,,,,,,,,,11.62,,,25039.04,48.18,,,1010.91,37.98,40.20,178.65,,10.98,-401.37,290.12,,,,,74.08,-3.18,38.06,2766.28,103.52,10138.00,7.93,,,,,,,,,38.06
Landmark Cars,543714,LANDMARK,INE559R01029,Automobiles,Auto Dealer,509.20,2111.60,282.95,905.00,467.13,24.53,876.00,49.93,14.55,110.56,6.91,15.93,-3.19,13.10,14.18,1.51,0.00,44.87,1452.44,19.95,5136.88,20.72,22.67,14.55,47.06,9.26,6.86,155.50,1.12,1.39,267.47,151.99,466.71,75.23,3.16,47.25,41.32,4.55,56.47,563.80,16.34,1106.66,10.04,3.61,1302.36,38178.00,37961.00,42539.00,2.69,20.67,26.72,56.47
Larsen & Toubro,500510,LT,INE018A01030,Construction,Civil Construction,4081.00,563051.38,40912.38,4440.00,3924.79,8.09,125496.59,0.00,4122.85,13.98,3617.19,5281.69,-18.67,5490.44,3824.65,4678.01,0.00,31.96,74328.05,9.33,290137.13,9.78,6.69,4988.03,17619.40,14.57,15.86,13.35,7.34,2.62,16740.97,9151.35,3923.22,9198.28,32.98,59.18,22965.34,4.24,20847.67,109014.67,68376.79,233316.27,15.51,5.14,67941.74,1795249.00,1801254.00,1681491.00,19.13,43.01,37.60,20847.67
Laser Power,544822,LASERPOWER,INE17IR01028,Industrial Products,Cables - Electricals,328.40,4606.13,321.11,341.95,270.41,3.96,871.00,75.30,20.73,3.75,19.98,36.03,-42.46,,,,0.00,41.93,,,2326.10,-9.50,14.84,20.73,109.10,20.51,16.78,5.41,3.97,9.42,-119.05,60.34,269.83,,,66.47,119.94,-0.34,160.30,667.89,2.10,2259.03,16.56,,521.55,178776.00,,,2.09,10.26,12.35,160.30
Latent View,543398,LATENTVIEW,INE0I7C01011,IT - Software,Computers - Software & Consulting,281.75,5830.12,308.99,755.00,339.37,45.56,33.24,65.10,48.13,-5.33,50.84,52.75,-14.44,53.04,50.77,45.73,0.00,29.84,315.85,22.64,1111.05,22.77,21.55,47.11,195.41,15.85,11.90,5.00,16.42,3.92,164.53,130.47,339.95,67.29,2.56,39.68,97.60,7.25,333.78,1734.51,916.95,677.31,17.49,3.32,286.88,216050.00,210677.00,235096.00,2.12,3.60,29.19,333.78
Laurus Labs,540222,LAURUSLABS,INE947Q01028,Pharmaceuticals & Biotechnology,Pharmaceuticals,1825.00,98323.22,1840.14,1870.80,1276.70,2.45,2518.48,27.47,367.60,125.49,163.02,279.14,28.35,383.50,251.88,194.49,2.69,89.93,2018.61,22.08,7269.64,22.62,29.10,362.07,1093.37,17.76,18.30,114.88,17.87,8.20,1623.50,601.65,1271.19,562.53,7.10,65.20,144.21,2.66,113.70,5192.09,309.27,4829.21,48.25,18.59,2026.31,291653.00,292281.00,280223.00,28.00,13.73,30.79,113.70
Laxmi Organic,543277,LXCHEM,INE576O01020,Chemicals & Petrochemicals,Specialty Chemicals,174.51,4852.95,187.51,628.05,164.97,27.59,543.02,69.34,67.72,216.60,21.39,21.55,214.25,41.30,25.41,11.02,0.00,38.61,821.59,17.41,3122.08,5.47,39.75,67.72,125.70,4.72,4.11,25.01,6.99,1.78,174.90,107.96,164.88,67.33,1.49,49.11,118.26,-5.68,61.33,1930.17,36.95,1227.14,19.89,2.44,968.34,335793.00,340436.00,372641.00,0.69,3.83,26.14,61.33
Le Travenues,544192,IXIGO,INE0HV901016,Leisure Services,"Tour, Travel Related Services",170.45,7513.40,108.90,339.15,195.61,49.74,44.02,0.00,32.50,70.34,19.08,31.96,6.83,5.64,23.95,-3.47,0.00,85.81,332.16,17.48,1267.24,20.87,12.88,34.24,87.56,6.80,5.54,37.20,9.60,8.41,195.73,122.21,195.87,10.59,0.12,37.57,278.96,7.93,449.59,2002.83,545.51,1208.96,55.40,3.65,356.75,76108.00,81179.00,77903.00,61.28,13.00,25.71,449.59
Leap India,544865,LEAPIND,INE00GO01025,Commercial Services & Supplies,Diversified Commercial Services,166.66,7302.66,370.92,171.25,145.54,2.68,1466.78,55.64,,,,,,,,,,138.91,,,729.53,56.39,,,52.57,8.34,8.09,123.51,,,268.27,255.02,145.33,,,,27.14,-4.10,6.89,678.78,106.87,424.26,23.62,,,598600.00,,,15.24,10.01,19.10,6.89
Leela Palaces Hotels,544408,THELEELA,INE0AQ201015,Leisure Services,Hotels & Resorts,539.70,18028.79,811.46,544.65,449.92,0.91,1810.95,75.91,48.80,456.44,8.77,171.77,-71.60,94.24,147.88,74.73,73.65,40.19,375.41,20.85,1604.46,19.10,28.08,48.76,448.62,8.73,8.21,240.90,13.85,,776.71,552.88,449.02,162.40,2.82,68.77,287.99,4.27,285.57,6069.62,645.99,556.42,23.88,2.81,351.96,56090.00,51427.00,90898.00,7.87,11.51,4.71,285.57
Lemon Tree Hotel,541233,LEMONTREE,INE970X01018,Leisure Services,Hotels & Resorts,107.96,8551.51,698.39,180.68,123.11,40.25,2003.65,22.32,46.03,20.09,38.33,92.74,-50.76,82.90,81.83,41.93,0.00,33.42,338.23,10.43,1473.34,10.46,9.13,57.34,255.91,13.95,19.42,18.97,16.64,1.65,541.61,541.58,123.26,152.24,0.84,39.46,80.67,8.22,97.80,600.09,73.39,429.47,14.77,6.14,344.61,422447.00,399213.00,364251.00,19.44,14.35,43.83,97.80
Lenskart Solut.,544600,LENSKART,INE956O01016,Retailing,Speciality Retail,654.80,113943.21,1885.82,657.90,502.01,0.47,3096.60,17.53,221.84,240.31,65.19,200.29,12.18,214.98,132.71,103.45,0.00,173.08,2959.38,41.18,9633.77,37.11,43.27,228.43,658.31,8.08,6.33,77.25,8.42,13.81,1669.59,1230.63,500.48,612.41,1.20,82.80,864.88,5.49,1543.68,8391.23,571.11,5329.39,52.69,13.01,2714.18,135967.00,111973.00,,12.76,23.56,45.73,1543.68
LG Electronics,544576,LGEINDIA,INE324D01010,Consumer Durables,Household Appliances,1632.80,110890.63,2739.41,1755.55,1566.97,6.99,459.16,85.00,652.86,27.20,513.26,692.73,-5.76,546.36,89.67,389.43,0.00,60.77,6721.06,8.86,25575.32,5.59,15.49,652.86,1824.69,32.27,24.69,-10.42,9.03,5.91,1721.25,1653.89,1566.31,677.27,8.05,56.79,3741.47,15.12,4476.27,6986.78,0.00,10758.34,36.30,14.46,7233.35,919561.00,973763.00,,3.13,7.84,4.03,4476.27
LIC Housing Fin.,500253,LICHSGFIN,INE115A01026,Finance,Housing Finance Company,508.05,27861.86,26995.74,827.00,541.49,15.07,277538.95,45.24,1498.85,9.90,1363.89,1492.54,0.43,1802.29,1398.27,1349.37,0.00,4.86,7129.74,-0.69,28562.06,0.23,-1.44,1499.03,5738.66,8.59,14.41,4.34,21.16,-0.16,-8503.83,-16977.97,541.82,6780.61,32.76,42.35,1474.44,-3.49,1348.40,41318.85,5132.13,2537.62,11.22,0.67,7082.59,337873.00,347941.00,364388.00,21.47,21.02,12.27,1348.40
Life Insurance,543526,LICI,INE0J1Y01017,Insurance,Life Insurance,419.00,530163.15,54182.18,611.01,419.88,10.56,0.00,96.50,13584.25,23.98,10957.05,23467.18,-42.11,12898.66,12907.90,10095.92,0.00,8.82,267103.27,10.59,994087.99,10.13,6.76,13584.25,60080.35,35.14,37.82,23.28,5.66,5.13,-26211.48,-9720.57,419.88,12891.35,10.20,53.26,69884.66,-2.58,72013.17,0.00,0.00,0.00,9.92,,239865.70,2152897.00,2111766.00,2277180.00,0.44,0.99,2.06,0.00
Linde India,523457,LINDEINDIA,INE473A01011,Chemicals & Petrochemicals,Industrial Gases,6695.00,57111.15,975.82,9935.05,6820.93,16.82,78.92,75.00,103.03,-1.94,105.07,85.20,20.93,185.57,191.59,169.01,0.00,104.06,731.12,13.49,2653.91,10.43,21.59,103.03,548.83,18.23,13.74,24.35,14.84,7.55,785.50,583.60,6822.19,258.56,21.76,39.97,146.71,-6.90,112.15,4142.24,43.00,1051.52,58.15,13.51,694.36,63024.00,63167.00,68796.00,2.03,6.79,16.17,112.15
Lloyds Engineeri,539992,LLOYDSENGG,INE093R01011,Industrial Manufacturing,Industrial Products,92.25,14266.61,226.63,99.78,69.73,7.55,108.57,41.92,63.97,111.96,30.18,46.83,46.76,,66.70,54.35,10.64,63.78,,,1611.28,53.85,142.92,68.23,223.67,16.10,15.10,69.76,12.94,,-252.90,153.22,69.51,,,53.15,126.99,,396.72,1526.90,76.53,1668.76,49.40,7.72,527.15,418796.00,418248.00,436749.00,2.02,0.29,55.68,396.72
Lloyds Enterpris,512463,LLOYDSENT,INE080I01025,Metals & Minerals Trading,Trading - Metals,78.55,11968.82,205.63,88.15,67.55,7.28,798.31,62.72,58.58,-74.50,229.73,39.44,60.51,36.59,37.93,61.84,0.00,104.95,604.50,48.68,1988.42,32.92,70.15,109.98,114.04,3.67,0.33,-59.37,19.53,-13.48,-361.22,144.51,67.44,59.74,0.13,50.19,176.11,-1.48,908.67,3991.55,3515.25,2809.71,32.09,2.83,563.03,70580.00,70709.00,56812.00,0.65,0.11,36.53,908.67
Lloyds Metals,512455,LLOYDSME,INE281B01032,Minerals & Mining,Industrial Minerals,1891.40,106340.76,6408.83,2126.75,1602.72,11.07,20716.36,61.63,1726.59,169.11,641.59,1419.50,13.32,3764.23,1089.56,567.39,3.72,22.31,13217.73,262.00,22083.55,230.21,208.55,1733.89,4765.84,27.29,36.58,210.66,23.58,8.13,2921.32,1206.94,1599.82,4562.83,66.59,44.23,740.87,-14.84,2702.93,13814.61,665.69,9718.84,14.67,7.67,7354.40,126658.00,119530.00,116161.00,1.85,2.18,34.27,2702.93
LMW,500252,LMW,INE269B01029,Industrial Manufacturing,Industrial Products,19570.00,20925.57,277.56,20151.00,15608.38,2.88,0.00,30.80,57.38,369.17,12.23,64.01,-12.83,26.49,14.66,40.92,0.00,114.55,948.10,15.36,3374.00,11.24,24.00,55.52,182.68,5.58,4.05,75.98,6.67,7.00,177.41,29.04,15568.57,60.69,24.80,74.66,1353.16,0.17,1264.47,2855.84,705.63,2321.15,53.22,7.29,860.72,30685.00,31201.00,32140.00,5.45,9.50,54.23,1264.47
Lodha Developers,543287,LODHA,INE670K01029,Realty,"Residential, Commercial Projects",1240.00,124309.07,5322.40,1649.95,1061.32,7.80,9896.00,70.31,1372.10,103.36,674.70,1007.90,36.21,1325.77,957.70,789.80,0.00,30.13,4867.09,28.13,18181.20,26.04,43.10,1373.10,4125.60,16.41,15.48,39.20,27.48,5.08,959.30,1565.60,1059.52,1601.32,13.26,58.00,1741.50,4.56,3586.10,22287.30,1453.70,53889.90,20.80,5.32,4996.70,158746.00,147462.00,99267.00,23.65,3.56,2.46,3586.10
Lohia Corp,544839,LCL,INE0QJW01029,Industrial Manufacturing,Industrial Products,539.85,5704.02,338.85,580.40,499.81,6.99,175.07,68.66,66.61,295.78,16.83,70.30,-7.28,,,,,22.99,,,1717.00,24.70,59.51,66.26,198.32,43.77,44.59,70.76,13.17,,325.16,141.28,499.40,,,56.70,37.13,,29.25,510.99,156.88,746.57,17.26,,503.02,82041.00,,,5.65,17.51,8.16,29.25
Lords Mark Industries,501261,,INE567L01025,Commercial Services & Supplies,Consulting Services,83.69,3570.40,91.97,669.70,231.22,87.50,282.37,79.84,32.16,107300.00,-0.03,41.22,-21.98,,13.95,-2.42,0.00,42.05,,,882.06,,,32.16,84.91,13.42,11.30,9132.98,11.47,-137.85,-4.34,-4.34,232.71,,,31.42,0.03,-0.46,143.29,611.10,0.00,959.37,26.65,3.44,280.36,3257.00,3210.00,87.00,0.00,0.42,19.74,130.67
LTM,540005,LTM,INE214T01019,IT - Software,Computers - Software & Consulting,4553.00,135927.22,8649.60,7595.25,4637.66,29.19,2310.00,68.49,1466.30,16.92,1254.10,1347.00,5.86,1798.73,959.60,1381.20,0.00,24.23,11983.85,15.29,44075.00,13.87,17.96,1468.60,5609.89,29.60,23.13,18.88,12.65,2.55,4798.80,4545.80,4638.52,2172.23,60.55,55.54,3588.20,16.03,2812.40,23995.40,12567.70,15661.70,15.18,5.62,11608.00,397187.00,375351.00,418455.00,6.31,16.73,8.30,2812.40
Lumax Auto Tech.,532796,LUMAXTECH,INE872H01027,Auto Components,Auto Components & Equipments,2043.70,13940.97,698.56,2110.00,1526.75,3.14,1231.10,55.98,86.64,109.17,41.42,87.80,1.13,129.94,108.06,77.55,0.00,42.05,1528.54,32.19,5207.57,33.28,32.86,98.64,331.56,21.19,26.43,76.83,7.23,4.49,460.16,290.49,1521.55,210.39,16.75,73.40,79.65,6.78,93.59,1196.58,564.69,1729.75,19.47,11.51,1363.62,64759.00,58405.00,42978.00,8.70,16.53,18.79,93.59
Lumax Industries,517206,LUMAXIND,INE162B01018,Auto Components,Auto Components & Equipments,5808.00,5426.77,466.26,6969.90,5151.70,16.67,973.13,75.00,51.08,41.14,36.19,55.59,-5.58,54.92,46.55,35.64,0.00,27.00,1296.43,28.54,4484.87,26.52,32.60,51.08,201.02,17.71,21.97,41.64,4.18,2.33,372.56,211.99,5145.10,120.13,58.75,58.84,10.41,-2.79,26.23,908.16,278.05,1575.91,12.95,5.92,1223.23,24495.00,23690.00,19623.00,1.36,6.70,16.94,26.23
Lupin,500257,LUPIN,INE326A01037,Pharmaceuticals & Biotechnology,Pharmaceuticals,2201.50,100886.45,9138.84,2530.00,2255.67,12.98,6616.18,46.85,1415.00,16.08,1219.03,1556.53,-3.52,2316.57,1180.51,1484.83,0.00,16.94,9150.17,29.84,29966.58,28.19,32.04,1416.98,5954.46,29.93,28.68,60.96,17.12,2.48,7334.50,2999.94,2256.21,2896.73,50.59,29.27,3142.33,12.35,5652.90,22356.83,3669.67,20450.25,10.17,4.48,8276.89,300283.00,290411.00,286604.00,22.42,24.65,6.08,5652.90
Lux Industries,539542,LUXIND,INE150G01020,Textiles & Apparels,Garments & Apparels,1201.00,3618.90,204.46,4644.00,1246.92,34.66,584.16,74.19,21.98,-8.11,23.92,40.37,-45.55,32.47,13.32,23.84,0.00,34.93,849.94,9.13,2947.87,11.34,1.78,21.98,103.60,7.84,5.90,-33.35,3.57,-39.11,-152.86,-84.88,1247.39,52.77,10.80,40.48,29.96,-1.79,97.12,1841.69,155.00,2643.32,19.69,1.95,615.25,64430.00,73864.00,76310.00,0.72,4.76,20.33,97.12
M & M,500520,M&M,INE101A01026,Automobiles,Passenger Cars & Utility Vehicles,3424.80,426220.74,42390.57,3840.00,3262.10,10.81,136935.91,18.44,5642.03,33.80,4216.78,4936.59,14.02,6462.02,5021.47,3963.75,0.02,22.23,58667.98,27.25,211374.90,26.18,27.80,5997.56,19175.84,15.10,20.33,38.11,10.66,14.99,11657.36,3175.81,3260.46,11140.46,47.26,58.33,20614.84,-2.78,31978.58,92537.57,40323.84,126334.75,11.69,4.57,58187.57,989776.00,941478.00,864189.00,34.89,32.58,10.47,31978.58
M & M Fin. Serv.,532720,M&MFIN,INE774D01024,Finance,Non Banking Financial Company (NBFC),382.45,53166.27,13278.29,415.00,331.30,7.84,128370.44,52.49,926.03,75.43,527.87,938.02,-1.38,1145.29,825.60,566.07,0.00,15.86,5721.86,13.84,21732.67,13.56,14.57,927.48,3351.90,8.72,12.26,46.24,16.22,-0.33,-12772.18,-15601.88,330.79,3591.17,8.23,52.93,5847.20,-10.78,7568.12,26360.73,7406.91,9810.89,12.50,2.00,5717.91,241776.00,236252.00,227141.00,9.53,31.48,6.46,7568.12
M B Agro Prod.,,MBAPL,INE900L01028,Fertilizers & Agrochemicals,Fertilizers,163.41,7159.56,242.67,172.85,110.99,5.46,855.91,74.76,32.96,16.84,28.21,59.76,-44.85,61.40,31.76,30.46,0.00,46.21,660.58,46.73,1873.59,47.70,1.61,32.96,154.94,19.34,31.33,108.81,7.92,-112.44,-127.38,96.21,110.46,90.83,1.40,62.04,11.88,-15.45,24.82,462.07,0.00,910.71,31.37,13.02,416.30,12260.00,12758.00,11822.00,0.67,0.01,24.57,24.82
M M Forgings,522241,MMFL,INE227C01017,Auto Components,Auto Components & Equipments,638.95,3093.89,295.59,729.80,465.97,7.41,1235.32,56.33,34.17,78.06,19.19,44.78,102.10,31.95,17.57,16.57,0.00,27.50,435.86,13.23,1648.71,9.58,16.27,90.42,112.50,8.97,10.49,1.42,8.13,1.42,227.63,181.62,464.23,76.75,6.62,60.43,217.94,-4.41,225.49,926.94,9.84,1019.75,13.45,3.16,420.48,29930.00,30828.00,35742.00,2.44,7.49,33.73,225.49
M R P L,500109,MRPL,INE103A01014,Petroleum Products,Refineries & Marketing,173.98,30493.44,6536.22,289.25,163.00,19.06,15341.03,88.58,587.53,317.07,-270.66,116.99,708.34,1451.37,1450.89,627.36,0.00,10.96,36886.57,62.86,109564.10,23.40,120.41,945.68,2782.77,18.03,14.48,1067.35,1.54,0.55,2531.20,1877.90,162.89,2247.97,8.28,54.10,31.39,9.04,610.60,12444.20,49.61,21750.00,5.92,2.15,38254.19,481301.00,466296.00,521003.00,2.17,0.39,8.86,610.60
Mah. Scooters,500266,MAHSCOOTER,INE288A01013,Finance,Investment Company,13138.00,15001.25,309.04,18538.00,13145.08,29.13,0.00,51.00,3.32,-90.61,35.36,4.01,-17.21,364.50,4.12,267.07,0.00,53.86,406.06,49.83,288.90,41.01,-81.52,3.32,278.52,1.06,1.06,43.69,61.37,6.25,267.05,158.76,13145.15,365.39,318.94,47.33,8.05,0.79,7.58,27623.36,30758.86,32.14,52.54,0.54,5.41,24766.00,23919.00,25089.00,6.18,3.85,38.96,7.58
Mah. Seamless,500265,MAHSEAMLES,INE271B01025,Industrial Products,Iron & Steel Products,610.60,8182.20,1055.20,1099.05,601.73,11.51,13.36,70.28,266.40,15.67,230.32,104.29,159.04,118.41,242.65,125.23,0.00,11.07,1039.18,-10.31,4620.27,-12.21,-4.72,266.40,738.81,14.29,10.65,-15.90,24.41,1.01,933.24,609.62,601.64,145.53,8.84,56.65,43.94,11.90,79.22,6809.45,3821.08,5557.84,7.49,1.19,1091.20,83466.00,88783.00,93504.00,9.72,3.84,16.17,79.22
Mahanagar Gas,539957,MGL,INE002S01010,Gas,LPG/CNG/PNG/LNG Supplier,1137.80,11230.97,1499.80,1988.55,1143.71,17.43,218.73,32.50,193.70,-39.39,319.56,131.92,46.83,231.67,201.97,193.37,0.00,15.58,2294.38,11.96,8530.54,12.43,13.95,193.70,720.96,17.14,12.32,-32.87,8.17,0.75,1147.45,1419.61,1143.77,351.77,23.45,55.12,332.83,5.92,113.62,6335.48,1169.30,794.86,8.03,1.75,2371.71,178033.00,184373.00,166589.00,23.21,22.53,11.75,113.62
Mahindra Holiday,533088,MHRIL,INE998I01010,Leisure Services,Hotels & Resorts,221.05,4464.01,752.68,505.00,262.22,41.81,3829.42,66.73,-8.66,-210.04,7.87,41.56,-120.61,-8.17,1.40,16.93,0.00,95.41,762.26,6.26,3023.14,6.85,4.48,-8.55,46.79,8.12,9.90,-63.89,-1.17,0.60,530.76,621.46,262.63,145.68,-0.40,44.67,271.22,5.87,101.86,576.20,694.56,3090.20,11.18,5.74,732.81,96220.00,93818.00,88115.00,4.01,11.00,18.07,101.86
Mahindra Life.,532313,MAHLIFE,INE813A01018,Realty,"Residential, Commercial Projects",377.20,8035.56,315.22,623.98,363.17,11.94,662.28,52.41,85.53,66.92,51.24,90.11,-5.07,,108.88,47.91,0.00,25.86,,,2108.47,875.69,2909.48,85.55,310.69,7.64,9.91,211.28,8.89,-1.65,-544.93,-542.09,363.03,,,47.41,256.21,-15.70,534.61,3413.53,1269.00,6534.61,21.38,2.22,962.13,127821.00,117689.00,118204.00,7.38,22.77,17.44,534.61
Mahindra Logis.,540768,MAHLOG,INE766P01016,Transport Services,Logistics Solution Provider,406.65,4037.36,394.60,749.24,370.91,9.81,649.75,59.58,25.39,335.09,-10.80,20.19,24.46,18.63,6.01,-8.36,0.00,102.46,2000.64,18.71,7377.59,16.93,23.29,27.83,39.40,7.36,0.32,205.56,1.39,1.42,253.61,343.17,370.55,110.29,1.71,53.71,75.97,9.46,199.55,1075.56,124.88,1514.75,10.26,3.43,2002.88,75213.00,75954.00,79055.00,4.09,14.44,21.90,199.55
Maithan Alloys,590078,MAITHANALL,INE683C01011,Ferrous Metals,Ferro & Silica Manganese,978.00,2851.29,671.19,1595.90,1006.37,19.18,237.20,74.96,393.04,-26.69,536.14,-70.44,659.88,48.08,92.74,-119.02,0.00,9.81,501.35,2.15,2079.81,0.82,-14.67,395.72,290.55,14.83,10.99,-59.07,73.35,1.37,-9.86,49.77,1006.65,62.95,16.40,47.52,58.89,-3.50,106.81,4116.85,2840.36,3331.35,6.41,0.69,539.53,40301.00,40534.00,39501.00,1.06,0.02,23.96,106.81
Man Industries,513269,MANINDS,INE993A01026,Industrial Products,Iron & Steel Products,676.90,5077.00,467.89,699.00,486.62,3.16,627.98,43.21,61.43,122.41,27.62,50.85,20.81,66.71,55.04,36.98,20.05,24.85,985.12,18.11,3874.90,10.75,41.91,61.43,204.30,16.21,9.23,26.31,5.83,1.61,514.91,67.99,484.70,137.74,8.89,75.81,379.18,4.40,657.21,2049.04,70.77,3533.09,9.33,2.43,1053.13,49144.00,50913.00,59257.00,2.87,1.43,52.48,657.21
Man Infra,533169,MANINFRA,INE949H01023,Realty,"Residential, Commercial Projects",110.29,4451.23,294.29,262.80,117.23,38.64,63.98,62.52,71.64,28.92,55.57,42.83,52.84,25.64,51.62,60.01,0.00,20.55,130.50,-12.27,665.88,-29.86,19.36,62.74,216.65,13.24,9.16,-16.93,28.74,1.38,-49.70,132.99,117.30,33.68,0.64,57.44,422.89,10.25,435.32,2185.70,530.07,2136.47,12.95,1.96,218.31,87961.00,87242.00,94504.00,1.92,1.13,34.42,435.32
Manappuram Fin.,531213,MANAPPURAM,INE522D01027,Finance,Non Banking Financial Company (NBFC),349.25,32772.58,5355.25,381.55,305.69,8.47,57836.61,41.66,584.58,322.45,138.38,403.96,44.46,293.20,238.56,217.31,0.00,22.61,2635.27,15.92,10275.49,4.68,34.11,584.77,1449.48,8.25,6.97,81.21,19.27,-0.47,-20237.74,-466.57,305.25,1642.36,3.12,49.63,3807.69,-13.44,6148.86,15862.88,2051.25,7962.18,13.06,2.04,3034.16,526798.00,554109.00,599501.00,22.30,14.85,21.20,6148.86
Mangalam Cement,502157,MANGLMCEM,INE347A01017,Cement & Cement Products,Cement & Cement Products,981.85,2690.65,264.72,1095.65,860.06,4.11,888.49,40.01,18.07,-43.99,32.26,79.75,-72.30,7.12,11.35,20.11,0.00,20.69,393.49,-0.35,1761.89,0.56,0.77,18.07,130.03,10.99,16.30,115.78,3.97,1.36,93.97,187.63,858.84,43.92,2.59,64.14,167.17,-1.32,162.07,949.80,75.77,649.57,14.30,2.76,455.22,29390.00,30066.00,31516.00,5.53,6.17,48.30,162.07
Manipal Health,544847,MANIPALHOS,INE459N01021,Healthcare Services,Hospital,724.35,95311.34,2740.18,757.70,670.73,4.40,12863.06,72.08,571.25,,,,,,,,,105.18,,,10335.75,25.40,,571.83,906.18,12.10,12.70,-10.08,12.34,5.45,2078.40,1569.83,670.19,,,,330.29,5.25,323.21,8190.14,2675.19,1716.65,39.36,,4713.05,338074.00,,,3.66,5.20,18.81,323.21
Mankind Pharma,543904,MANKIND,INE634S01028,Pharmaceuticals & Biotechnology,Pharmaceuticals,2385.00,98623.13,3995.17,3054.80,2359.39,10.81,6311.54,72.63,568.06,29.60,438.32,570.58,2.62,696.20,413.88,520.18,0.00,46.25,4181.80,13.11,14737.88,14.16,12.89,574.09,2132.35,13.53,13.14,12.65,14.24,3.79,3121.29,2413.38,2359.14,1077.63,16.68,39.88,554.50,8.78,482.77,16259.06,1985.18,5416.89,25.09,6.04,4030.59,166715.00,177606.00,179549.00,9.45,15.39,2.53,482.77
Manorama Indust.,541974,MANORAMA,INE00VM01036,Food Products,Other Food Products,1958.70,12429.94,379.07,2043.00,1464.58,4.13,355.47,54.32,81.59,61.31,50.58,59.52,37.08,116.97,68.24,54.88,0.00,47.04,502.98,55.57,1472.11,58.81,39.51,81.59,264.23,35.45,40.32,77.23,20.20,68.05,259.37,-58.73,1459.61,136.09,18.53,73.48,96.18,-2.58,91.36,682.92,10.28,925.14,30.21,16.83,403.96,33841.00,36335.00,24617.00,3.22,2.63,39.83,91.36
Maple Inf. Trust,543925,,INE0M5S23019,Transport Infrastructure,"Road AssetsToll, Annuity, Hybrid-Annuity",142.90,9836.63,983.82,145.60,124.61,1.85,7358.37,,-54.45,-260.12,-15.12,-37.88,-43.74,-34.17,-45.75,-19.34,0.00,,585.90,168.30,2032.22,131.26,172.37,-54.45,-157.42,5.36,-3.14,-73.16,-8.26,2.03,850.57,527.72,124.43,368.73,-0.72,70.12,752.17,5.89,1093.39,-800.58,0.00,1225.18,13.37,1.51,659.51,,,,,,,1093.39
Marathon Nextgen,503101,MARATHON,INE182D01020,Realty,"Residential, Commercial Projects",354.60,2390.92,263.56,774.55,458.44,48.60,99.38,56.42,50.23,-16.12,59.88,44.70,15.18,35.72,32.73,66.54,0.00,12.27,133.83,14.53,552.80,-1.06,40.26,52.43,194.82,12.50,11.82,-7.00,26.55,2.87,-54.16,-25.31,459.48,36.89,5.07,34.49,91.80,-1.04,134.71,2241.13,398.86,1635.40,9.41,1.05,197.50,14230.00,14399.00,11069.00,4.68,14.71,24.20,134.71
Marico,531642,MARICO,INE196A01026,Agricultural Food & other Products,Edible Oil,858.35,111637.56,2524.00,889.95,793.66,3.55,557.00,58.92,630.00,25.00,504.00,391.00,59.80,682.89,460.00,432.00,2.03,59.13,4310.91,23.81,14277.00,25.14,22.85,652.00,1888.00,47.05,42.82,13.12,16.48,6.14,2084.00,1363.00,793.01,769.83,5.08,51.18,777.00,28.68,493.00,4080.00,2083.00,3912.00,41.56,26.47,3957.00,293560.00,287764.00,288218.00,23.40,12.87,4.49,493.00
Marine Electric.,,MARINE,INE01JE01028,Industrial Manufacturing,Industrial Products,373.25,5223.43,110.75,395.00,240.56,5.51,88.60,68.20,17.27,48.75,11.61,19.48,-5.71,21.22,11.83,16.62,0.00,80.34,287.97,29.57,969.12,21.81,55.20,17.51,65.02,18.22,13.22,51.55,6.76,27.13,-16.06,55.44,239.23,31.88,1.50,75.84,55.31,-2.50,148.09,464.92,3.49,756.20,42.62,10.60,259.16,86580.00,89030.00,96332.00,1.12,0.41,30.27,148.09
Marksans Pharma,524404,MARKSANS,INE750C01026,Pharmaceuticals & Biotechnology,Pharmaceuticals,320.85,14519.77,682.16,358.70,226.41,7.19,343.38,43.87,157.17,169.50,58.32,148.13,6.97,165.85,113.69,99.14,0.00,28.10,895.35,24.28,3171.75,19.59,35.62,159.41,516.75,18.80,15.17,47.58,18.96,4.71,458.13,206.66,225.46,201.82,3.61,67.65,704.21,4.15,989.65,2977.84,0.00,2722.74,17.00,4.81,840.80,246635.00,246279.00,256221.00,17.47,6.19,32.46,989.65
Maruti Suzuki,532500,MARUTI,INE585B01010,Automobiles,Passenger Cars & Utility Vehicles,13809.00,434215.60,25951.20,17371.60,13938.74,20.51,102.50,58.65,3446.90,-9.11,3792.40,3659.00,-5.80,3729.77,3879.10,3349.00,0.00,30.29,55144.00,30.23,197180.60,26.61,35.91,3446.90,14334.00,18.87,14.26,-1.37,6.57,2.75,19099.90,16180.00,13940.05,5762.62,118.63,48.36,552.90,7.20,1580.00,106999.10,76838.50,23533.00,16.75,4.05,52469.80,411238.00,400860.00,367608.00,12.82,25.09,3.35,1580.00
MAS FINANC SER,540749,MASFIN,INE348L01012,Finance,Non Banking Financial Company (NBFC),300.25,5435.48,1430.06,423.34,311.33,16.33,10317.63,66.66,108.46,26.78,85.55,103.12,5.43,176.70,93.32,91.43,0.00,13.67,588.32,22.51,2091.91,23.12,20.70,110.15,397.54,11.30,13.42,22.62,19.58,-0.33,-1786.77,-1123.17,311.44,414.08,9.59,40.29,1141.41,-11.70,1004.02,2792.62,972.31,1438.10,10.00,1.83,562.46,39685.00,40107.00,46496.00,3.69,19.68,9.97,1004.02
Mastek,523704,MASTEK,INE759A01021,IT - Software,Computers - Software & Consulting,1693.50,5253.16,655.97,3669.00,1840.52,35.50,438.26,35.77,105.88,15.02,92.05,122.50,-0.25,129.98,108.35,97.45,0.00,11.98,995.73,5.89,3769.30,5.97,7.71,105.88,438.65,18.02,15.57,11.97,10.75,1.21,541.69,395.14,1841.99,156.03,41.93,39.35,461.47,13.20,705.14,2976.35,233.96,2114.34,7.43,1.75,985.25,90431.00,88918.00,98013.00,7.45,19.86,36.94,705.14
Max Estates,544008,MAXESTATES,INE03EI01018,Realty,"Residential, Commercial Projects",499.85,8183.31,101.53,724.45,425.74,1.99,2411.87,45.25,4.80,-58.08,11.45,-5.01,304.66,-18.09,0.02,7.82,0.00,1394.09,55.77,14.35,199.88,16.57,0.85,8.35,5.87,1.40,-1.27,-88.42,16.09,-6.11,-615.65,225.01,425.00,7.56,-0.64,75.13,1083.36,-8.08,615.03,2256.46,385.36,8147.53,86.94,3.38,51.91,29722.00,30720.00,31058.00,25.84,8.20,20.69,615.03
Max Financial,500271,MFSL,INE180A01020,Insurance,Life Insurance,1575.00,54114.07,228.08,1892.50,1590.23,16.78,1858.65,1.25,95.56,36.38,70.07,-27.75,475.29,27.32,44.76,5.87,26.92,498.72,11316.88,15.58,49821.97,4.91,16.75,118.29,108.51,2.87,1.52,-60.13,0.79,0.49,11472.70,8351.60,1590.39,63.36,0.64,55.75,1123.49,107.18,2137.15,5213.13,186014.02,12285.60,188.20,10.29,14969.51,80336.00,77069.00,80467.00,48.06,44.34,6.35,2137.15
Max Healthcare,543220,MAXHEALTH,INE027H01010,Healthcare Services,Hospital,997.90,97176.87,2404.80,1314.30,1060.57,20.74,3478.36,23.71,322.96,4.87,307.97,342.22,-5.63,442.91,300.92,491.30,0.00,64.90,2457.43,15.08,8712.05,15.96,16.70,322.96,1497.22,14.71,14.74,24.82,13.65,6.33,1633.32,1437.96,1061.20,648.19,4.55,31.77,681.89,2.52,700.60,9773.50,5.46,1944.79,40.22,9.04,2366.17,224606.00,216996.00,162119.00,41.78,29.95,4.55,700.60
Mayur Uniquoters,522249,MAYURUNIQ,INE040D01038,Consumer Durables,Leather And Leather Products,776.05,3366.59,289.73,907.00,658.54,14.44,7.78,58.77,56.12,37.79,40.73,59.43,-5.57,55.77,50.73,40.84,0.00,16.25,281.19,17.01,1020.37,15.58,24.71,56.12,207.12,24.74,18.37,35.69,20.84,2.51,133.15,156.94,657.36,64.47,12.83,50.82,88.00,10.78,81.14,1110.78,284.94,839.37,10.65,2.98,269.23,37381.00,38037.00,39078.00,4.78,3.13,33.33,81.14
Mazagon Dock,543237,MAZDOCK,INE249Z01020,Industrial Manufacturing,Ship Building & Allied Services,2570.00,104352.45,3405.30,3778.00,2500.79,16.05,447.37,81.22,549.41,21.51,452.15,679.18,-18.35,584.69,879.78,749.48,0.00,36.51,3376.92,15.28,13323.42,13.87,12.08,550.46,2857.85,35.98,29.17,31.72,18.71,28.11,-2653.88,2102.05,2500.10,655.98,14.47,63.49,16149.61,-4.28,13096.49,9553.19,914.79,22271.60,24.78,10.63,2942.70,805823.00,808455.00,719743.00,1.72,5.02,12.04,13096.49
Medi Assist Ser.,544088,MEDIASSIST,INE456Z01021,Insurance,Insurance Distributors,355.90,2661.68,194.25,716.15,393.72,38.21,54.40,4.61,27.68,23.57,22.40,53.44,-49.35,27.43,4.14,8.07,0.00,26.94,294.73,26.74,950.74,27.42,24.12,27.59,98.81,14.09,13.92,4.65,11.66,2.27,118.07,138.09,394.10,55.52,3.67,51.59,185.06,8.14,86.34,801.60,157.97,585.18,12.91,3.17,236.52,88148.00,88970.00,102991.00,25.42,47.24,22.74,86.34
Medplus Health,543427,MEDPLUS,INE804L01022,Retailing,Pharmacy Retail,656.30,7877.92,675.98,1343.00,808.33,35.80,1424.38,40.19,33.18,-21.67,42.36,63.98,-48.15,49.71,57.79,55.50,60.74,37.43,2010.82,19.74,7229.44,16.79,21.84,33.17,210.47,12.56,11.64,18.02,1.76,2.19,495.58,540.43,809.86,165.17,4.14,30.01,367.22,9.76,462.16,1951.35,0.00,2068.65,12.89,3.99,1879.60,76005.00,77278.00,81742.00,14.38,29.95,15.45,462.16
Meesho,544632,MEESHO,INE0VDM01015,Retailing,E-Retail/ E-Commerce,209.51,96858.57,-1012.40,254.65,177.03,17.73,62.63,16.41,-132.84,38.48,-215.92,-166.35,20.14,,-490.68,-411.36,0.00,,,,13835.29,34.47,48.28,-132.84,-1163.64,-35.59,-42.32,74.56,-3.58,,-3875.34,539.37,176.71,,,71.84,378.39,-36.66,1893.13,3929.97,1210.39,5371.63,-96.46,21.80,3712.81,246157.00,189154.00,,5.19,9.14,69.26,1893.13
Metro Brands,543426,METROBRAND,INE317I01021,Consumer Durables,Footwear,914.30,24938.18,973.20,1441.20,1050.69,31.79,1570.21,71.80,93.79,-4.79,98.51,116.61,-19.09,104.88,130.37,68.98,0.00,61.36,756.99,16.26,2955.75,15.48,14.66,95.26,406.44,20.18,22.21,13.72,13.22,4.22,473.79,697.53,1052.06,219.04,3.79,23.59,101.00,14.49,41.81,1856.88,672.61,1829.27,26.70,12.50,720.36,57942.00,59425.00,64907.00,3.73,7.68,16.78,41.81
Metropolis Healt,542650,METROPOLIS,INE112L01020,Healthcare Services,Healthcare Service Provider,540.80,11202.40,427.22,894.98,515.64,11.21,231.91,48.86,56.67,25.77,45.06,50.83,11.64,80.35,42.09,52.89,1.18,53.82,518.57,20.82,1710.00,21.80,16.62,56.89,208.15,17.81,13.63,36.87,12.64,3.25,350.70,262.75,515.39,128.70,3.86,40.60,49.02,14.09,62.32,1471.69,142.40,327.97,25.53,7.41,450.22,50636.00,49175.00,50015.00,11.03,35.12,5.00,62.32
Midwest,544587,MIDWESTLTD,INE0XAD01024,Consumer Durables,Granites & Marbles,1154.00,4159.75,188.53,1859.90,1265.18,37.95,192.42,77.12,29.40,26.67,23.21,35.56,-16.18,36.00,17.36,27.71,1.39,37.46,182.30,14.88,695.20,10.21,34.84,31.04,111.05,15.40,13.26,11.71,16.18,3.46,174.72,87.31,1266.29,49.02,9.43,40.31,16.54,1.07,228.77,944.29,0.00,597.81,20.60,4.34,191.84,20204.00,21086.00,,3.88,14.46,4.44,228.77
Midwest Energy,526570,,INE519N01014,Other Construction Materials,Other Construction Materials,3679.55,4773.18,-8.12,5900.00,3698.60,37.63,301.62,58.45,-1.02,70.52,-3.46,-3.45,70.43,,-3.25,-3.53,0.00,,,,14.40,1010.26,1173.47,-1.02,-10.92,-2.55,-5.73,-153.14,-16.35,,-9.80,-33.28,3698.79,,,53.72,41.54,,219.64,387.78,1.55,258.46,-1078.92,11.85,6.24,8825.00,8868.00,6822.00,12.63,1.57,27.35,219.64
Milky Mist Dairy,544868,MILKYMIST,INE00IT01020,Food Products,Dairy Products,184.89,14240.76,434.36,211.90,181.71,12.75,1676.72,79.51,,,,,,,,,,113.18,,,3138.36,33.58,,,125.82,13.71,31.92,173.28,,,301.79,314.86,181.68,,,,20.88,-9.49,13.60,334.56,0.00,592.25,36.61,,,374038.00,,,3.16,4.76,12.55,13.60
Minda Corp,538962,MINDACORP,INE842C01021,Auto Components,Auto Components & Equipments,743.30,17768.37,732.80,769.00,607.67,3.34,1476.20,64.84,107.57,64.70,65.31,122.60,66.33,125.97,84.27,84.64,0.00,44.09,1982.22,29.10,6645.77,26.59,33.22,206.25,403.00,12.67,14.71,57.13,5.83,3.45,675.60,544.40,606.31,230.06,5.26,61.69,96.70,4.61,147.10,2591.00,1558.40,2017.60,24.17,6.73,1846.31,98747.00,89480.00,93526.00,9.30,17.87,6.43,147.10
Mindspace Busine,543217,MINDSPACE,INE0CCU25019,Realty,Real Estate Investment Trusts (REITs),497.96,32989.84,2532.46,525.50,468.30,5.24,12991.06,,261.87,67.10,156.71,198.56,30.21,344.94,191.95,126.79,47.58,42.33,984.09,27.47,3422.52,25.85,27.85,271.81,779.40,7.64,4.65,53.92,28.72,1.55,2413.89,2017.35,468.00,742.24,5.02,64.09,741.10,2.62,1296.21,-2650.64,4.33,1833.04,16.57,2.15,946.44,,,,,,,1296.21
Mishra Dhatu Nig,541195,MIDHANI,INE099Z01011,Aerospace & Defense,Aerospace & Defense,420.50,7883.17,275.58,547.50,387.76,7.97,406.84,74.00,16.31,27.42,12.80,77.75,-79.02,22.91,27.46,12.77,0.00,58.70,272.29,29.83,1277.63,18.17,40.46,16.31,134.29,11.30,8.88,14.04,6.81,5.66,154.67,216.96,387.44,45.45,1.22,50.44,51.02,7.04,192.21,1343.48,22.73,2115.30,28.83,5.15,239.49,154762.00,164331.00,164891.00,2.57,7.37,16.06,192.21
MMTC,513377,MMTC,INE123F01029,Commercial Services & Supplies,Trading & Distributors,66.27,9948.50,170.83,1897.72,64.39,15.45,0.02,89.93,104.20,135.48,44.25,29.98,-17.30,-76.36,46.27,170.81,0.00,49.42,1.46,32.32,2.73,-19.23,-50.00,104.24,201.32,8.66,5.23,184.35,15323.53,-7.01,-605.26,-362.72,64.37,-73.31,-0.51,59.12,1338.85,-23.01,1788.67,1970.72,533.14,2195.85,32.39,4.69,0.68,355989.00,365864.00,399746.00,0.16,1.78,8.15,1788.67
Mobavenue AI Tech,539682,,INE622Q01027,IT - Software,Software Products,307.10,2373.81,47.44,343.80,258.98,10.67,12.82,65.60,11.66,94.33,6.00,8.44,38.15,58.15,7.61,7.30,0.00,67.80,298.50,449.52,244.91,160.68,56.97,11.66,35.01,71.59,57.72,210.65,16.01,,34.82,-3.63,258.50,62.68,7.52,47.74,9.14,,45.69,75.10,32.66,148.41,42.13,26.21,72.85,4323.00,1237.00,596.00,0.00,0.04,34.35,45.69
Modern Insulator,515008,,INE219W01012,Electrical Equipment,Other Electrical Equipment,461.55,2175.93,116.56,579.00,341.96,20.28,68.17,60.18,29.60,94.48,15.22,23.84,24.16,30.28,24.13,16.59,0.00,23.11,244.48,38.53,766.76,41.77,33.19,29.60,94.16,19.40,15.85,133.07,15.72,6.45,46.68,39.71,340.76,34.81,6.43,45.71,7.29,3.70,17.11,496.12,114.42,499.37,15.96,4.00,188.30,140887.00,140264.00,139633.00,0.40,1.08,38.34,17.11
MOIL,533286,MOIL,INE490G01020,Minerals & Mining,Industrial Minerals,252.75,5149.19,507.65,588.35,305.02,37.61,0.00,64.68,87.62,70.10,51.51,92.61,-5.39,72.73,52.92,70.44,0.00,16.96,362.64,4.19,1510.96,4.92,6.56,87.62,303.59,12.64,10.00,8.12,23.62,1.45,157.26,434.29,305.54,115.52,3.57,28.30,900.00,-1.12,710.61,2505.76,23.80,1399.57,7.89,1.90,370.88,294789.00,296085.00,307460.00,3.73,6.82,24.76,710.61
Molbio Diagnosti,544866,MOLBIO,INE869T01028,Healthcare Equipment & Supplies,Medical Equipment & Supplies,1036.65,11903.86,329.13,1177.00,1042.27,11.92,450.07,41.29,,,,,,,,,,71.20,,,1445.69,41.68,,,167.19,18.48,15.64,10.05,,,50.39,287.10,1042.33,,,,129.05,5.26,367.11,1158.06,5.98,1384.85,36.42,,,233544.00,,,1.51,16.36,40.83,367.11
Mold-Tek Pack.,533080,MOLDTKPAC,INE893J01029,Industrial Products,Packaging,682.40,2267.03,173.66,1123.05,647.72,21.61,214.66,33.21,25.57,17.35,21.79,20.64,23.89,24.61,14.35,15.48,2.27,29.81,248.00,18.23,946.51,14.71,24.90,25.57,76.04,13.32,10.88,15.54,8.51,1.93,125.37,110.42,647.37,46.87,7.41,49.31,1.85,-3.14,1.25,673.37,22.32,371.38,13.58,3.29,300.45,62239.00,67072.00,67088.00,8.30,21.81,36.68,1.25
Monarch Networth,511551,MONARCH,INE903D01011,Capital Markets,Stockbroking & Allied,391.85,3116.60,258.90,501.35,330.82,3.71,37.21,53.83,45.18,-0.15,45.25,45.56,-0.83,65.67,45.41,44.97,5.46,17.21,99.48,19.68,365.08,7.49,-7.24,45.18,181.12,27.68,20.49,17.25,49.71,20.67,114.20,29.75,330.20,70.36,8.28,60.18,632.21,0.20,708.65,892.14,218.17,935.36,9.55,3.20,90.89,18430.00,19072.00,18561.00,2.77,0.15,43.19,708.65
Monolithisch Ind,,MONOLITH,INE1DV401010,Industrial Products,Electrodes & Refractories,1007.60,2190.12,33.66,1044.00,605.56,3.49,6.48,74.27,10.07,134.73,4.29,8.11,24.17,,6.08,4.52,0.00,76.10,,,153.68,39.10,63.85,10.07,28.78,34.79,27.76,58.94,21.34,,13.79,4.01,601.51,,,72.67,0.35,,27.09,108.97,6.96,92.23,52.56,16.76,47.19,2102.00,1658.00,967.00,1.79,2.82,21.12,27.09
Morepen Labs.,500288,MOREPENLAB,INE083A01026,Pharmaceuticals & Biotechnology,Pharmaceuticals,96.47,5285.52,146.93,100.90,52.50,1.06,207.85,35.66,56.40,424.65,10.75,15.74,258.92,34.48,27.50,41.04,0.00,45.02,482.27,17.18,1950.59,9.49,34.07,56.35,117.42,8.05,6.20,26.79,9.88,-158.49,32.64,32.06,52.06,48.48,0.63,79.20,49.36,-7.69,68.83,1136.85,124.16,1163.61,26.32,4.24,570.13,434912.00,447286.00,461180.00,1.46,1.28,61.59,68.83
Moschip Tech.,532407,MOSCHIP,INE935B01025,IT - Hardware,Computers Hardware & Equipments,206.31,4015.94,65.11,326.80,206.46,28.48,88.09,39.31,2.45,-77.56,10.92,7.95,-69.18,7.12,4.30,12.15,0.00,126.01,155.16,5.60,565.77,8.37,-14.29,2.45,31.87,10.97,11.03,-21.15,2.11,6.32,92.80,100.29,206.46,14.81,0.37,43.19,54.67,12.24,149.28,369.86,0.00,420.20,66.07,9.79,116.21,361757.00,357850.00,254637.00,0.77,0.00,59.83,149.28
Motherson Wiring,543498,MSUMI,INE0FS801015,Auto Components,Auto Components & Equipments,39.18,25976.23,1063.80,53.59,41.07,26.89,233.20,61.72,145.32,1.55,143.10,167.30,-13.14,244.96,149.44,165.34,0.00,41.40,3643.65,31.93,12390.81,28.68,36.62,145.32,627.40,38.86,32.36,4.55,4.27,3.93,761.30,364.80,41.09,320.74,0.37,39.10,237.50,21.92,69.20,1498.50,0.00,3808.20,24.14,12.02,3407.26,874956.00,857987.00,928406.00,8.91,17.85,11.48,69.20
Motil.Oswal.Fin.,532892,MOTILALOFS,INE338I01027,Capital Markets,Stockbroking & Allied,973.40,58886.41,3912.10,1097.10,859.44,11.28,21255.11,67.20,1273.11,9.56,1162.06,-221.28,681.31,805.12,566.17,362.56,0.00,29.74,2718.73,47.03,10062.73,14.85,25.16,1273.71,1980.22,12.66,15.53,-28.82,37.18,-3.25,-6070.70,1214.73,858.30,1253.15,13.36,65.65,10497.73,-6.35,13483.46,12827.93,10299.18,18473.46,16.02,4.55,3425.76,225318.00,241961.00,260286.00,6.86,6.78,19.15,13483.46
Mphasis,526299,MPHASIS,INE356A01018,IT - Software,Computers - Software & Consulting,2430.00,46469.13,3302.75,3659.75,2438.71,19.99,2619.68,30.54,489.51,10.82,441.70,509.64,-3.95,607.88,442.19,469.07,100.00,24.00,4483.33,14.90,16531.21,13.69,17.46,489.51,1936.16,22.09,18.53,11.32,11.17,2.18,1253.28,1905.20,2438.80,827.05,31.85,51.03,1612.58,13.05,1752.71,10552.89,1769.07,6945.92,13.93,4.32,4384.05,131941.00,132916.00,152602.00,19.50,45.31,4.65,1752.71
MPS,532440,MPSLTD,INE943D01017,Printing & Publication,Printing & Publication,2917.40,4988.58,248.30,3079.00,2072.44,2.10,60.63,68.34,50.39,41.19,35.69,46.78,7.12,62.34,35.50,55.44,0.00,27.24,219.91,13.10,806.33,10.09,20.38,50.39,183.15,38.72,29.72,18.76,22.47,3.10,196.80,100.90,2063.94,71.67,36.44,66.93,84.29,22.95,94.55,579.22,24.66,336.59,17.93,8.37,224.24,25565.00,25010.00,26529.00,1.38,2.14,27.31,94.55
MRF,500290,MRF,INE883A01011,Auto Components,Tyres & Rubber Products,134000.00,56860.33,5414.90,163600.00,135368.13,18.09,3206.66,27.76,495.35,-1.29,501.82,691.71,-29.46,632.57,694.60,525.64,0.09,23.07,8241.11,11.69,31888.87,11.37,9.64,495.35,2464.67,15.73,12.51,37.04,5.89,1.91,4590.30,1864.76,135381.88,1181.56,1491.53,54.98,486.76,6.98,2182.72,20970.32,3397.81,11759.65,10.74,2.71,8415.50,68876.00,58110.00,50253.00,17.43,12.11,42.71,2182.72
Mrs Bectors,543253,BECTORFOOD,INE495P01020,Food Products,Packaged Foods,258.02,7921.58,253.70,440.00,215.76,18.91,170.60,49.04,35.27,41.76,24.88,29.92,17.88,42.49,33.14,30.84,0.00,61.33,576.42,11.95,1968.09,11.13,15.68,35.27,129.17,12.94,10.48,12.19,6.96,4.68,189.05,136.79,215.33,70.74,1.38,74.33,188.55,0.12,191.63,1113.28,178.99,539.13,29.28,6.74,507.06,109010.00,101347.00,95165.00,8.07,25.96,16.93,191.63
Mrugesh Trading,512065,,INE738D01029,Finance,Non Banking Financial Company (NBFC),83.68,6045.46,-0.23,100.23,37.82,16.51,2.52,0.25,0.09,280.00,-0.05,-0.50,118.00,,0.26,-0.03,0.00,,,,11.76,-41.90,,0.09,-0.18,-0.49,-0.53,-151.43,20.93,-32.59,-56.38,-17.85,37.36,,,51.02,0.17,-53.21,0.31,-0.12,0.00,33.69,-67196.33,83.81,0.43,122.00,94.00,61.00,0.00,0.00,99.75,0.31
MSTC,542597,MSTCLTD,INE255X01014,Commercial Services & Supplies,Trading & Distributors,692.35,4851.40,302.80,1165.00,540.42,6.93,145.00,64.75,58.22,37.51,42.34,77.22,-24.61,59.78,51.37,47.50,0.00,20.71,104.94,23.45,386.48,21.02,21.71,58.22,234.31,30.27,26.60,8.30,61.78,2.01,-27.79,260.30,538.90,62.99,8.49,65.12,1358.72,-7.05,1327.58,833.54,11.88,1604.19,11.31,5.39,94.24,87424.00,92581.00,84422.00,4.91,1.29,29.06,1327.58
MTAR Technologie,543270,MTARTECH,INE864I01014,Electrical Equipment,Other Electrical Equipment,7113.50,21887.16,194.74,8714.95,5084.84,18.38,376.57,29.35,50.50,349.69,11.23,44.34,13.89,23.46,35.17,4.59,3.52,159.42,259.45,91.35,1080.24,53.38,130.37,50.50,137.29,15.20,12.61,126.78,14.00,26.69,191.66,101.79,5064.45,49.10,7.63,57.90,16.60,1.00,21.12,794.92,222.04,1131.44,86.04,26.50,360.72,258386.00,209273.00,297581.00,24.80,22.35,23.51,21.12
Mufin Green,542774,MUFIN,INE08KJ01020,Finance,Non Banking Financial Company (NBFC),139.51,2763.74,160.66,274.40,117.29,3.05,1397.60,47.30,14.01,240.88,4.11,11.09,26.33,16.15,7.01,6.06,0.00,72.41,77.85,51.41,245.90,43.01,60.11,14.01,38.17,10.73,6.69,92.97,18.23,-0.77,-695.01,-142.39,117.06,58.22,0.82,66.37,150.09,-27.22,218.81,554.88,164.90,290.97,20.76,4.81,76.87,24964.00,25767.00,26485.00,2.26,10.05,40.39,218.81
Multi Comm. Exc.,534091,MCX,INE745G01043,Capital Markets,Exchange and Data Platform,3126.00,79710.46,1768.73,3480.00,2539.41,10.17,4.76,0.00,413.44,103.47,203.19,529.77,-21.96,576.91,401.12,197.47,0.00,51.70,878.19,134.67,2630.79,110.21,88.10,413.44,1541.80,71.37,56.27,136.36,58.89,6.43,3034.72,950.13,2533.51,608.31,22.62,67.12,1901.67,57.91,2536.90,2796.94,2949.30,4151.84,37.85,27.99,702.00,432684.00,360169.00,234989.00,29.85,50.80,19.15,2536.90
Muthoot Finance,533398,MUTHOOTFIN,INE414G01012,Finance,Non Banking Financial Company (NBFC),2970.00,119227.80,25496.41,4149.50,3169.98,28.43,163271.13,73.35,2799.07,38.83,2016.20,3349.47,-16.85,5467.94,2823.48,2411.65,0.00,10.48,10920.38,49.95,33430.70,50.65,34.44,2824.84,11373.20,15.80,30.92,84.79,32.58,-0.52,-47392.65,-26524.89,3171.99,8961.30,134.96,51.88,8346.02,-18.30,12867.84,40200.28,600.92,16797.23,9.67,2.94,8671.60,312071.00,314887.00,288688.00,11.61,10.75,4.29,14798.15
Muthoot Microfin,544055,MUTHOOTMF,INE046W01019,Finance,Microfinance Institutions,213.21,3643.10,1127.10,281.00,193.56,18.86,9707.25,55.47,81.34,1216.18,6.18,71.12,14.37,59.01,62.44,30.52,0.00,14.84,628.59,9.07,2479.59,0.93,19.69,81.34,245.42,9.31,6.22,174.47,12.16,-0.37,-580.33,1382.03,193.36,313.63,3.46,42.37,1169.77,-1.51,1140.77,2686.55,405.83,1635.16,9.66,1.27,668.64,136798.00,140500.00,158221.00,23.11,3.38,16.45,1140.77
N S D L,544467,,INE301O01023,Capital Markets,"Depositories, Clearing Houses and Other Intermediaries",810.20,16204.00,560.29,1425.00,906.69,41.37,16.59,0.00,98.19,9.55,89.63,90.11,8.85,123.17,89.67,110.39,0.00,41.73,554.02,38.49,1734.56,24.35,65.57,98.31,388.30,23.22,17.36,9.40,19.03,3.49,713.49,557.85,907.66,142.28,6.15,40.55,374.23,14.06,507.83,2329.97,2559.42,1883.01,27.29,6.84,516.63,894029.00,874414.00,,11.69,37.75,50.55,507.83
NACL Industries,524709,NACLIND,INE295D01020,Fertilizers & Agrochemicals,Pesticides & Agrochemicals,170.10,3984.25,105.98,311.20,173.38,35.79,311.96,53.68,20.84,59.82,13.04,-0.86,2523.26,28.16,-10.16,2.55,0.00,153.71,552.07,20.82,1519.43,11.90,-14.50,20.84,25.92,8.13,2.37,129.61,5.44,5.89,-104.14,468.98,173.41,46.62,1.20,38.05,59.35,11.57,34.61,659.50,8.17,824.51,38.88,5.83,383.33,48817.00,47596.00,39275.00,0.09,1.32,44.90,34.61
Nalwa Sons Invst,532256,NSIL,INE023A01030,Finance,Investment Company,5631.00,2892.37,76.59,9974.00,5865.47,35.85,2.91,55.61,26.66,3.37,25.79,5.49,384.39,26.75,7.52,17.86,0.00,52.23,31.52,27.44,98.43,-19.76,-7.31,26.69,55.38,0.48,0.34,27.78,77.63,4.35,49.05,61.71,5867.82,26.93,52.02,55.94,37.94,0.32,23.36,15167.91,16744.23,73.54,36.98,0.19,34.38,35859.00,36366.00,36859.00,6.20,0.16,38.01,23.36
Narayana Hrudaya,539551,NH,INE410P01011,Healthcare Services,Hospital,1799.30,36832.52,1722.84,2371.60,1851.71,14.09,5857.50,63.27,207.18,5.71,195.99,227.93,-7.46,321.05,126.79,258.49,0.00,42.73,2802.40,70.48,9072.40,59.61,78.05,207.27,861.98,15.50,20.54,8.93,7.72,2.81,1621.19,985.78,1852.23,567.79,15.70,31.73,646.74,3.07,2129.19,4332.90,573.16,3537.19,21.87,8.10,2683.63,211173.00,220561.00,205639.00,9.40,9.05,17.65,2129.19
Natco Pharma,524816,NATCOPHARM,INE987B01026,Pharmaceuticals & Biotechnology,Pharmaceuticals,877.50,15713.35,1734.10,1639.00,954.10,28.47,713.90,49.41,206.50,-57.04,480.70,267.90,-23.23,248.42,151.30,517.90,0.00,13.73,1061.88,-22.09,3484.60,-20.73,-44.68,206.50,1144.30,17.14,16.86,-32.59,28.09,1.13,1768.30,1696.80,954.87,325.69,13.87,37.80,2176.00,13.22,1550.90,9185.30,3127.10,5052.30,11.04,1.70,735.20,403166.00,410970.00,429434.00,16.99,5.63,27.97,1550.90
National High,543385,NHIT,INE0H7R23014,Transport Infrastructure,"Road AssetsToll, Annuity, Hybrid-Annuity",168.00,32539.09,3494.42,172.00,151.68,2.33,25090.72,,234.50,93.05,121.47,204.55,14.64,249.80,247.41,112.09,4.59,40.75,1578.30,57.59,4563.19,61.64,28.27,234.50,798.55,4.42,3.00,110.83,17.88,124.28,3820.36,2098.67,151.52,1258.56,1.29,49.17,465.61,-24.51,687.28,-2387.92,0.00,1016.14,15.33,1.38,1311.87,,,,,,,906.44
Natl. Aluminium,532234,NATIONALUM,INE139A01034,Non - Ferrous Metals,Aluminium,385.60,71290.81,8593.75,445.15,345.81,13.38,59.83,51.28,2003.14,90.87,1049.48,1722.44,16.30,2153.80,1595.15,1429.94,0.00,10.56,4983.81,16.11,19338.49,9.02,39.28,2003.14,6750.67,39.59,29.42,17.83,37.78,1.44,6437.97,5806.11,345.41,2369.63,11.73,55.50,5426.73,17.03,8407.74,20685.39,533.49,11327.38,6.37,3.28,5302.38,948915.00,969058.00,956168.00,21.99,11.22,15.52,8407.74
Natl.Fertilizer,523630,NFL,INE870D01012,Fertilizers & Agrochemicals,Fertilizers,70.30,3446.81,929.19,169.95,78.81,31.75,3963.70,74.71,113.38,387.47,-39.44,151.54,-25.18,111.11,135.20,-35.81,0.00,9.46,8158.51,20.63,22480.40,23.27,27.34,113.38,364.31,9.09,7.61,137.75,2.52,2.49,-1341.75,2590.02,78.90,347.00,2.26,37.27,32.78,7.17,59.05,2350.40,495.56,7449.92,6.34,1.21,4500.39,284253.00,287339.00,310847.00,0.54,4.92,19.81,59.05
Nava,513023,NAVA,INE725A01030,Power,Power Generation,556.75,15758.75,1881.65,739.40,587.17,24.70,2226.41,50.03,277.61,-9.95,308.28,127.41,144.31,293.96,325.71,177.50,0.00,20.81,1042.10,8.13,4309.50,8.98,1.56,332.82,757.10,12.80,9.33,-27.55,27.50,0.67,2312.33,2157.05,587.48,398.11,8.65,42.63,1044.81,13.86,2114.85,8716.98,1408.48,4382.24,8.53,1.80,1211.80,61856.00,56461.00,61599.00,10.22,0.56,39.18,2114.85
Navin Fluo.Intl.,532504,NAVINFLUOR,INE048G01026,Chemicals & Petrochemicals,Specialty Chemicals,8256.00,42338.20,1127.82,8775.50,6691.11,5.92,1271.75,27.08,243.31,107.67,117.16,202.29,14.43,281.86,185.40,148.37,0.00,53.24,1075.40,41.79,3633.58,42.43,44.07,243.31,795.30,20.96,19.64,124.32,23.28,7.61,893.57,570.81,6675.38,361.05,54.94,58.62,40.52,3.43,96.87,3964.33,1229.03,1561.68,33.00,10.65,1045.08,138594.00,143987.00,138398.00,23.73,28.46,20.73,96.87
Navneet Educat.,508989,NAVNETEDUL,INE060A01024,Household Products,Stationary,133.79,2969.15,298.00,193.60,142.87,20.60,108.00,63.29,130.84,-16.66,157.00,26.68,261.54,6.71,188.00,-15.00,0.00,23.73,241.52,-2.22,1715.00,-3.76,-0.76,141.00,125.13,10.23,8.03,-37.89,16.60,1.59,307.00,274.43,142.96,25.88,0.30,42.62,41.97,7.63,67.00,1998.00,975.00,1108.00,11.32,1.45,788.00,39641.00,39807.00,45584.00,3.20,13.57,19.94,67.00
Nazara Technolo.,543280,NAZARA,INE418L01047,Entertainment,Digital Entertainment,357.50,13665.26,1214.13,419.51,288.29,2.05,214.93,33.98,-79.92,-249.49,53.46,46.96,-248.06,-118.84,8.84,-33.93,89.61,,480.04,-8.82,1758.98,-6.07,-14.03,-82.47,-207.22,27.23,30.49,-267.34,-19.23,14.57,148.63,65.50,287.60,-55.31,-3.00,73.61,458.17,0.16,255.12,3399.39,2063.70,1238.39,-1002.58,3.81,428.77,100544.00,100165.00,119223.00,15.51,2.47,48.04,255.12
NBCC,534309,NBCC,INE095N01031,Construction,Civil Construction,88.25,23797.48,924.26,139.83,98.99,29.96,0.26,61.75,154.83,17.18,132.13,241.39,-37.67,148.33,197.22,156.69,0.00,34.77,2938.92,0.86,12755.65,3.79,-5.51,158.01,684.36,30.95,24.08,7.53,6.99,11.95,439.46,657.19,99.09,152.01,0.54,31.89,5715.84,7.81,6515.72,2747.26,19.41,15226.44,18.08,7.90,2259.53,1226689.00,1277277.00,1391782.00,4.77,11.28,22.20,6515.72
NCC,500294,NCC,INE868B01028,Construction,Civil Construction,140.07,8820.79,1964.22,364.50,160.43,37.05,3457.00,23.09,216.40,12.63,192.14,206.02,5.60,167.50,135.22,167.33,3.80,12.21,4681.40,3.05,21455.84,-1.81,12.22,228.90,722.28,16.80,9.19,-9.95,3.94,0.85,-458.51,741.70,160.64,420.76,2.52,43.64,1581.00,0.60,1288.73,7743.38,153.30,22241.34,5.34,1.12,5811.83,543274.00,557418.00,557585.00,11.29,17.88,47.75,1288.73
NDR INVIT Trust,,NDRINVIT,INE0Q7Q23015,Commercial Services & Supplies,Diversified Commercial Services,142.50,6527.06,366.65,146.90,121.76,3.00,2152.51,,36.16,-5.44,38.24,-4.97,538.30,44.26,33.27,36.60,14.90,65.56,128.24,23.77,442.70,26.31,22.12,36.00,99.56,5.08,2.47,-22.78,29.03,2.76,531.03,293.61,121.55,113.16,0.97,55.84,63.75,3.06,436.35,-141.23,11.45,589.25,21.00,1.49,124.02,,,,,,,436.35
NELCO,504112,NELCO,INE045B01015,IT - Hardware,Computers Hardware & Equipments,912.00,2077.53,33.73,1502.75,804.98,18.62,72.84,50.09,2.08,15.56,1.80,1.09,114.68,1.35,-1.19,1.62,0.00,348.00,79.17,6.51,311.84,2.05,7.01,2.34,5.97,7.21,0.46,-11.82,2.60,4.41,15.26,19.66,803.90,7.74,0.59,45.00,14.61,4.59,20.25,106.01,4.22,182.04,64.20,16.15,80.03,69141.00,71660.00,70299.00,5.62,0.05,43.99,20.25
Neogen Chemicals,542665,NEOGEN,INE136S01016,Chemicals & Petrochemicals,Specialty Chemicals,2259.10,6185.39,143.71,2483.90,1720.54,9.05,1395.09,53.00,17.11,66.76,10.26,11.39,50.22,13.65,3.69,3.37,23.00,173.94,257.34,23.33,925.53,18.00,34.04,17.11,35.56,6.46,3.58,-12.07,6.84,-26.44,-231.48,195.98,1715.13,42.84,4.98,60.05,4.96,-20.39,4.95,789.87,0.45,1392.51,46.40,7.30,250.29,61988.00,54332.00,46321.00,4.11,19.60,23.27,4.95
Nephrocare Health Services,544647,NEPHROPLUS,INE428V01029,Healthcare Services,Healthcare Service Provider,674.15,6827.11,246.96,769.75,592.78,12.42,79.71,63.85,31.97,34.89,23.70,30.37,5.27,,32.24,-9.47,0.00,80.22,,,1052.82,32.16,23.69,31.97,85.11,15.34,8.83,11.62,11.35,5.86,232.58,135.35,591.96,,,46.80,155.39,4.59,255.46,1096.43,177.78,668.53,25.38,6.06,281.75,44091.00,43409.00,,8.78,9.05,18.30,255.46
NESCO,505355,NESCO,INE317F01035,Commercial Services & Supplies,Diversified Commercial Services,1032.60,7279.57,595.81,1638.90,1138.49,36.99,271.72,68.54,99.96,3.97,96.14,93.05,7.43,126.02,104.64,118.91,0.00,17.48,287.61,20.25,950.52,21.24,9.55,99.96,416.56,18.54,14.84,3.73,47.20,1.85,387.79,348.90,1139.55,148.63,17.88,39.67,18.73,-1.10,24.94,2982.33,1519.70,165.30,12.60,2.43,211.80,46381.00,46130.00,43336.00,4.32,4.12,23.03,24.94
Nestle India,500790,NESTLEIND,INE239A01024,Food Products,Packaged Foods,1458.00,280211.01,5342.42,1553.00,1359.02,6.12,444.16,62.76,979.67,48.61,659.23,1140.75,-12.48,1343.87,1018.06,753.20,0.00,74.63,6875.54,21.83,24436.62,19.30,25.16,975.12,3754.89,84.14,73.17,24.81,15.36,6.54,5047.56,2934.53,1358.03,1594.52,6.97,43.31,95.65,44.99,1340.87,5116.41,705.60,4590.47,48.14,52.95,6378.18,479696.00,492124.00,519439.00,10.30,11.89,15.04,1340.87
Netweb Technol.,543945,NETWEB,INE0NT901020,IT - Services,IT Enabled Services,5419.80,30878.09,303.68,5449.90,3878.64,0.55,282.23,66.98,85.32,179.92,30.48,70.59,20.87,84.40,73.31,31.43,0.00,118.47,707.44,132.93,2702.04,107.70,172.13,85.32,260.65,37.50,32.84,102.07,10.41,59.11,171.49,-13.21,3863.15,100.52,14.82,65.50,179.53,5.38,589.35,711.91,0.00,2189.90,79.04,42.67,819.69,246932.00,243292.00,181134.00,9.27,5.91,17.84,589.35
Network People,544396,NPST,INE0FFK01017,Financial Technology (Fintech),Financial Technology (Fintech),1606.90,3345.53,65.13,3577.00,1496.76,32.72,13.76,60.48,11.05,53.69,7.19,12.24,-9.72,18.77,11.54,9.84,0.00,74.91,91.93,96.93,217.76,47.17,68.00,11.05,44.66,19.67,15.00,25.13,19.56,26.21,-45.43,29.06,1495.65,24.03,8.99,55.77,94.42,-3.08,309.38,419.60,0.77,444.08,41.99,7.61,56.48,9986.00,8162.00,5473.00,0.08,10.02,29.42,309.38
Netwrk.18 Media,532798,NETWORK18,INE870H01013,Entertainment,Media & Entertainment,30.59,4725.39,374.72,581.26,36.43,47.35,3287.71,56.89,-38.71,-2074.55,-1.78,-18.40,-29.55,-77.28,-5.29,41.25,0.00,,441.56,-11.30,2169.22,-48.53,10.34,-38.36,-1.70,3.02,0.76,98.67,-7.43,-0.18,-28.10,-1912.05,36.49,5.95,-0.50,57.28,4.39,-48.85,39.68,4152.91,6123.38,980.56,23.49,0.96,516.26,525106.00,531580.00,570692.00,4.33,0.12,38.66,39.68
Neuland Labs.,524558,NEULANDLAB,INE794A01010,Pharmaceuticals & Biotechnology,Pharmaceuticals,23568.00,30228.59,602.39,23881.00,16665.46,1.31,301.27,32.62,147.67,962.37,13.90,212.67,-30.56,280.54,40.57,96.85,2.29,60.73,1059.15,105.95,2371.81,78.33,119.16,147.67,497.76,26.47,21.25,277.69,23.02,9.89,346.68,317.40,16596.08,333.76,218.66,71.14,258.82,3.13,354.96,1861.57,1.98,1483.13,38.02,16.13,641.58,44340.00,46304.00,42419.00,21.08,16.52,29.79,354.96
New India Assura,540769,NIACL,INE470Y01017,Insurance,General Insurance,183.08,30143.98,1317.66,382.42,168.21,16.02,0.00,85.44,-242.65,-160.61,400.33,577.92,-141.24,-90.22,380.00,55.30,0.00,39.18,14542.00,8.12,49962.43,11.34,1.54,-239.15,769.28,4.29,4.92,-35.77,-2.01,-0.54,-4532.06,-3389.71,168.06,-90.27,-0.55,56.25,17710.50,-14.83,19289.89,0.00,0.00,0.00,45.47,,11899.69,166768.00,155586.00,158078.00,1.02,11.17,2.36,0.00
Newgen Software,540900,NEWGEN,INE619B01017,IT - Software,Computers - Software & Consulting,527.35,7512.38,460.10,1798.90,605.93,49.39,39.36,53.45,62.82,26.35,49.72,112.25,-40.90,88.41,62.82,81.74,0.00,21.91,432.61,7.94,1610.42,7.88,11.23,62.82,342.80,25.01,19.59,8.01,17.61,2.98,231.86,214.98,606.72,99.41,6.20,47.74,415.50,13.44,411.52,1636.19,703.08,1311.13,14.55,4.22,356.68,200312.00,193680.00,147452.00,13.78,8.15,23.88,411.52
Nexus Select,543913,NXST,INE0NDH25011,Realty,Real Estate Investment Trusts (REITs),167.98,25456.52,1753.97,191.90,158.84,12.46,6203.15,,156.52,30.89,119.58,12.18,1185.06,197.22,139.40,132.32,77.38,57.80,706.42,11.97,2634.94,12.33,10.91,156.52,440.42,5.83,2.69,-4.84,23.00,,1661.99,1532.41,158.75,479.59,1.30,55.73,77.00,6.55,59.95,-1884.92,1317.96,239.02,16.92,1.93,680.53,,,,,,,59.95
NHPC Ltd,533098,NHPC,INE848E01016,Power,Power Generation,76.35,76865.39,7310.07,118.45,78.99,14.43,52326.69,61.39,1095.87,2.90,1065.02,1460.16,-23.97,629.83,320.60,1219.28,0.00,20.25,3869.91,15.00,12209.83,12.02,18.50,1178.09,3796.59,5.75,9.32,24.48,30.93,1.24,3293.62,5026.18,79.02,1925.88,0.58,40.41,2750.94,-4.25,3651.04,31392.15,439.79,14660.24,16.02,1.85,3808.31,3305630.00,3367954.00,3773352.00,12.29,14.54,10.64,3651.04
NIBE,535136,NIBE,INE149O01018,Aerospace & Defense,Aerospace & Defense,1503.60,2332.75,48.68,2245.40,1323.29,18.72,119.66,51.46,-11.03,-680.53,1.90,29.23,-143.49,-25.51,-18.87,-9.69,0.00,,124.48,69.66,454.96,-5.17,-23.62,-11.99,-7.30,4.79,1.94,-135.21,-19.03,,-34.52,25.03,1321.48,-9.35,-15.14,54.61,9.31,-21.63,46.84,333.46,1.30,345.73,74.18,6.45,63.01,44534.00,42288.00,44466.00,11.47,0.58,36.48,46.84
NIIT Learning,543952,NIITMTS,INE342G01023,Other Consumer Services,Education,231.46,3195.43,407.56,576.90,291.66,47.86,318.16,34.25,58.23,8.82,53.51,54.19,-25.55,73.37,74.34,46.96,0.00,13.91,583.77,22.71,2065.72,21.70,25.20,57.41,229.69,20.87,15.48,1.12,10.30,1.03,288.44,247.10,292.26,104.93,5.32,40.64,342.46,14.19,394.65,1515.39,531.34,1376.42,7.62,2.06,565.08,70268.00,68595.00,72819.00,14.44,25.38,25.92,394.65
Nilkamal Ltd,523385,NILKAMAL,INE310A01015,Consumer Durables,Plastic Products - Consumer,2043.70,3053.86,355.30,3180.00,1468.66,2.91,418.23,64.54,24.32,59.58,15.24,41.52,-41.47,41.97,25.40,33.67,0.00,22.69,1011.43,4.52,3714.65,7.57,-7.18,24.40,134.59,10.61,8.22,30.18,2.98,1.15,305.56,247.45,1462.88,92.30,28.04,69.52,139.48,4.19,83.34,1562.46,74.19,1321.79,9.14,1.93,819.73,21248.00,20845.00,21701.00,0.97,12.90,21.59,83.34
Nippon Life Ind.,540767,NAM-INDIA,INE298J01013,Capital Markets,Asset Management Company,1232.50,79294.83,2019.24,1266.30,1015.59,2.67,75.34,71.80,503.70,27.16,396.12,384.72,30.93,531.08,403.90,344.64,0.00,48.44,825.12,25.37,2869.00,23.01,26.42,503.70,1636.96,43.80,34.48,21.24,65.68,6.88,1466.02,1199.53,1013.41,546.40,8.30,60.40,287.68,20.77,302.12,4021.02,3767.09,506.68,36.55,16.88,766.87,200154.00,208596.00,210173.00,7.04,15.49,5.67,302.12
Nirlon,500307,NIRLON,INE910A01012,Commercial Services & Supplies,Diversified Commercial Services,624.60,5613.09,535.34,664.20,568.06,5.96,1146.90,67.66,69.38,18.78,58.41,70.59,-1.71,94.02,69.32,147.66,0.00,15.73,173.84,5.16,674.49,4.97,3.26,69.38,356.95,30.77,83.81,57.43,41.22,1.07,477.48,480.09,567.49,134.72,10.43,50.79,173.94,26.46,297.78,378.49,0.00,337.93,12.03,12.01,168.31,26433.00,27608.00,27023.00,4.49,0.01,27.85,297.78
Nitco,532722,NITCO,INE858F01012,Consumer Durables,Ceramics,89.61,2161.70,36.86,360.00,98.59,30.88,314.49,23.96,-10.27,-121.61,47.53,-7.73,-32.61,-11.60,-11.96,0.94,67.13,,140.73,30.67,507.80,28.75,-22.77,-10.33,-24.92,7.07,10.76,86.76,-8.90,-2.86,-152.58,-147.97,98.68,-11.82,-0.48,31.50,91.36,-17.19,31.37,124.30,0.76,905.51,-111.43,5.91,116.01,28110.00,25484.00,21997.00,2.10,0.59,73.35,31.37
Nitin Spinners,532698,NITINSPIN,INE229H01012,Textiles & Apparels,Other Textile Products,586.05,3298.45,457.76,617.55,457.52,5.10,1124.49,56.71,75.27,83.63,40.99,57.36,31.22,64.39,44.41,34.79,0.00,15.57,785.89,3.40,3295.58,-0.01,10.30,75.27,211.83,12.21,12.76,21.53,8.60,0.88,410.52,307.43,456.23,119.59,11.45,58.02,9.51,1.88,8.64,1414.51,17.14,1146.46,8.78,2.24,875.03,31698.00,35002.00,36483.00,1.92,14.68,26.70,8.64
Niva Bupa Health,544286,NIVABUPA,INE995S01015,Insurance,General Insurance,82.88,15311.86,162.48,109.41,81.10,9.32,0.00,55.30,137.80,92.89,71.44,159.36,-13.53,36.75,-87.64,-35.27,0.00,87.87,2037.51,29.45,7907.38,27.91,27.93,137.80,174.25,3.15,3.46,-42.64,5.58,1.42,904.86,1654.38,81.08,36.79,0.20,38.70,220.35,26.88,158.66,0.00,0.00,0.00,63.38,,2471.26,126567.00,135343.00,154883.00,12.09,16.17,16.44,0.00
NLC India,513683,NLCINDIA,INE589A01014,Power,Power Generation,272.05,37513.52,7475.28,387.80,286.33,29.85,27891.78,69.47,484.27,-39.28,797.59,1393.46,-70.55,567.85,724.01,724.80,0.00,11.69,5049.59,20.85,18380.67,16.85,23.29,436.33,3208.88,10.45,17.50,12.22,9.25,0.48,5166.07,8977.12,286.47,1638.19,4.10,33.66,319.70,1.09,842.22,20138.12,8.47,8443.54,8.34,1.75,4716.75,333052.00,303919.00,337506.00,4.62,12.94,8.66,842.22
NMDC,526371,NMDC,INE584A01023,Minerals & Mining,Industrial Minerals,83.95,73904.84,10747.90,147.56,82.81,13.89,6406.81,60.79,1976.46,0.44,1967.80,2027.43,-2.51,2485.55,1757.29,1698.04,0.00,9.91,8350.92,30.93,32127.28,27.34,0.84,1976.23,7459.76,27.58,23.37,14.07,29.08,1.28,4996.25,1894.28,82.80,2653.65,2.83,45.56,10088.55,5.40,11387.32,33183.15,1371.72,29411.44,6.39,2.17,6795.25,1129202.00,1130914.00,1142938.00,13.59,13.80,11.80,11387.32
NMDC Steel,543768,NSLNISP,INE0NNS01018,Ferrous Metals,Iron & Steel,39.52,11581.75,1604.20,73.70,42.68,26.47,4613.18,60.79,50.51,97.61,25.56,391.91,-87.11,-37.70,-243.97,-114.78,0.00,138.42,4552.24,34.29,13938.43,41.57,8.81,50.51,83.67,3.06,0.45,104.65,1.38,1.45,1795.50,1965.98,42.72,427.30,-0.13,32.00,907.64,-0.63,799.98,10242.59,0.00,6459.00,9.51,0.88,3661.84,711902.00,721360.00,781628.00,5.48,15.78,17.93,799.98
NOCIL,500730,NOCIL,INE163A01018,Chemicals & Petrochemicals,Specialty Chemicals,161.66,2700.46,124.70,336.10,168.40,20.95,8.04,33.76,27.76,60.83,17.26,17.00,63.29,15.54,9.25,12.12,21.26,38.82,343.21,7.07,1369.77,0.96,19.87,27.76,69.57,3.93,2.60,-25.26,6.89,1.48,252.08,25.56,168.47,29.78,0.93,43.17,33.46,3.23,34.86,1606.37,414.68,563.24,17.64,1.52,403.02,161342.00,165835.00,165648.00,4.78,7.48,53.99,34.86
Northern Arc,544260,NORTHARC,INE850M01015,Finance,Non Banking Financial Company (NBFC),292.60,4723.28,1453.21,351.00,271.65,12.40,12258.35,0.00,114.33,41.06,81.05,132.50,-13.98,152.99,101.70,90.98,0.00,10.75,781.51,24.55,2870.02,21.13,28.80,114.11,439.30,9.74,11.08,50.39,14.63,-0.26,-1540.60,-1046.68,271.44,415.33,9.46,52.59,647.35,-10.79,496.81,3733.99,2942.91,1125.99,10.70,1.21,779.77,90306.00,96297.00,111037.00,8.64,5.63,85.72,496.81
Novartis India,500672,NOVARTIND,INE234A01025,Pharmaceuticals & Biotechnology,Pharmaceuticals,1482.20,3660.03,132.87,1780.00,1207.91,16.73,3.21,70.68,32.21,16.62,27.62,25.25,27.56,27.65,16.09,24.22,0.00,37.44,98.80,9.37,370.59,5.42,18.57,32.21,97.77,16.25,11.63,-4.87,31.03,4.60,46.73,74.57,1205.16,28.28,11.20,39.12,648.03,9.71,667.70,805.49,0.00,768.25,21.60,4.47,103.81,36706.00,38116.00,39040.00,0.15,1.39,27.79,667.70
NRB Bearings,530367,NRBBEARING,INE349A01021,Auto Components,Auto Components & Equipments,483.20,4671.22,265.05,504.00,347.65,4.13,153.88,44.73,35.01,9.09,32.09,41.41,-10.29,45.90,29.32,41.41,14.99,31.26,377.06,15.95,1394.63,14.37,19.18,37.76,149.44,18.41,15.58,10.71,9.71,3.62,240.87,83.69,346.29,64.83,4.62,64.24,55.99,6.04,33.44,943.25,73.58,761.18,17.42,4.86,369.53,65659.00,70810.00,73187.00,18.92,13.85,22.50,33.44
NTPC,532555,NTPC,INE733E01010,Power,Power Generation,337.50,329022.22,60811.14,448.45,357.11,18.56,271004.58,51.10,6721.05,11.82,6010.60,10486.47,-35.03,5118.25,5597.05,5225.30,0.00,11.85,46351.13,3.50,191058.77,2.35,7.81,6896.44,27762.97,8.92,15.09,15.88,13.59,0.57,50901.81,50487.84,357.31,13366.88,5.14,40.60,11457.10,1.85,8003.78,193479.00,24179.99,94683.51,9.86,1.61,50740.96,3201112.00,3300179.00,3965860.00,16.30,29.44,3.14,8003.78
NTPC Green Ene.,544289,NTPCGREEN,INE0ONG01011,Power,Power Generation,91.88,77488.72,2682.12,155.35,97.74,23.40,31716.14,89.01,304.84,38.26,220.48,197.05,54.61,121.77,17.32,86.38,0.00,127.67,920.30,50.30,3285.07,42.12,62.72,304.84,606.96,3.56,2.79,8.90,27.54,,2386.20,2050.81,97.80,798.69,0.14,45.54,3517.39,-23.07,617.50,10538.86,3536.29,1467.11,36.06,4.08,1106.86,1230466.00,1301463.00,1386018.00,1.67,5.21,4.12,617.50
Nuvama Wealth,543988,NUVAMA,INE531F01023,Capital Markets,Stockbroking & Allied,1727.90,31748.91,2474.15,2067.00,1533.42,16.41,11543.52,53.98,305.79,15.85,263.96,269.15,13.71,361.19,253.62,253.98,62.80,29.32,1312.97,15.71,4884.26,12.80,22.59,305.64,1082.87,17.49,27.36,5.22,22.21,-1.52,-3013.53,-371.11,1531.46,688.12,19.67,47.36,20235.41,-12.80,21971.12,4084.53,358.24,26061.73,8.23,7.63,1376.22,116526.00,122511.00,123779.00,19.00,8.49,18.51,21971.12
Nuvoco Vistas,543334,NUVOCO,INE118D01016,Cement & Cement Products,Cement & Cement Products,321.70,11475.30,1870.28,577.90,336.93,32.63,4916.10,72.02,159.76,19.98,133.16,169.75,13.37,160.23,49.37,36.43,0.00,27.65,2687.72,9.36,11594.30,9.45,8.91,159.63,414.99,6.99,4.17,172.73,5.10,0.63,1485.17,1328.52,337.09,440.98,4.49,39.84,182.33,6.54,96.26,8985.16,0.83,2372.34,8.49,1.23,3128.71,179030.00,178159.00,192406.00,4.71,18.00,5.27,96.26
Nxt-Infra Trust,,NXT-INFRA,INE0SF023016,Construction,Civil Construction,95.60,2724.60,366.74,110.00,100.02,4.45,3112.29,,74.47,71.83,43.34,-1.19,6357.98,-30.81,13.05,45.67,2.00,20.64,70.11,-8.17,326.99,-11.55,7.62,74.47,132.00,6.35,3.82,-44.27,85.37,,186.52,260.42,100.06,26.45,-0.58,40.39,229.31,,297.79,-425.09,663.32,1143.96,14.05,1.13,87.23,,,,,,,297.79
O N G C,500312,ONGC,INE213A01029,Oil,Oil Exploration & Production,238.50,300039.66,118465.21,345.00,255.83,22.44,174316.50,58.89,11860.92,20.84,9815.59,11087.38,-52.08,10398.78,11946.42,12614.60,0.00,6.86,177572.66,12.45,704122.81,7.11,25.68,6554.44,43722.31,14.15,11.65,20.93,3.18,0.26,112719.34,90855.61,256.01,22810.85,8.27,42.56,27177.76,10.66,32179.04,365477.66,101084.40,139825.64,4.05,0.81,204987.35,2736414.00,2777888.00,3021301.00,8.01,19.31,3.50,32179.04
Oberoi Realty,533273,OBEROIRLTY,INE093I01010,Realty,"Residential, Commercial Projects",1904.70,69653.94,3565.79,2349.80,1706.97,4.10,2825.40,67.71,543.51,29.02,421.25,703.28,-22.72,1243.33,622.64,760.26,0.00,26.31,2384.58,34.04,6322.40,29.86,31.73,543.51,2647.36,17.28,14.55,28.37,41.78,5.52,1379.86,2162.58,1704.99,1350.37,34.19,59.36,1002.97,7.31,1696.75,17558.02,1737.30,15976.85,18.36,3.86,1300.89,94765.00,93923.00,104866.00,15.11,14.83,2.36,1696.75
OBSC Perfection,,OBSCP,INE0YHV01011,Auto Components,Auto Components & Equipments,855.85,2211.99,43.64,921.00,454.84,7.07,85.42,69.81,9.47,88.27,5.03,8.66,9.35,,7.85,5.48,0.00,70.31,,,255.00,54.27,84.73,9.47,31.46,19.52,19.58,61.45,12.25,44.82,-1.95,8.85,450.81,,,74.21,16.60,-19.48,16.66,155.59,0.00,193.18,45.14,12.19,77.31,2770.00,2273.00,1435.00,0.64,1.60,27.95,13.25
Oil India,533106,OIL,INE274J01014,Oil,Oil Exploration & Production,480.90,78198.87,13498.22,767.90,451.40,9.44,37477.98,56.66,3629.79,91.40,1896.42,2099.61,66.09,2735.99,1435.89,1643.81,0.00,9.36,10979.39,30.80,38520.79,19.18,57.70,4026.83,8353.31,11.56,12.29,27.31,32.21,0.58,10683.75,11332.04,451.10,3898.64,15.16,63.45,7197.17,-0.23,5608.85,56371.75,36781.70,18903.39,6.68,1.35,12503.32,457085.00,464370.00,512886.00,7.28,20.13,6.06,5608.85
Ola Electric,544225,OLAELEC,INE0LXG01040,Automobiles,2/3 Wheelers,37.82,17504.64,-765.00,157.53,40.03,46.92,2763.00,32.96,-336.00,21.50,-428.00,-500.00,32.80,-368.05,-487.00,-418.00,0.00,,351.07,-49.12,1880.00,-49.16,-45.05,-336.00,-1741.00,-19.56,-43.16,26.13,-73.85,-1.13,-775.00,-2391.00,40.06,-158.31,-0.80,42.33,3516.00,-29.31,1542.00,-1060.00,0.00,3251.00,-24.90,4.98,455.00,1944870.00,1953658.00,1672492.00,4.11,12.16,46.26,1542.00
Olectra Greentec,532439,OLECTRA,INE260D01016,Automobiles,Passenger Cars & Utility Vehicles,1291.20,10601.11,352.28,2222.00,1283.79,24.68,380.30,50.02,25.95,-0.31,26.03,55.52,-53.55,84.50,46.68,49.43,0.00,59.75,963.35,46.71,2540.45,38.43,65.75,26.66,177.42,21.05,15.59,25.90,4.63,8.51,103.76,140.67,1283.71,127.15,10.02,37.25,170.29,-0.63,171.95,1194.75,94.39,1734.12,29.28,8.63,575.51,433537.00,456911.00,522281.00,7.95,0.58,41.47,171.95
Omnitech Engg.,544720,OMNI,INE0UH301010,Industrial Manufacturing,Industrial Products,574.00,7102.06,195.62,769.00,392.14,25.36,434.72,74.19,29.73,470.63,5.21,29.31,1.33,,22.23,22.55,0.00,68.32,,,574.76,49.11,61.48,29.73,103.96,17.56,17.98,80.98,17.84,,-1.98,-68.96,390.31,,,49.34,5.13,-15.65,163.80,617.89,1.78,867.74,32.86,10.44,166.66,20968.00,19030.00,,4.31,10.81,10.68,163.80
One 97,543396,PAYTM,INE982J01020,Financial Technology (Fintech),Financial Technology (Fintech),1603.60,102701.85,1354.00,1961.05,1204.59,3.26,194.00,0.00,220.00,57.59,139.60,164.41,20.22,25.87,225.00,21.00,0.00,126.57,2538.31,23.16,8967.00,22.55,27.63,220.00,811.41,5.01,4.70,262.55,8.99,-39.72,-743.00,-121.30,1200.58,184.51,0.40,70.17,11557.20,-3.85,13025.00,15962.00,4501.00,19341.00,63.11,6.40,2448.00,776661.00,820408.00,915364.00,48.09,24.87,27.04,13025.00
Onemi Technology,544754,KISSHT,INE12F801023,Finance,Other Financial Services,302.65,5098.29,680.55,351.50,251.72,13.90,1928.08,24.80,95.08,59.16,59.74,82.18,15.70,,77.09,,0.00,16.09,,,2188.22,61.79,44.57,95.08,281.45,22.59,24.02,75.34,14.20,-1.18,-460.82,-661.43,251.21,,,46.69,144.49,-20.35,241.21,1330.91,8.05,3125.12,9.97,,669.50,36039.00,,,7.64,19.05,48.52,241.21
OneSource Speci.,544292,ONESOURCE,INE013P01021,Pharmaceuticals & Biotechnology,Pharmaceuticals,1534.50,17595.39,319.25,2249.65,1635.70,20.29,1503.94,30.48,29.24,1046.67,2.55,4.62,443.48,-7.42,-88.70,10.49,37.23,,428.88,14.14,1543.34,4.29,37.20,25.00,-37.31,0.57,-1.09,-141.74,6.51,-9.44,8.52,-67.85,1636.72,104.47,-0.65,40.39,300.90,-4.42,97.57,5819.83,15.68,1425.94,53.88,3.02,449.02,77899.00,79460.00,87760.00,19.19,23.37,26.95,97.57
Optiemus Infra.,530135,OPTIEMUS,INE350C01017,Telecom -  Equipment & Accessories,Telecom -  Equipment & Accessories,551.75,4971.30,138.09,873.80,496.04,22.62,372.82,71.53,21.18,45.77,14.53,22.47,-5.74,20.78,12.23,16.78,0.47,68.42,659.98,57.79,2216.25,20.93,102.82,21.18,72.66,10.91,9.16,10.56,2.40,44.70,-12.15,-12.54,495.48,35.29,2.30,45.39,145.79,-14.08,41.81,687.95,87.49,1076.32,35.53,6.30,882.99,33525.00,35481.00,40421.00,3.21,2.27,22.99,41.81
Oracle Fin.Serv.,532466,OFSS,INE881D01027,IT - Software,Software Products,11826.00,103449.96,3748.30,13220.00,9448.69,1.34,32.50,72.41,1415.50,120.52,641.90,841.70,68.17,1256.52,609.60,546.10,0.00,30.31,2561.60,43.20,8945.10,28.57,68.73,1415.50,3412.90,45.28,32.61,41.92,45.29,4.04,2638.30,2198.90,9424.80,1279.60,144.29,58.50,5951.40,26.69,5509.80,7783.00,0.00,7704.20,20.48,13.15,3125.20,125043.00,141643.00,129286.00,9.70,8.79,9.08,5509.80
Orchid Pharma,524372,ORCHPHARMA,INE191A01027,Pharmaceuticals & Biotechnology,Pharmaceuticals,980.05,5866.96,69.99,2680.00,831.63,13.50,362.59,69.84,3.22,156.59,-5.69,26.06,-87.54,-5.44,-12.61,-5.72,0.00,324.86,243.31,25.73,1073.29,14.09,15.57,3.22,18.06,1.73,1.35,-72.05,1.06,6.57,101.20,19.22,830.14,6.23,-0.91,45.66,179.63,-7.40,83.21,1237.07,52.71,683.61,87.52,3.86,304.17,33433.00,35118.00,39827.00,0.80,20.75,8.62,83.21
Oriana Power Ltd,,ORIANA,INE0OUT01019,Electrical Equipment,Other Electrical Equipment,1194.40,2426.92,425.36,3064.00,1799.98,61.02,508.55,57.98,130.89,19.02,109.97,121.44,7.22,,,,6.39,9.62,,,1813.67,83.72,64.51,130.41,252.34,39.61,39.64,59.15,12.63,1.48,337.04,290.49,1806.07,,,25.33,70.41,7.20,286.08,743.11,16.36,2038.57,6.23,3.18,1032.49,15186.00,14167.00,14458.00,0.32,0.32,41.38,286.08
Orient Cement,535754,ORIENTCEM,INE876N01018,Cement & Cement Products,Cement & Cement Products,130.86,2688.03,568.12,379.40,160.15,46.45,72.46,72.66,77.00,-62.44,205.00,55.36,38.91,66.00,27.80,49.09,0.00,12.64,535.99,-16.68,2530.65,-12.09,-30.25,77.00,212.71,16.46,17.27,-18.04,12.75,0.88,-38.58,205.29,160.45,120.19,3.21,39.59,48.87,6.91,19.09,2125.33,12.83,1252.04,5.15,1.25,604.00,96933.00,97344.00,84985.00,4.12,2.17,21.05,19.09
Orient Electric,541301,ORIENTELEC,INE142Z01019,Consumer Durables,Household Appliances,186.03,3972.32,239.39,408.20,184.29,15.05,93.35,38.30,34.27,95.61,17.52,41.31,-21.82,29.85,25.98,12.06,0.00,33.31,811.68,15.52,3507.07,12.84,23.49,31.49,119.26,19.87,14.15,38.05,3.61,3.07,110.02,87.55,184.27,53.63,1.40,56.47,54.79,3.59,32.71,738.76,60.24,1114.15,15.42,5.22,949.76,79599.00,81086.00,81823.00,3.28,32.49,25.94,32.71
Oriental Hotels,500314,ORIENTHOT,INE750A01020,Leisure Services,Hotels & Resorts,137.29,2457.27,140.94,202.00,118.66,8.17,130.59,68.53,5.30,-20.06,6.63,32.41,-83.65,17.37,20.94,7.96,0.12,36.59,117.17,6.05,497.67,6.94,3.56,5.30,67.15,12.12,9.49,42.30,4.75,2.18,127.53,99.69,118.47,28.25,0.97,57.83,8.78,5.18,14.75,744.20,397.16,75.78,18.40,3.22,111.48,74048.00,75998.00,75686.00,0.36,1.14,29.96,14.75
Orissa Minerals,590086,ORISSAMINE,INE725E01024,Minerals & Mining,Industrial Minerals,4651.50,2793.58,15.02,9721.05,4344.05,24.23,211.90,50.01,-7.61,75.97,-31.67,4.34,-275.35,-5.41,3.14,-2.79,0.00,,50.37,160.02,94.10,45.62,331.55,-7.61,-2.91,9.64,,92.67,-26.24,5.06,34.97,170.28,4340.96,-0.24,-9.02,62.11,62.52,-2.06,6.34,-55.24,0.02,169.17,199.68,,29.00,23828.00,23702.00,23337.00,0.51,10.93,38.54,6.34
Orkla India,544595,ORKLAINDIA,INE16NZ01023,Food Products,Other Food Products,550.35,7535.79,451.49,760.00,614.30,27.59,62.81,75.00,86.58,9.71,78.92,74.05,19.43,98.14,56.64,76.68,0.00,24.66,694.99,6.88,2571.24,5.89,10.40,87.70,305.62,14.92,11.20,8.09,13.14,2.28,261.18,391.67,614.94,114.68,7.16,40.01,190.71,10.89,22.89,2736.33,573.33,686.62,16.13,2.74,659.10,154343.00,167077.00,,2.30,8.70,14.00,22.89
Oswal Pumps,544418,OSWALPUMPS,INE0BYP01024,Industrial Products,"Compressors, Pumps & Diesel Engines",304.75,3473.11,535.43,889.45,431.30,65.74,237.48,75.65,54.14,-42.82,94.68,91.95,-41.49,124.43,91.56,97.50,0.00,10.32,667.73,23.74,2024.01,29.03,-7.86,54.14,336.57,38.24,35.16,10.44,11.43,-14.48,-77.08,-150.59,432.57,139.19,10.91,34.80,8.91,-10.27,390.83,1671.50,8.36,1859.34,6.97,2.06,473.56,111232.00,102077.00,99343.00,0.10,5.47,18.78,390.83
P & G Health Ltd,500126,PGHL,INE199A01012,Pharmaceuticals & Biotechnology,Pharmaceuticals,5832.50,9683.68,475.87,7500.00,5826.83,16.38,9.29,51.82,72.47,9.50,66.18,94.60,1.64,112.70,77.59,88.54,0.00,29.06,368.35,13.37,1432.94,12.57,7.37,96.15,333.20,83.88,61.86,10.85,19.93,3.34,337.79,168.69,5826.78,119.41,67.89,31.38,188.55,42.64,185.29,507.95,0.00,556.26,19.68,18.46,363.71,49056.00,50883.00,52478.00,6.33,12.44,29.41,185.29
P & G Hygiene,500459,PGHH,INE179A01014,Personal Products,Personal Care,8248.00,26775.56,1213.51,19250.00,10429.99,43.15,0.87,70.64,126.27,-34.25,192.06,153.13,-17.54,248.36,301.46,209.86,0.00,33.86,1119.01,-2.71,4244.85,-1.54,-4.86,126.27,790.72,157.48,114.93,-4.58,14.16,2.83,924.08,598.17,10451.91,260.92,76.51,28.16,480.70,98.98,567.94,721.01,0.00,1143.97,23.42,35.53,891.46,57957.00,53416.00,47891.00,0.98,15.58,12.79,567.94
P I Industries,523642,PIIND,INE603J01030,Fertilizers & Agrochemicals,Pesticides & Agrochemicals,2482.50,37799.83,2048.50,4804.05,3004.52,36.64,342.30,46.09,244.20,-38.95,400.00,201.53,21.98,278.15,311.30,409.30,0.00,35.00,1599.82,-14.55,6515.50,-16.57,-10.43,244.20,1080.11,14.99,11.24,-32.97,14.35,2.54,474.00,1412.90,3009.76,389.92,18.33,33.04,2499.60,4.14,2182.30,11215.30,1360.30,6167.60,19.53,3.35,1702.30,140999.00,133299.00,150401.00,14.83,31.50,7.44,2182.30
P N Gadgil Jewe.,544256,PNGJL,INE953R01016,Consumer Durables,"Gems, Jewellery And Watches",609.45,8964.58,704.02,848.00,599.81,17.24,1737.09,76.62,105.34,51.92,69.34,90.26,16.71,166.00,170.91,79.31,0.00,20.00,3643.72,67.33,11437.52,47.77,40.73,105.34,448.32,20.92,23.45,77.70,4.37,-2.97,-716.90,-675.44,599.72,221.56,11.28,44.94,528.69,-20.89,504.45,1827.02,8.24,4363.59,13.19,4.21,2412.98,151408.00,164589.00,193383.00,4.73,7.88,10.78,504.45
Pace Digitek,544550,PACEDIGITK,INE0S3G01027,Telecom - Services,Telecom - Infrastructure,175.37,3785.60,501.35,232.20,191.48,24.47,980.99,69.52,61.32,13.24,54.15,99.16,-40.99,93.12,78.78,67.87,0.00,12.60,759.54,42.38,2829.56,14.85,51.29,62.50,300.40,21.26,17.62,8.53,11.25,-1.75,-916.92,-175.89,191.64,125.89,4.23,33.33,216.40,-14.50,769.10,2164.13,0.00,3965.78,7.54,1.71,555.36,94368.00,78483.00,,0.98,5.36,24.14,769.10
Page Industries,532827,PAGEIND,INE761H01022,Textiles & Apparels,Garments & Apparels,35505.00,39422.84,1216.80,54349.10,38434.03,24.95,276.82,42.89,192.81,-3.98,200.80,178.73,7.88,256.16,189.54,194.76,0.00,50.44,1403.57,8.73,5350.67,7.57,7.89,192.81,781.60,64.39,54.29,2.21,13.57,4.63,794.40,1203.59,38463.46,297.79,229.66,29.62,471.38,54.09,432.33,1491.45,0.00,1910.66,32.54,26.36,1420.45,52623.00,57225.00,48076.00,18.91,32.93,4.56,432.33
Paisalo Digital,532900,PAISALO,INE420C01059,Finance,Non Banking Financial Company (NBFC),69.95,6360.27,705.76,99.63,51.37,9.87,4359.67,46.71,61.31,29.98,47.17,72.23,-15.12,91.43,66.26,51.54,21.91,25.25,277.09,23.70,985.27,22.66,19.01,61.31,251.92,12.33,14.29,22.74,23.55,-0.84,-782.76,-841.53,51.19,211.23,1.01,53.61,104.81,-13.19,150.01,1702.02,19.81,229.14,14.13,3.55,260.29,90332.00,101364.00,99608.00,6.79,6.83,39.66,150.01
Panacea Biotec,531349,PANACEABIO,INE922B01023,Pharmaceuticals & Biotechnology,Pharmaceuticals,413.65,2533.01,12.24,647.50,422.93,36.12,23.66,72.48,0.61,113.06,-4.67,-1.84,320.00,-13.47,3.89,-14.01,0.00,,163.78,16.05,672.64,10.26,19.72,2.20,-15.51,-2.44,-2.36,43.00,0.26,-1.87,16.68,-27.37,423.02,-4.23,-2.20,41.26,106.97,-7.26,64.37,828.71,10.10,513.04,141.13,3.04,199.57,33532.00,32620.00,34256.00,2.31,2.25,22.96,64.37
Panama Petrochem,524820,PANAMAPET,INE305C01029,Petroleum Products,Lubricants,486.25,2944.81,288.27,600.00,361.46,18.96,110.86,63.16,308.91,624.80,42.62,71.08,334.59,199.90,45.81,52.99,0.00,6.15,1502.61,94.33,4106.19,45.85,150.30,308.91,478.79,19.15,15.60,166.77,17.80,2.65,-69.38,162.11,360.20,211.57,33.04,53.61,181.67,-1.20,82.38,1456.58,49.18,1492.63,4.79,2.00,1735.15,26973.00,25780.00,24952.00,11.72,0.67,24.44,82.38
Paradeep Phosph.,543530,PARADEEP,INE088F01024,Fertilizers & Agrochemicals,Fertilizers,148.64,15430.35,2298.36,234.39,138.94,35.99,6906.28,57.86,376.28,18.79,316.75,154.15,152.28,596.10,182.06,341.94,15.33,14.20,8757.06,27.43,23447.09,28.08,35.99,392.54,1086.65,17.13,18.89,13.95,6.14,-10.12,-1011.86,1386.01,138.84,892.91,5.74,55.49,903.79,0.50,391.52,5744.52,24.70,11363.79,9.05,2.28,6124.25,329116.00,325301.00,244870.00,5.10,18.07,18.85,391.52
Parag Milk Foods,539889,PARAGMILK,INE883N01014,Food Products,Dairy Products,207.94,2612.55,310.24,414.95,231.20,44.87,607.40,40.49,22.05,-20.05,27.58,32.24,-31.61,34.75,29.57,45.65,0.00,19.40,1106.95,9.82,3910.55,10.91,10.93,22.05,134.70,13.52,12.28,13.13,2.33,8.38,149.48,212.04,231.44,77.35,2.77,38.15,25.05,3.50,18.27,1133.55,4.63,1331.19,10.18,2.07,944.57,88951.00,88588.00,102552.00,7.46,5.80,45.76,18.27
Paramount Comm.,530555,PARACABLES,INE074B01023,Industrial Products,Cables - Electricals,63.05,2059.30,117.43,116.85,53.86,16.71,122.99,45.88,19.70,6.49,18.50,20.52,-4.00,9.24,7.48,13.25,0.00,33.80,497.48,16.23,1991.63,16.77,17.35,19.70,60.93,12.35,7.99,-24.00,3.72,-90.32,-38.02,104.09,53.77,20.22,0.28,43.64,39.54,-8.10,33.11,717.03,0.00,811.60,17.56,2.47,529.40,132082.00,138511.00,148262.00,0.45,4.11,47.99,33.11
Paras Defence,543367,PARAS,INE045601023,Aerospace & Defense,Aerospace & Defense,1502.00,12106.65,138.38,1577.65,938.58,4.80,27.05,53.20,21.22,42.70,14.87,32.41,-46.66,32.20,16.85,19.46,0.00,130.91,150.07,41.95,511.29,36.61,37.26,20.74,92.48,17.19,12.38,45.66,16.21,59.68,24.61,44.83,932.92,39.13,4.00,72.53,110.83,-3.39,119.45,685.15,33.17,689.82,82.31,16.69,127.91,336442.00,376813.00,335075.00,8.29,3.04,35.46,119.45
Park Medi World,544645,PARKHOSPS,INE119201023,Healthcare Services,Hospital,272.60,11778.79,475.94,305.25,228.36,10.70,364.18,82.89,82.51,42.31,57.98,70.86,15.41,,52.85,78.53,0.00,42.42,,,1756.29,20.51,19.27,88.60,277.68,19.34,16.70,24.99,18.62,3.80,329.09,191.15,227.92,,,41.62,360.76,8.95,431.39,1935.60,0.13,1087.79,23.52,5.82,475.71,52428.00,50863.00,,0.82,8.95,7.33,431.39
Patanjali Foods,500368,PATANJALI,INE619A01035,Agricultural Food & other Products,Edible Oil,352.30,38328.60,1931.52,676.67,459.76,42.79,2788.83,68.25,335.86,86.19,180.39,692.83,-35.91,480.67,593.76,516.70,0.00,17.67,11904.52,21.76,42753.63,20.24,29.33,335.86,2169.34,12.00,16.46,77.99,2.96,7.68,-332.58,197.73,460.84,587.16,4.42,39.36,275.30,1.12,746.36,12879.57,124.49,12096.55,18.82,2.93,11337.45,224173.00,214623.00,212819.00,8.53,11.05,12.16,746.36
Patel Engineerin,531120,PATELENG,INE244B01030,Construction,Civil Construction,28.14,2790.88,849.79,716.70,30.40,31.90,1216.09,31.49,97.00,24.63,77.83,90.25,125.76,66.26,71.57,73.03,86.57,7.11,1189.75,-1.55,5150.04,-1.44,3.83,98.50,392.58,13.50,9.68,4.20,7.69,0.39,560.10,363.39,30.42,161.04,0.66,43.95,404.80,7.65,540.34,4340.76,52.58,5431.39,4.07,0.63,1280.74,459866.00,462930.00,447535.00,3.28,4.76,56.71,540.34
PB Fintech.,543390,POLICYBZR,INE417T01026,Financial Technology (Fintech),Financial Technology (Fintech),1779.60,82438.32,880.43,2254.95,1643.23,9.85,360.15,0.00,162.89,92.54,84.60,261.11,-37.62,110.22,189.43,134.89,0.00,110.18,2230.97,38.26,7334.31,38.00,40.08,162.91,748.24,10.31,9.75,98.75,8.63,-16.49,41.49,-183.14,1641.86,165.04,2.38,68.98,793.13,-1.71,759.85,7219.25,3211.02,4376.02,84.08,11.26,1888.28,150458.00,153261.00,164551.00,37.29,40.42,22.14,759.85
PC Jeweller,534809,PCJEWELLER,INE785M01021,Consumer Durables,"Gems, Jewellery And Watches",9.61,9381.50,867.84,60.06,9.98,37.52,1166.56,38.50,221.88,37.02,161.93,152.84,45.12,229.86,190.10,209.54,0.00,12.10,1087.20,31.74,3505.01,36.47,20.99,221.88,775.08,9.58,9.96,32.82,25.30,-2.96,-77.46,-632.72,9.99,255.53,0.24,49.79,63.78,-2.43,136.17,7309.34,0.01,8239.93,11.55,1.02,877.04,869669.00,833144.00,476658.00,12.15,4.31,45.03,136.17
PCBL Chemical,506590,PCBL,INE602A01031,Chemicals & Petrochemicals,Carbon Black,319.85,12579.12,1081.56,584.50,314.27,24.91,4989.06,53.38,154.97,64.77,94.05,43.45,285.21,113.79,2.02,61.70,0.00,47.54,2293.35,6.00,8548.62,2.08,17.00,154.93,264.62,7.75,5.58,-35.62,6.26,1.19,1576.04,760.49,314.22,310.40,2.89,49.62,389.16,5.17,288.01,3966.95,464.13,2967.80,14.94,3.14,2473.37,275244.00,284488.00,287329.00,5.79,11.26,28.37,288.01
PDS,538730,PDSL,INE111Q01021,Textiles & Apparels,Trading - Textile Products,370.15,5228.93,507.80,666.00,340.84,11.75,1264.00,61.37,18.83,44.96,12.99,49.05,-60.36,36.34,37.04,48.44,0.00,44.49,3643.16,6.55,13554.38,4.62,14.81,28.58,117.53,12.50,6.48,-20.84,0.83,1.13,780.85,-36.55,340.54,110.36,1.69,54.45,737.35,6.20,1036.02,1735.35,523.60,3773.47,10.91,2.97,3443.72,30943.00,30098.00,31159.00,3.78,5.18,29.49,1036.02
Pearl Global Ind,532808,PGIL,INE940H01022,Textiles & Apparels,Garments & Apparels,2377.60,10994.79,515.79,2571.65,1736.64,7.55,942.84,61.11,102.77,50.93,68.09,83.70,22.55,95.74,51.52,71.98,0.00,35.09,1526.10,16.24,5324.95,13.75,24.46,99.24,313.36,19.93,21.00,24.25,6.64,3.66,398.34,176.39,1730.20,149.27,20.73,62.24,566.40,8.05,747.39,1436.74,35.65,2232.74,20.28,7.52,1528.26,30518.00,30110.00,25755.00,6.82,19.16,12.91,747.39
Pennar Industrie,513228,PENIND,INE932A01024,Industrial Manufacturing,Industrial Products,163.29,2212.94,401.32,279.90,173.80,41.66,1161.83,39.67,35.41,10.86,31.94,41.04,-13.72,35.25,33.55,32.28,8.73,15.55,965.16,6.46,3644.84,9.17,2.93,35.41,142.28,15.33,12.84,14.00,4.07,0.79,202.12,255.98,173.90,95.31,2.60,52.62,189.54,-0.29,269.93,1095.68,27.06,2244.44,7.50,1.89,870.42,79314.00,81021.00,81732.00,3.98,5.90,50.44,269.93
Persistent Systems,533179,PERSISTENT,INE262H01021,IT - Software,Computers - Software & Consulting,5674.00,89507.35,2970.20,6788.90,5303.94,14.02,477.45,30.29,483.04,13.67,424.94,529.26,-8.73,662.21,439.45,471.47,0.00,44.98,4523.89,26.34,15718.10,25.39,29.09,483.04,1990.12,34.36,27.24,31.04,11.23,5.94,1767.13,1156.92,5300.22,815.11,41.98,64.83,1025.47,15.54,1218.25,7758.98,1614.77,6182.65,28.85,11.42,4303.23,284983.00,240518.00,243441.00,20.79,30.25,17.99,1218.25
Petronet LNG,532522,PETRONET,INE347G01014,Gas,LPG/CNG/PNG/LNG Supplier,291.40,43732.77,6199.44,384.90,280.93,10.72,2341.46,50.00,1137.14,35.07,841.88,1370.74,-17.04,1208.19,869.61,830.30,0.00,10.39,8111.04,-26.32,37172.89,-24.82,-53.22,1137.14,4207.79,22.74,18.56,13.45,20.46,0.87,4750.04,4397.92,280.83,1457.36,8.05,64.61,9104.44,13.01,10114.13,20784.82,742.19,12590.64,5.48,1.96,5557.84,428892.00,437469.00,423031.00,26.27,13.68,10.05,10114.13
Pfizer,500680,PFIZER,INE182A01018,Pharmaceuticals & Biotechnology,Pharmaceuticals,4920.00,22517.73,1092.22,6452.85,4799.29,14.66,70.23,63.92,204.47,6.63,191.75,193.10,2.33,241.67,141.84,189.02,0.00,29.28,707.39,10.13,2569.77,10.69,8.31,204.47,769.04,24.06,18.02,13.76,31.30,3.10,967.57,659.75,4798.08,259.94,52.83,58.89,2800.98,15.64,3110.76,4157.15,0.00,3803.22,17.59,5.36,653.17,102478.00,99545.00,103222.00,1.65,17.80,16.62,3110.76
PG Electroplast,533581,PGEL,INE457L01029,Consumer Durables,Consumer Electronics,602.05,17290.94,441.76,1054.95,572.63,6.64,596.53,43.37,76.22,13.80,66.98,64.86,17.51,0.32,61.96,2.76,0.00,84.02,797.21,21.64,5818.14,15.15,35.25,76.22,205.80,10.31,6.69,-24.08,3.75,47.90,66.22,-76.59,572.34,50.65,0.01,51.21,979.66,-12.81,389.37,3020.05,11.15,3793.94,38.16,5.64,2033.96,220368.00,223484.00,218384.00,9.95,23.88,22.71,389.37
Phoenix Mills,503100,PHOENIXLTD,INE211B01039,Realty,"Residential, Commercial Projects",1925.00,68988.68,2807.84,2169.80,1802.66,11.28,5323.01,47.25,296.86,23.34,240.69,405.95,-18.73,578.97,366.16,384.09,0.00,53.20,1303.55,16.87,4544.76,17.67,12.80,394.50,1296.73,12.83,11.58,31.79,36.70,3.13,2425.69,2083.56,1801.43,778.44,12.18,46.76,512.01,1.72,823.07,10917.02,1489.97,3123.45,25.40,6.27,1074.94,73390.00,73876.00,85498.00,31.73,17.38,3.64,823.07
Physicswallah,544609,PWL,INE0LP301011,Other Consumer Services,E-Learning,121.95,35353.12,601.77,162.05,123.06,24.75,1052.11,71.27,-77.57,35.60,-120.45,-50.64,-27.68,-74.48,102.27,69.71,0.00,578.50,1405.52,33.70,4106.41,32.53,24.42,-88.28,61.11,4.02,-0.48,124.98,-8.38,7.52,833.24,506.90,123.07,106.18,-0.23,44.57,175.28,6.81,1126.22,4234.40,2425.98,5419.58,52.28,7.71,1053.95,179493.00,194993.00,,12.01,13.12,3.60,1126.22
Piccadily Agro,530305,PICCADIL,INE546C01010,Beverages,Breweries & Distilleries,709.40,7002.62,241.20,1019.90,630.27,12.42,530.62,68.56,21.44,16.33,18.43,44.70,-52.04,41.00,47.69,26.72,0.00,49.83,273.97,29.10,1075.18,28.56,17.42,21.44,140.52,18.01,17.39,30.47,8.54,12.48,118.08,-27.07,629.47,57.21,4.16,50.28,47.56,-7.72,149.23,802.46,70.38,901.68,29.61,7.76,251.18,72980.00,73813.00,78875.00,0.81,0.88,29.74,149.23
Pidilite Inds.,500331,PIDILITIND,INE318A01026,Chemicals & Petrochemicals,Specialty Chemicals,1660.00,168953.20,3787.48,1707.95,1513.82,2.81,417.21,69.24,861.86,28.18,672.41,585.22,51.25,898.53,623.84,584.60,0.00,63.79,4132.05,16.25,15399.28,14.09,21.27,883.51,2648.53,31.02,23.92,20.39,19.18,6.53,2828.45,2286.63,1512.35,1021.41,8.72,54.57,336.21,19.04,298.90,10730.39,4349.61,4612.05,41.81,15.60,4551.55,509811.00,520440.00,502257.00,11.69,9.81,9.18,298.90
Pilani Invest.,539883,PILANIINVS,INE417C01014,Finance,Investment Company,4309.50,4778.77,255.81,8265.95,4607.77,27.93,2391.38,58.68,-47.25,-1075.37,-4.02,4.75,-1094.74,46.41,-14.39,44.71,0.00,,110.03,-15.01,247.61,-14.64,-70.94,-47.25,-12.18,1.41,0.20,-119.66,-327.22,0.87,1347.42,631.26,4610.77,92.80,41.91,44.75,18.48,3.49,5.56,15860.43,18939.28,12.14,32.36,0.30,14.44,17621.00,17854.00,19273.00,0.42,1.41,39.49,5.56
Pine Labs,544606,PINELABS,INE15B701018,Financial Technology (Fintech),Financial Technology (Fintech),159.73,18427.07,494.83,284.00,184.25,43.76,440.65,0.00,19.57,308.56,4.79,53.21,-67.03,11.87,42.39,5.97,0.00,142.38,776.98,19.55,2831.60,19.59,19.65,19.57,129.42,4.16,2.46,261.55,2.66,-487.81,395.39,49.72,184.49,103.24,0.10,53.54,6033.12,-2.61,8225.92,5780.58,27.87,10884.33,19.82,3.11,736.92,178120.00,117551.00,,9.49,24.82,65.68,8225.92
Piramal Finance.,544597,PIRAMALFIN,INE202B01038,Finance,Housing Finance Company,2128.10,48302.67,7395.91,2220.00,1665.69,4.14,79989.21,46.16,460.98,66.80,276.37,-820.86,-8.13,174.25,401.01,326.99,0.00,107.60,3454.01,20.28,12581.51,17.78,27.62,460.98,448.92,6.47,0.86,-22.65,13.69,-1.83,-15892.30,-8119.05,1661.04,2144.97,7.69,56.73,6275.89,-8.72,5567.94,28103.44,9813.83,10659.00,15.73,1.71,3368.27,197926.00,201873.00,,15.45,18.63,19.54,5567.94
Piramal Pharma,543635,PPLPHARMA,INE0DK501011,Pharmaceuticals & Biotechnology,Pharmaceuticals,216.66,28857.37,1169.16,307.90,178.20,0.84,5674.59,34.80,-69.39,25.75,-93.46,115.11,-685.84,-86.49,-136.19,-99.22,0.00,,2153.11,5.35,9205.28,0.78,17.39,-69.39,-169.10,2.52,-3.83,-295.92,-3.06,2.40,1652.60,892.30,177.82,201.78,-0.65,69.64,501.46,3.24,1223.64,6835.46,436.79,7059.88,25.38,3.53,2269.92,461096.00,450661.00,458430.00,12.51,14.57,37.62,1223.64
Pitti Engg.,513519,PITTIENG,INE450D01021,Industrial Manufacturing,Industrial Products,1051.65,3957.44,355.65,1512.40,927.34,4.96,810.59,54.17,29.50,28.93,22.88,26.61,10.86,36.25,28.22,40.09,0.00,31.81,537.99,12.61,1985.33,12.19,15.89,29.50,124.42,14.83,12.50,-1.10,5.58,1.79,204.91,288.54,926.09,88.09,9.63,64.72,140.45,-3.41,146.72,968.07,0.07,905.32,12.83,4.01,529.09,37224.00,37405.00,54800.00,1.54,20.10,22.20,146.72
Pix Transmission,500333,PIXTRANS,INE751B01018,Industrial Products,Rubber,1820.30,2484.22,170.34,2799.95,1607.76,12.91,24.23,62.06,52.75,89.34,27.86,20.22,160.88,34.08,35.26,23.54,0.00,18.85,153.66,10.72,610.03,4.27,22.80,52.75,131.77,21.73,16.44,16.31,35.34,1.70,171.08,108.04,1605.62,40.89,25.01,50.24,69.00,17.16,108.06,683.06,199.57,352.94,11.89,3.56,149.25,27767.00,28244.00,32009.00,0.61,2.70,34.64,108.06
PNB Housing,540173,PNBHOUSING,INE572E01012,Finance,Housing Finance Company,1175.50,30593.26,8072.54,1422.64,988.23,2.61,71198.60,28.03,554.50,4.28,531.73,648.70,-14.52,870.51,520.96,626.49,0.00,13.01,2368.87,9.27,8699.84,10.35,9.14,554.50,2350.65,9.44,12.91,15.12,24.62,-0.71,-8972.56,-8119.50,986.35,2230.17,33.41,66.21,3465.34,-8.59,3238.99,18965.25,2776.92,3896.25,12.01,1.59,2252.50,171742.00,192512.00,187526.00,16.81,45.71,9.42,3238.99
PNC Infratech,539150,PNCINFRA,INE195J01029,Construction,Civil Construction,209.34,5373.18,1278.12,574.80,234.74,35.62,5169.85,56.07,331.95,103.45,163.16,101.96,208.03,133.67,76.73,215.70,0.00,8.86,1152.71,2.22,5633.76,-6.48,18.67,331.93,606.74,8.46,7.00,50.37,19.66,0.91,4592.97,-56.11,235.00,284.41,5.21,34.87,1643.66,10.73,2237.83,6762.00,787.67,6284.24,5.63,0.79,1688.46,163876.00,167184.00,185074.00,7.28,23.83,12.81,2237.83
Pokarna,532486,POKARNA,INE637C01025,Consumer Durables,Granites & Marbles,889.55,2757.20,190.28,1451.70,918.37,22.47,458.12,56.66,42.60,50.58,28.29,25.61,66.34,14.35,20.37,6.33,0.00,29.05,97.42,-17.76,590.07,-35.05,10.79,42.60,94.91,11.48,9.85,-48.03,22.49,1.46,183.41,191.17,918.66,27.85,4.63,35.54,123.31,2.79,62.71,850.77,0.00,400.68,15.28,3.22,189.41,23588.00,24986.00,23901.00,6.91,15.64,20.79,62.71
Poly Medicure,531768,POLYMED,INE205C01021,Healthcare Equipment & Supplies,Medical Equipment & Supplies,1769.60,17923.76,518.60,3357.80,1664.93,17.50,353.57,62.42,86.03,-7.57,93.08,66.29,31.12,89.32,70.81,91.80,0.00,56.01,544.51,22.67,1997.43,18.31,30.30,85.28,320.03,12.50,9.02,-10.50,16.23,6.76,246.37,233.05,1663.88,130.76,8.81,54.96,151.34,-1.71,87.87,3055.49,754.94,1202.57,31.43,5.77,525.38,73643.00,73414.00,71142.00,5.56,16.08,15.94,87.87
Polycab India,542652,POLYCAB,INE455K01017,Industrial Products,Cables - Electricals,9125.00,138096.78,4117.12,10128.60,8389.53,9.91,235.52,61.46,784.34,32.46,592.12,772.77,1.41,1052.33,630.17,692.96,0.00,48.21,8723.78,34.68,31187.55,32.06,39.01,796.66,2864.26,33.21,23.05,29.24,9.70,6.24,3810.67,1808.53,8382.14,1249.12,68.76,47.08,770.64,10.77,882.47,11858.02,3404.82,11253.07,30.24,11.44,8209.73,356777.00,362997.00,398064.00,19.00,7.62,11.92,882.47
Polyplex Corpn,524051,POLYPLEX,INE633B01018,Industrial Products,Packaging,1170.90,3668.07,436.92,2870.20,984.60,7.64,935.31,26.72,91.03,571.41,-19.31,24.80,354.61,55.66,29.61,33.50,0.00,23.62,2072.79,15.54,7600.81,9.55,29.62,171.07,155.29,0.98,1.12,13.87,7.59,0.53,536.85,438.03,982.72,175.07,9.43,57.76,730.12,0.21,824.92,4207.94,347.63,4163.04,5.18,0.87,2253.62,95075.00,98128.00,107967.00,10.22,2.85,60.18,824.92
Pondy Oxides,532626,POCL,INE063E01061,Diversified Metals,Diversified Metals,503.25,3842.16,218.14,647.60,501.58,22.29,152.10,36.39,36.25,31.58,27.55,38.56,-4.73,61.50,37.56,35.58,0.00,25.97,1017.25,60.32,3273.39,49.63,56.15,36.25,147.95,23.87,19.95,89.46,3.89,25.97,-53.92,-79.08,501.56,72.19,8.06,45.30,39.71,-9.60,12.32,784.60,44.37,700.43,17.24,4.80,930.91,72759.00,65865.00,64601.00,3.14,7.50,52.96,12.32
Poonawalla Fin,524000,POONAWALLA,INE511C01022,Finance,Non Banking Financial Company (NBFC),494.05,43567.95,3585.87,570.40,441.74,13.39,48435.80,59.02,307.71,391.55,62.60,254.79,20.77,511.14,150.22,74.20,0.00,55.37,2715.47,76.07,7806.43,72.47,77.34,307.71,786.92,7.51,5.86,340.37,13.21,-0.36,-21785.59,-10569.43,441.21,1466.98,5.81,59.03,32.29,-28.69,293.68,10186.65,2490.46,1329.61,21.35,3.88,2330.22,190484.00,186863.00,209209.00,10.96,16.74,12.75,293.68
Power Fin.Corpn.,532810,PFC,INE134E01011,Finance,Financial Institution,363.80,119562.78,112362.31,580.35,411.69,25.22,1000821.82,55.99,7012.01,2.12,6866.26,6998.99,4.66,11574.27,8211.90,7834.39,0.00,4.59,29640.02,2.60,115431.43,4.63,-0.04,8997.92,26057.66,9.71,20.69,7.17,31.54,-0.18,-4504.50,-92270.02,412.17,28859.37,27.33,21.48,9584.95,-5.65,4672.68,139631.36,16023.56,71511.13,9.89,0.84,28526.86,1004992.00,1054196.00,1128203.00,20.54,14.50,8.96,8623.18
Power Grid Corpn,532898,POWERGRID,INE752E01010,Power,Power - Transmission,264.80,247265.30,34506.33,366.25,287.41,18.51,148070.60,51.34,3598.42,-0.89,3630.58,4546.33,-20.85,3968.05,4184.96,3566.08,0.00,15.56,11697.36,1.93,47033.37,2.29,2.68,3598.42,15895.79,9.10,15.26,3.03,31.30,0.55,40935.36,36221.82,287.63,8975.08,4.27,32.28,10077.24,5.88,8920.41,91193.43,2995.09,33363.89,10.71,2.45,11496.72,1351868.00,1335909.00,1388417.00,24.33,20.62,3.63,8920.41
Power Mech Proj.,539302,POWERMECH,INE211R01019,Construction,Civil Construction,2455.60,7772.98,747.65,3725.00,2490.10,24.28,663.63,58.41,79.78,51.90,52.52,142.55,-41.77,114.74,99.62,78.11,0.00,19.87,1454.13,17.47,6391.84,15.79,25.53,89.33,391.24,21.82,15.56,22.70,5.50,3.13,429.80,0.74,2490.45,160.53,32.41,41.22,592.77,0.63,492.92,2486.78,33.74,4108.49,10.70,3.08,1623.68,79426.00,77350.00,73792.00,6.54,20.60,14.45,492.92
Powergrid Infra.,543290,PGINVIT,INE0GGX23010,Power,Power - Transmission,99.64,9078.15,1330.29,160.00,94.14,2.36,1063.55,,185.12,-2.96,190.76,243.96,-24.12,239.59,197.87,279.29,0.00,10.02,314.97,-0.52,1256.13,-0.64,-0.61,185.12,906.24,11.65,11.94,-22.77,59.45,0.61,1175.56,1215.22,94.09,336.81,2.63,56.10,632.28,13.72,653.77,-1558.93,0.00,892.26,7.16,1.20,311.38,,,,,,,653.77
Powerica Ltd,544744,POWERICA,INE921L01032,Electrical Equipment,Heavy Electrical Equipment,533.90,6764.86,429.34,676.95,478.86,21.13,572.07,77.18,63.07,28.14,49.22,42.51,42.83,,97.65,83.96,0.00,24.06,,,3175.74,13.50,26.66,64.43,281.12,15.69,17.38,70.78,8.26,1.85,452.88,256.44,478.31,,,45.74,43.08,-0.30,961.05,1927.82,403.38,2215.93,14.35,,780.11,19244.00,23806.00,,2.05,16.58,4.19,961.05
Prabha Energy,544379,PRABHA,INE0I0M01023,Oil,Oil Exploration & Production,212.89,2918.09,-0.16,315.31,169.32,19.60,163.48,74.94,0.29,226.09,-0.23,0.10,190.00,-0.17,0.92,-0.18,0.00,2652.81,2.76,55.85,6.66,60.87,49.56,0.29,1.10,-0.09,-0.15,177.46,17.16,,-2.66,-6.09,168.89,0.00,-0.01,88.66,5.76,-9.58,6.25,420.80,0.00,63.12,2023.24,9.10,1.69,14240.00,13711.00,13221.00,1.82,0.07,23.18,6.25
Praj Industries,522205,PRAJIND,INE074A01025,Industrial Manufacturing,Industrial Products,358.45,6584.92,199.11,875.00,358.33,17.22,173.04,32.81,11.61,117.42,5.34,10.20,-0.09,10.83,-12.39,19.28,0.00,130.34,873.20,3.75,3243.50,2.35,11.81,11.61,50.52,6.12,1.48,-63.93,1.62,3.32,200.09,42.96,358.33,43.84,0.59,67.99,181.17,5.82,203.74,1272.36,418.12,1960.67,30.88,5.03,715.82,383086.00,400397.00,386468.00,17.75,14.09,35.34,203.74
Prakash Industri,506022,PRAKASH,INE603A01013,Ferrous Metals,Iron & Steel,129.45,2321.40,542.75,309.88,138.61,26.86,515.40,44.38,71.27,-22.02,91.40,93.32,-23.63,51.32,86.85,61.57,8.65,7.42,704.96,-2.52,3473.58,-10.58,-0.49,71.27,313.01,9.55,9.65,-12.16,6.91,0.47,298.99,141.90,138.70,104.70,2.87,50.35,270.97,0.79,195.46,3409.29,0.00,1175.60,4.78,0.65,1032.00,91627.00,93649.00,96121.00,3.72,0.04,51.87,195.46
Prataap Snacks,540724,DIAMONDYD,INE393P01035,Food Products,Packaged Foods,1175.00,2820.74,90.22,1458.70,1089.09,5.62,45.16,56.77,2.47,257.97,0.69,1.14,116.67,3.28,3.25,4.64,0.00,221.23,476.96,10.44,1806.15,6.41,19.83,2.47,12.75,3.08,1.54,194.03,0.50,3.43,50.47,26.09,1088.23,21.95,1.37,51.27,14.08,3.53,42.81,687.73,0.00,331.99,31.20,4.01,492.50,13162.00,13902.00,19502.00,4.38,7.35,31.50,42.81
Prec. Wires (I),523539,PRECWIRE,INE372C01037,Industrial Products,"Aluminium, Copper & Zinc Products",435.70,7954.76,307.95,474.90,336.62,8.25,293.45,56.61,46.45,71.47,27.09,54.87,-15.35,73.60,37.70,35.61,0.00,45.55,1920.50,55.20,6127.10,46.02,59.49,46.45,174.63,32.94,22.80,84.03,2.61,5.13,272.96,167.92,335.63,102.87,4.03,57.16,39.73,2.95,115.33,754.06,177.37,1565.28,24.28,10.31,1779.24,67461.00,62834.00,59183.00,2.47,0.15,40.77,115.33
Prem. Explosives,526247,PREMEXPLN,INE863B01029,Chemicals & Petrochemicals,Explosives,663.55,3566.24,80.76,909.35,593.12,20.05,32.33,41.33,3.07,-83.36,18.45,6.58,-53.19,1.69,6.09,17.80,0.00,103.67,62.57,-17.21,348.76,-26.85,-27.85,3.08,34.40,22.63,18.57,-13.63,3.00,6.63,-1.27,118.48,592.42,4.45,0.31,48.42,101.31,14.37,60.07,278.32,0.04,258.32,57.38,12.34,102.56,84316.00,92900.00,96995.00,1.67,9.37,47.62,60.07
Premier Energies,544238,PREMIERENE,INE0BS701011,Electrical Equipment,Other Electrical Equipment,1040.00,46929.94,2583.89,1388.00,982.95,8.29,3707.15,58.48,463.07,50.45,307.79,456.83,3.30,560.27,391.62,353.44,0.00,28.19,2403.60,30.85,8466.22,26.70,35.25,471.92,1665.05,33.32,42.35,59.07,19.16,6.85,1261.06,1348.05,982.37,719.61,12.11,51.42,2002.30,-7.12,2089.47,4262.42,669.63,5869.12,17.68,10.94,2462.59,338684.00,364141.00,381623.00,7.92,17.97,15.07,2089.47
Prestige Estates,533274,PRESTIGE,INE811K01011,Realty,"Residential, Commercial Projects",1585.50,68587.13,4200.10,2074.80,1516.96,12.17,17659.40,60.95,235.90,-19.35,292.50,250.10,-6.99,761.51,244.70,457.40,0.00,60.22,4825.08,98.42,13053.20,67.46,15.94,271.40,1138.90,10.38,7.53,115.95,10.15,3.29,3223.20,130.70,1516.27,1534.96,15.37,46.73,2393.00,-1.70,2380.40,15842.20,2174.80,53947.10,20.10,4.20,2675.10,184847.00,194773.00,163103.00,13.27,23.51,2.28,2380.40
Pricol Ltd,540293,PRICOLLTD,INE726V01018,Auto Components,Auto Components & Equipments,803.65,9801.71,478.69,823.00,600.98,2.35,379.16,38.51,67.02,34.34,49.89,73.23,-8.48,114.11,63.69,63.99,0.00,36.58,1406.67,39.71,4250.90,43.26,23.47,67.02,267.93,24.50,21.84,56.36,6.06,3.55,281.26,223.43,598.95,162.68,9.36,73.66,102.03,2.41,118.90,1242.70,14.24,1285.36,19.86,7.81,1105.44,165911.00,164571.00,165500.00,13.95,11.79,35.74,118.90
Prime Focus,532748,PFOCUS,INE367G01038,Entertainment,Media & Entertainment,282.60,22023.93,1530.95,367.25,247.17,23.05,5716.73,60.73,5.84,-90.56,61.85,86.60,-138.90,63.14,69.20,4.07,0.00,123.37,1387.82,30.81,4919.46,29.17,23.81,-45.78,178.52,11.50,16.50,18.87,0.51,5.11,1024.07,295.42,246.82,386.79,0.73,52.50,214.13,0.40,688.29,2010.93,236.13,5064.53,18.56,10.50,1266.81,26384.00,23497.00,12811.00,3.41,1.07,34.77,688.29
Prince Pipes,542907,PRINCEPIPE,INE689W01016,Industrial Products,Plastic Products - Industrial,283.10,3127.22,242.49,897.00,276.50,20.92,145.35,60.95,33.75,600.21,4.82,56.11,-39.85,29.31,-2.38,14.63,0.00,30.02,643.07,8.16,2627.33,5.10,5.00,33.75,104.16,6.12,4.67,347.23,5.54,1.23,526.46,118.94,276.44,67.06,2.65,58.92,83.01,0.33,129.04,1533.95,148.40,1308.21,11.16,1.90,609.42,185165.00,187493.00,200249.00,3.06,15.33,20.66,129.04
Prism Johnson,500338,PRSMJOHNSN,INE010A01011,Cement & Cement Products,Cement & Cement Products,109.88,5526.91,745.68,246.10,124.67,37.57,1677.40,74.87,63.18,515.75,10.26,50.21,806.58,30.65,49.93,1.59,0.00,47.10,1931.68,4.13,7554.09,4.76,2.57,112.70,117.35,5.92,-5.41,10524.12,3.72,0.77,502.89,737.28,124.82,201.52,0.56,51.16,478.22,12.53,547.53,1024.84,146.91,2149.36,8.30,3.62,1835.23,74536.00,73796.00,82797.00,2.74,6.45,15.93,547.53
Privi Speci.,530117,PRIVISCL,INE959A01019,Chemicals & Petrochemicals,Specialty Chemicals,3450.30,13487.53,670.39,3785.30,3154.52,8.85,1021.26,60.60,84.21,35.98,61.93,93.70,-11.98,141.46,74.85,90.21,0.00,38.56,816.05,20.24,2671.09,21.63,19.22,82.84,349.81,22.30,26.01,60.80,12.43,4.35,550.09,281.11,3151.55,203.03,36.18,36.82,50.19,6.00,69.53,1373.37,54.50,1542.32,20.87,9.55,666.22,44875.00,34415.00,28685.00,1.94,10.07,27.39,69.53
Protean eGov,544021,PROTEAN,INE004A01022,IT - Services,IT Enabled Services,548.15,2227.67,188.37,2225.00,667.04,42.03,87.49,0.00,5.86,-75.43,23.85,30.88,-80.71,10.94,22.50,23.86,0.00,25.90,311.43,24.32,1037.87,21.39,19.03,5.86,86.01,12.69,10.01,-9.67,2.34,2.69,78.47,192.71,668.23,29.67,2.69,37.43,136.22,5.46,186.53,1036.73,637.71,609.69,12.43,2.07,250.96,216038.00,217497.00,242185.00,6.01,21.16,72.84,186.53
Prudent Corp.,543527,PRUDENT,INE00F201020,Capital Markets,Financial Products Distributor,3363.50,13926.93,333.52,3741.15,2781.45,2.65,34.13,55.31,74.76,44.38,51.78,59.11,26.48,82.54,57.63,53.54,0.00,56.84,386.82,20.96,1371.20,19.45,18.34,74.76,245.04,37.48,28.65,20.57,21.51,7.53,216.54,160.61,2775.60,93.34,19.93,61.26,178.34,20.49,102.10,862.02,580.23,367.21,37.88,15.78,347.63,30808.00,32373.00,32674.00,14.28,23.95,6.45,102.10
PSP Projects,540544,PSPPROJECT,INE488V01015,Construction,Civil Construction,923.35,3651.19,207.70,1143.00,855.43,19.22,330.28,68.82,18.34,4266.67,0.42,21.09,-13.04,32.95,17.83,16.17,0.00,49.72,1091.44,55.28,3484.37,44.77,64.84,18.34,73.43,7.88,4.55,231.51,2.15,4.24,322.82,52.71,854.75,71.82,8.31,42.21,207.84,-5.41,415.50,1224.31,0.66,2386.98,15.09,2.90,853.47,32640.00,34179.00,37294.00,2.10,2.91,26.18,415.50
PTC India,532524,PTC,INE877F01012,Power,Power Trading,157.05,4647.32,1250.69,254.65,176.41,31.57,1768.82,16.22,97.99,-49.76,195.05,105.34,-7.58,213.07,131.24,222.05,0.00,9.09,6454.71,18.25,17535.42,13.26,19.07,112.08,511.39,13.37,10.33,-17.35,2.35,0.13,2817.00,2131.55,176.61,269.57,6.29,36.31,3274.00,26.54,3920.73,5684.76,941.22,10141.65,2.33,0.78,4773.80,254640.00,270599.00,266059.00,28.88,8.95,42.58,3920.73
PTC Industries,539006,PTCIL,INE596F01018,Industrial Products,Castings & Forgings,19623.00,29329.52,172.28,20750.00,17201.05,5.43,261.35,59.72,29.19,465.70,5.16,59.91,-51.28,38.32,18.35,18.14,0.07,233.53,245.58,97.05,697.43,94.62,97.43,29.19,125.59,8.43,7.02,102.53,15.22,-147.20,-68.66,13.59,17176.71,57.24,25.56,61.14,381.83,-16.06,136.57,1492.12,2.83,897.10,142.19,19.52,191.80,26540.00,23581.00,22707.00,3.95,9.35,26.98,136.57
Pun. & Sind Bank,533295,PSB,INE608A01012,Banks,Public Sector Bank,23.38,16610.92,10099.42,149.70,26.21,28.00,164011.03,93.85,331.51,23.16,269.16,421.83,-21.41,423.58,336.42,294.52,0.00,12.00,3141.96,4.77,12284.21,4.64,10.40,331.51,1384.28,5.95,9.62,25.45,10.32,-0.95,-1893.11,-2293.50,26.24,2188.98,0.60,41.21,8567.25,-0.61,5957.56,7537.68,50226.18,12095.00,17.09,1.13,3213.37,221849.00,222301.00,222234.00,0.14,3.81,2.21,6064.53
Punjab Natl.Bank,532461,PNB,INE160A01022,Banks,Public Sector Bank,118.00,136173.11,117796.01,279.98,111.83,12.69,1843390.38,70.08,5814.72,174.29,2119.88,5591.64,4.15,6810.42,5576.54,5120.59,0.00,6.17,33424.34,2.80,131788.93,3.41,3.12,5834.77,22087.53,6.13,12.99,32.86,17.37,0.87,25635.41,22075.28,111.77,25002.93,5.91,65.86,61154.27,0.27,57405.50,154048.04,518312.71,250344.40,16.45,0.87,33589.17,2231532.00,2222889.00,2574693.00,5.93,16.06,7.91,71273.23
Puravankara,532891,PURVA,INE323I01011,Realty,"Residential, Commercial Projects",216.40,5117.65,797.49,569.60,227.31,29.05,5594.56,75.00,28.93,142.75,-67.68,113.24,-77.05,107.43,58.34,-42.99,0.00,31.92,1568.68,143.51,4064.15,116.21,61.85,25.23,160.32,11.24,3.62,160.86,2.97,2.07,344.52,-530.76,227.42,305.11,4.53,49.48,731.73,2.76,1484.61,1668.99,31.69,14978.42,9.88,2.87,848.72,43565.00,41869.00,45955.00,16.62,0.58,7.79,1484.61
PVR Inox,532689,PVRINOX,INE191H01014,Entertainment,"Film Production, Distribution & Exhibition",1219.50,11972.49,2278.40,2214.85,1045.81,2.42,6779.10,27.53,56.50,220.30,-46.97,20.42,-69.69,125.74,95.40,105.50,10.89,37.74,2094.65,14.90,6842.20,13.68,11.91,56.50,317.21,6.96,3.28,321.24,3.48,0.67,2160.30,1966.80,1044.06,684.31,12.80,73.04,528.90,11.27,591.60,7280.50,2.40,1112.20,7.58,1.62,1622.20,236922.00,238892.00,264090.00,18.08,35.72,18.67,591.60
Quality Power El,544367,QPOWER,INE0SII01026,Electrical Equipment,Heavy Electrical Equipment,1334.90,10335.61,236.24,1443.20,1014.17,7.50,40.18,73.91,36.11,49.59,24.14,33.94,-7.58,79.86,62.76,35.17,0.00,77.54,491.22,138.74,1003.23,121.98,31.66,46.72,133.30,31.53,25.11,89.95,20.08,16.73,80.28,62.46,1010.94,88.59,7.97,65.24,209.92,0.79,247.95,464.59,18.60,732.14,40.10,19.07,232.67,85706.00,73930.00,58129.00,3.37,6.45,16.28,247.95
Quess Corp,539978,QUESS,INE615P01015,Commercial Services & Supplies,Diversified Commercial Services,338.25,5052.85,340.78,616.33,252.71,3.59,124.48,56.82,81.90,55.39,52.71,63.59,27.63,59.08,55.09,51.77,0.00,19.55,4131.60,7.83,15835.46,5.35,14.52,82.13,258.47,24.00,21.33,22.25,1.96,0.94,230.06,380.48,251.85,84.26,3.94,65.16,266.94,27.59,206.87,1017.13,51.21,1949.03,13.63,4.33,4181.69,107345.00,110118.00,126388.00,8.58,11.86,21.73,206.87
R C F,524230,RCF,INE027A01015,Fertilizers & Agrochemicals,Fertilizers,118.42,6532.02,1149.20,245.00,132.11,28.01,4128.07,75.00,73.53,35.09,54.43,156.19,-60.62,157.86,80.95,105.35,0.00,15.70,6464.70,22.15,18695.30,17.52,6.38,73.53,416.02,10.23,8.02,46.82,2.05,1.57,-471.22,2363.82,132.25,339.46,2.86,26.54,1035.74,-3.37,152.73,4569.51,1380.41,10726.38,8.71,1.28,3585.71,334914.00,339059.00,360386.00,2.43,0.30,22.28,152.73
R R Kabel,543981,RRKABEL,INE777K01022,Industrial Products,Cables - Electricals,2894.20,32753.63,844.51,2924.90,1915.17,1.05,337.03,61.38,194.94,117.32,89.70,167.90,22.22,207.31,118.25,116.26,0.00,53.56,3094.66,43.02,10831.93,37.66,53.90,205.20,611.51,28.10,21.33,81.49,6.15,7.80,295.29,494.40,1905.33,263.34,18.33,70.91,226.91,3.57,90.72,2517.85,255.33,3059.42,32.73,12.72,3168.20,143418.00,130587.00,135697.00,10.68,11.87,16.07,90.72
R Systems Intl.,532735,RSYSTEMS,INE411H01032,IT - Services,IT Enabled Services,241.60,2870.07,316.93,599.00,301.06,51.38,369.33,51.85,55.57,-26.74,75.85,65.41,-15.04,73.61,36.41,35.34,0.00,13.63,634.74,27.30,2230.20,24.07,30.23,55.57,210.63,19.48,24.44,8.99,9.24,1.35,219.87,235.27,301.66,105.86,6.21,44.01,193.75,16.33,314.11,1086.42,0.00,925.01,7.21,2.61,601.70,44973.00,44372.00,38040.00,3.83,6.53,37.79,333.97
RaajMarg Infra,544734,RIIT,INE2PB023011,Transport Infrastructure,"Road AssetsToll, Annuity, Hybrid-Annuity",121.88,7303.91,0.00,127.00,111.57,4.03,3729.11,,201.07,,,10.31,1850.24,,,,,,,,0.00,,,201.07,0.00,,,,75.35,,,,111.47,,,71.98,,,0.00,10.31,1350.00,164.49,,1.22,266.84,,,,,,,151.70
Radico Khaitan,532497,RADICO,INE944F01028,Beverages,Breweries & Distilleries,4696.00,63173.73,1036.59,4747.95,3473.68,1.09,498.45,40.19,229.60,69.15,135.74,179.46,27.94,259.13,154.93,139.56,0.00,88.89,1738.68,16.38,6228.08,19.30,11.80,229.60,710.72,24.15,20.26,75.94,13.64,14.59,742.64,362.86,3461.40,317.47,19.34,73.32,57.71,5.77,88.33,3288.95,239.95,2616.96,54.69,18.96,1683.69,147064.00,152036.00,139974.00,18.20,28.08,13.51,88.33
Raghav Product.,539837,RPEL,INE912T01018,Industrial Products,Electrodes & Refractories,1614.70,7420.68,75.29,1665.90,979.88,3.07,5.41,62.89,19.57,67.55,11.68,15.16,29.09,23.75,14.12,13.84,0.00,118.37,88.41,39.03,285.55,33.90,48.72,19.57,62.69,30.30,24.27,55.29,22.52,23.68,37.00,38.68,973.50,26.19,5.17,76.76,9.24,8.96,8.08,198.60,40.69,128.74,84.91,30.32,86.91,14899.00,12868.00,14151.00,0.81,0.01,36.28,8.08
Rail Vikas,542649,RVNL,INE415G01027,Construction,Civil Construction,227.90,47602.80,1636.59,647.00,278.58,43.15,4818.49,72.84,159.36,18.46,134.53,187.07,-12.19,124.33,324.14,230.52,0.00,52.92,5437.78,6.14,20824.58,5.40,10.55,159.52,899.55,10.80,9.02,-24.30,3.69,5.18,-1889.37,1880.91,279.09,232.75,0.60,47.92,3886.24,4.80,968.25,7736.82,2644.77,13575.33,30.82,4.84,4321.23,2210914.00,2190491.00,2290745.00,2.41,6.60,18.15,968.25
Railtel Corpn.,543265,RAILTEL,INE0DD101019,Telecom - Services,Other Telecom Services,280.75,9022.91,688.05,618.00,319.02,32.04,63.72,72.84,70.96,11.62,63.57,143.52,-53.59,120.32,62.40,76.07,0.00,24.35,1166.34,22.60,4426.94,20.85,20.09,65.78,370.52,22.85,17.08,16.17,7.94,2.16,316.45,255.34,319.40,177.07,3.75,40.49,526.38,4.90,654.11,1940.67,0.00,4318.94,11.97,3.98,893.27,486005.00,492275.00,516521.00,3.98,0.99,22.19,654.11
Rain Industries,500339,RAIN,INE855B01025,Chemicals & Petrochemicals,Petrochemicals,204.92,6892.15,2277.88,475.50,168.59,18.68,10794.64,41.35,296.21,387.99,60.70,121.44,115.99,289.16,37.68,130.33,0.00,12.83,5268.88,17.72,18464.31,17.02,17.40,340.99,537.17,8.26,0.60,228.66,6.60,0.35,897.24,1943.22,168.23,823.54,7.47,44.50,1870.41,8.54,1526.24,7927.39,29.74,9547.90,5.44,0.86,5167.16,192433.00,195180.00,204795.00,8.02,2.67,47.62,1612.59
Rainbow Child.,543524,RAINBOW,INE961O01016,Healthcare Services,Hospital,1453.50,14769.78,566.35,1709.60,1369.98,10.55,890.98,49.84,60.57,13.21,53.50,78.10,-20.05,103.25,73.90,75.62,0.00,51.56,550.63,23.79,1820.14,18.30,33.17,62.54,286.45,17.35,15.90,11.29,13.31,3.50,419.66,395.66,1369.14,172.63,9.85,42.54,20.28,5.88,33.89,1546.51,404.50,258.35,25.55,8.96,469.99,89305.00,88561.00,80320.00,16.03,22.56,11.39,33.89
Rajesh Exports,531500,RAJESHEXPO,INE343B01030,Consumer Durables,"Gems, Jewellery And Watches",79.91,2357.38,380.05,1029.70,125.83,66.56,1015.90,54.55,47.19,595.17,-9.53,-53.50,188.21,89.58,71.48,104.05,0.00,13.93,317868.85,81.42,887509.97,79.55,82.71,47.19,169.22,1.86,0.68,130.29,0.02,0.11,371.78,7737.55,126.29,130.34,3.03,34.44,1891.23,17.41,2615.22,17239.21,11796.62,27642.35,1.90,0.14,240335.72,201013.00,198796.00,213908.00,12.61,10.83,22.02,2615.22
Rajratan Global,517522,RAJRATAN,INE451D01029,Auto Components,Auto Components & Equipments,505.35,2568.51,145.30,1409.90,446.44,10.39,323.90,65.20,22.96,69.82,13.52,15.43,48.80,32.15,20.69,20.55,0.00,32.26,378.74,28.75,1228.34,27.74,29.14,22.96,79.63,13.23,11.51,39.51,7.21,1.97,74.51,56.66,445.85,48.58,6.33,50.51,24.23,-1.65,37.09,640.29,1.44,431.06,17.97,3.94,318.35,62564.00,64168.00,65750.00,0.83,8.35,25.62,37.09
Rallis India,500355,RALLIS,INE613A01020,Fertilizers & Agrochemicals,Pesticides & Agrochemicals,212.85,4135.76,404.98,385.90,249.85,44.81,61.10,55.08,123.54,30.04,95.00,-16.76,933.33,92.90,2.00,102.00,0.00,18.11,922.40,7.13,2962.00,4.41,6.79,125.00,228.40,14.14,10.22,33.45,12.09,1.48,172.11,295.11,250.22,134.96,4.78,40.11,31.17,9.10,45.43,2023.52,505.39,1807.39,9.46,2.03,1022.00,130812.00,129225.00,128437.00,9.12,11.72,23.66,45.43
Ram Ratna Wires,522281,RAMRAT,INE207E01023,Electrical Equipment,Other Electrical Equipment,486.50,4540.02,279.88,520.00,378.60,6.44,675.23,69.30,35.21,127.75,15.46,39.01,-10.37,53.37,31.64,21.82,0.02,35.07,2039.43,75.30,6047.46,60.51,88.63,35.16,129.44,23.58,20.61,94.01,1.90,3.72,-92.99,227.33,377.52,99.47,5.72,65.91,23.82,-7.85,13.86,532.81,16.06,1251.70,16.16,7.84,1853.28,24296.00,19958.00,18430.00,0.47,0.62,29.62,13.86
Ramco Inds.,532369,RAMCOIND,INE614A01028,Other Construction Materials,Other Construction Materials,354.00,3084.17,247.23,398.05,309.44,11.07,171.47,54.84,80.01,21.91,65.63,81.75,-1.19,50.29,112.07,40.93,1.05,9.80,421.58,15.35,1872.74,13.43,15.48,86.59,314.65,4.57,6.75,51.92,13.03,2.40,200.97,133.18,308.99,62.87,5.79,54.90,101.41,2.59,151.24,4513.31,3484.91,894.04,10.88,0.68,613.81,31622.00,29086.00,30398.00,1.00,3.35,40.81,151.24
Ramco Systems,532370,RAMCOSYS,INE246B01019,IT - Software,Software Products,552.35,2076.28,167.33,1113.00,548.21,42.95,42.83,55.51,0.60,-36.17,0.94,25.05,-97.78,13.42,3.21,12.59,0.00,32.96,200.26,13.92,712.41,15.71,7.10,0.56,63.00,19.72,18.12,561.20,0.32,1.72,134.45,113.35,548.16,40.29,3.57,34.99,45.77,9.22,125.57,312.48,1.88,307.83,12.39,5.91,172.77,32100.00,27987.00,30674.00,11.48,1.77,31.25,125.57
Ramkrishna Forg.,532527,RKFORGE,INE399G01023,Auto Components,Auto Components & Equipments,745.40,13598.01,638.19,1064.05,594.00,3.55,2448.77,43.39,46.88,297.63,11.79,56.18,-16.20,22.35,13.57,-9.50,15.56,118.30,1058.17,16.60,4439.50,8.55,19.84,46.88,114.95,5.60,2.51,-60.43,3.85,2.38,839.76,32.55,592.48,164.12,1.23,71.91,20.18,-5.72,162.90,3254.11,240.97,2446.54,22.26,4.12,1216.67,105810.00,109027.00,113670.00,20.43,5.09,30.90,162.90
Ramky Infra,533262,RAMKY,INE874I01013,Construction,Civil Construction,391.15,2694.61,425.31,1009.05,464.04,44.64,591.18,69.81,39.30,-47.18,74.40,-6.05,-25.58,4.94,78.00,75.63,25.70,14.41,522.76,10.84,1938.47,4.52,24.26,38.79,186.97,13.66,11.13,-4.40,8.23,0.32,-262.20,372.90,464.78,55.87,0.71,48.50,159.74,6.11,267.36,2093.21,0.24,2154.94,7.75,1.25,471.23,23063.00,23216.00,23241.00,1.92,0.91,27.37,267.36
Rane (Madras),532661,RML,INE050H01012,Auto Components,Auto Components & Equipments,1078.20,2978.46,355.35,1529.00,939.97,18.56,752.01,70.45,30.10,56.04,19.29,36.96,-18.56,36.74,30.52,21.47,0.00,24.65,1078.79,17.35,4023.95,16.01,18.29,30.10,120.82,13.95,15.35,188.49,2.89,1.47,219.07,315.75,938.59,92.76,13.29,44.04,34.79,5.38,47.24,722.92,7.54,1461.60,9.88,3.97,1041.62,28932.00,29856.00,33748.00,0.33,0.79,28.43,47.24
Rane Holdings,505800,RANEHOLDIN,INE384A01010,Finance,Holding Company,1581.10,2261.06,441.02,2799.00,1476.46,16.69,1020.99,46.64,35.83,-6.62,38.37,68.89,-44.86,30.40,-39.51,31.26,0.00,28.67,1708.27,22.09,6129.37,25.82,18.35,48.27,78.85,9.52,7.00,6.33,2.92,0.74,279.55,513.03,1475.41,110.34,16.49,35.31,41.96,6.19,54.64,1139.55,296.19,1902.15,7.09,1.96,1586.88,15390.00,15635.00,15968.00,0.93,3.39,49.05,54.64
Rashi Peripheral,544119,RPTECH,INE0J1F01024,IT - Hardware,Computers Hardware & Equipments,856.15,5690.08,499.28,967.70,552.26,11.53,990.63,64.04,102.77,67.60,61.32,84.21,20.42,140.31,74.60,59.22,0.00,17.83,6267.64,50.83,17777.05,40.44,61.85,104.57,319.04,16.82,14.74,50.28,2.05,-3.17,113.69,-299.18,549.21,176.43,20.77,55.23,21.95,-3.64,81.21,1992.06,0.00,5219.80,11.77,2.79,5101.85,52537.00,43946.00,51874.00,3.27,12.68,20.01,81.21
Rategain Travel,543417,RATEGAIN,INE0CLI01024,IT - Software,Computers - Software & Consulting,943.75,11185.96,398.79,1052.65,729.55,10.35,948.70,48.78,94.91,102.24,46.93,69.99,35.61,99.20,26.45,51.01,0.00,42.79,767.60,160.15,2335.65,114.36,187.63,94.91,261.39,13.67,11.99,24.18,12.09,7.79,233.71,119.97,727.40,150.41,8.37,53.77,349.63,7.04,173.13,1994.05,24.52,954.57,23.78,5.56,785.01,90004.00,92900.00,96390.00,5.75,20.86,24.53,173.13
Ratnamani Metals,520111,RATNAMANI,INE703B01027,Industrial Products,Iron & Steel Products,2289.60,16127.60,879.23,3978.50,2478.49,31.55,317.62,59.77,82.16,-37.67,131.82,99.34,-7.66,128.45,135.38,156.04,0.00,36.76,970.90,-18.53,4313.97,-16.31,-15.63,107.02,438.75,17.91,12.63,-23.11,11.01,3.21,936.01,536.22,2480.39,165.81,14.07,40.04,225.22,7.87,73.90,4096.61,644.32,2762.06,19.47,3.90,971.63,36573.00,38601.00,32422.00,10.72,19.13,10.37,73.90
RattanIndia Ent,534597,RTNINDIA,INE834M01019,Retailing,E-Retail/ E-Commerce,30.03,4153.71,-74.66,94.85,36.91,53.08,1100.86,74.87,15.10,-97.00,502.72,-110.28,113.38,-203.38,-162.01,-396.56,14.10,,2098.56,-1.19,7697.47,2.09,-19.14,14.73,-653.04,-4.76,-19.57,-146.82,0.79,-3.48,-55.52,306.41,36.98,-180.95,-1.47,37.81,130.68,3.45,166.06,492.02,893.43,2140.10,-7.99,5.40,1870.48,395032.00,401055.00,440680.00,5.40,0.07,19.58,166.06
RattanIndia Pow.,533122,RTNPOWER,INE399K01017,Power,Power Generation,7.77,4167.23,760.18,45.50,9.43,39.77,3710.71,44.06,45.85,449.73,-13.11,42.84,7.03,-57.12,54.26,-31.55,0.00,37.41,610.75,-6.57,2967.95,-6.49,-2.85,45.85,111.40,6.21,1.14,-3.81,5.74,0.41,372.18,409.95,9.45,79.89,-0.11,21.37,362.53,7.23,75.35,-732.40,0.00,3268.89,10.30,0.90,798.55,1911791.00,1943756.00,2077828.00,5.25,6.58,44.10,75.35
Ravindra Energy,504341,RELTD,INE206N01018,Electrical Equipment,Other Electrical Equipment,166.71,3314.57,148.83,196.45,148.71,15.14,502.25,58.26,1.64,-92.75,22.61,12.62,-87.00,36.94,14.64,30.79,20.41,55.53,213.65,77.56,500.53,28.23,-26.24,1.64,59.69,15.89,21.18,12.99,1.37,2.99,171.85,70.90,148.53,63.78,1.86,50.34,84.10,-17.77,91.54,243.64,40.66,182.39,23.92,7.83,119.97,82798.00,80815.00,83521.00,3.27,2.99,35.49,91.54
Raymond,500330,RAYMOND,INE301A01014,Industrial Manufacturing,Industrial Products,656.65,4368.44,294.13,826.75,529.46,0.36,1054.89,48.87,20.99,1.85,20.61,2.63,158.59,4.28,7.10,13.89,0.00,25.98,599.68,13.64,2293.42,13.45,15.51,30.85,168.16,3.14,167.82,228.88,5.09,0.76,41.77,233.14,528.18,64.22,0.44,62.88,298.51,2.63,182.42,2777.43,1695.05,1401.11,15.18,1.54,605.61,272532.00,288616.00,291118.00,7.89,3.81,39.38,182.42
Raymond Lifestyl,544240,RAYMONDLSL,INE02ID01020,Textiles & Apparels,Other Textile Products,730.85,4455.97,787.45,3100.00,886.87,45.86,2185.53,59.61,-22.59,-13.98,-19.82,10.73,56.61,9.10,42.86,75.19,23.74,29.87,2016.48,10.05,6973.08,9.18,5.95,-22.59,149.19,3.52,1.14,62.84,-1.49,,546.23,404.30,888.43,187.18,1.49,47.82,400.88,7.63,327.94,9623.64,1037.10,3748.32,7.73,0.46,1515.51,138586.00,139894.00,148782.00,7.32,5.72,27.30,327.94
Raymond Realty,544420,RAYMONDREL,INE1SY401010,Realty,"Residential, Commercial Projects",578.05,3856.37,481.46,1055.20,592.59,21.34,1013.75,50.93,13.43,-18.61,16.50,161.12,-91.66,,66.79,60.18,7.34,12.79,,565.03,3136.96,284.43,38.42,13.43,301.52,29.61,36.31,1023.82,2.55,,-909.96,-236.60,592.73,,,36.37,18.68,-31.37,354.63,1500.85,2.47,6952.50,8.61,2.46,526.67,209800.00,210530.00,261564.00,5.85,2.90,40.29,354.63
RBL Bank,540065,RBLBANK,INE976G01028,Banks,Private Sector Bank,392.30,60890.54,9249.52,716.55,330.38,0.41,155812.07,60.00,253.70,26.64,200.33,229.71,10.44,210.43,213.88,178.52,0.00,69.52,3771.70,7.53,14734.71,5.37,11.60,253.70,875.81,5.77,5.11,67.08,6.61,3.44,7577.00,-846.35,329.76,1393.82,1.36,62.58,10752.30,2.35,13796.01,15986.78,32078.23,33273.40,21.81,1.46,3840.25,320792.00,323042.00,386691.00,8.77,16.92,14.16,13796.01
REC Ltd,532955,RECLTD,INE020B01018,Finance,Financial Institution,328.10,86306.44,57060.36,654.00,360.55,15.98,515283.59,52.63,4192.76,-6.11,4465.71,3375.08,24.23,5796.09,4052.44,4414.93,0.00,5.38,15141.63,-0.07,59202.49,2.03,-2.05,4192.76,16049.63,9.71,20.12,-4.97,29.05,-0.26,5971.57,-39064.08,360.88,14545.11,22.01,30.15,2343.37,-5.16,1611.09,81862.78,9831.45,46800.67,10.63,1.02,14434.92,1175194.00,1208647.00,1126511.00,15.76,16.98,14.57,1611.09
Redington,532805,REDINGTON,INE891D01026,Commercial Services & Supplies,Trading & Distributors,348.10,27225.75,2529.52,364.50,265.57,4.50,2841.62,0.00,485.98,76.55,275.27,489.61,57.69,588.91,413.39,350.20,0.00,15.13,36860.94,26.78,128132.84,23.20,34.57,453.49,1799.22,18.39,16.86,41.53,1.30,-16.99,231.35,292.62,264.74,738.60,7.53,65.45,1381.48,3.37,1121.50,10004.38,0.00,32528.54,10.66,2.68,34922.47,241094.00,253694.00,219740.00,61.96,16.37,21.61,1121.50
Redtape,543957,REDTAPE,INE0LXT01019,Consumer Durables,Footwear,123.98,6853.17,486.20,245.46,131.11,24.17,719.96,71.83,44.48,15.23,38.60,69.88,-36.35,58.82,104.53,27.54,0.00,27.81,585.59,18.93,2435.74,18.98,3.65,44.48,246.43,24.48,26.65,38.47,9.24,6.32,174.01,4.30,131.19,96.29,1.06,40.63,14.57,-0.96,9.76,910.82,0.00,1518.34,15.35,6.71,481.28,75576.00,77943.00,78752.00,3.21,11.74,13.22,9.76
Refex Industries,532884,REFEX,INE056I01025,Other Utilities,Waste Management,293.60,4030.12,386.99,600.00,301.58,29.36,225.04,56.57,73.66,145.38,30.02,101.91,-31.65,97.96,52.71,36.19,43.51,14.13,790.62,90.65,2841.18,37.90,160.42,64.56,285.20,22.71,17.81,56.27,8.13,,107.14,-248.50,301.66,117.65,7.06,39.98,352.05,-8.45,393.35,1476.71,0.00,2539.60,8.50,2.68,916.31,91033.00,94159.00,85429.00,0.93,0.38,42.13,393.35
Relaxo Footwear,530517,RELAXO,INE131B01039,Consumer Durables,Footwear,374.10,9311.55,420.18,1448.00,380.53,29.61,232.65,71.27,54.94,12.35,48.90,67.67,-18.81,48.14,26.54,36.16,0.00,50.25,660.20,5.04,2752.72,2.11,7.73,54.94,185.31,11.07,8.33,5.98,7.79,2.58,348.25,406.01,380.59,92.17,1.93,38.00,42.06,6.92,24.19,2181.47,435.82,1193.52,22.11,4.22,705.05,223844.00,225931.00,239560.00,3.11,9.67,15.95,24.19
Reliance Industries,500325,RELIANCE,INE002A01018,Petroleum Products,Refineries & Marketing,1313.20,1781849.53,205081.00,1611.80,1362.83,18.53,402962.00,50.48,20946.00,2.02,20530.42,16971.00,12.66,25542.93,22290.00,22092.00,0.00,23.84,300662.63,18.08,1123055.00,15.00,27.02,23196.00,74727.00,10.26,8.91,-0.42,7.50,0.94,192113.00,178703.00,1363.33,49800.24,17.04,51.26,106502.00,3.07,145977.00,890498.00,248332.00,496818.00,10.00,1.97,309468.00,4651863.00,4421289.00,4435756.00,17.19,21.10,11.05,145977.00
Reliance Infra.,500390,RELINFRA,INE036A01016,Power,Integrated Power Utilities,61.93,2541.11,6423.18,2641.00,152.56,79.61,4936.72,19.05,304.23,409.43,59.72,1188.71,-53.19,-583.07,317.42,2575.30,0.00,1.11,6166.47,-1.10,20876.98,-6.41,7.39,767.79,2295.31,15.44,14.26,-48.63,9.90,0.06,2550.22,3656.67,153.47,273.66,-6.91,37.50,2859.07,6.66,2203.65,17463.85,10319.36,5099.29,0.79,0.14,6344.27,654736.00,660302.00,712587.00,4.94,0.78,75.10,2203.65
Reliance Power,532939,RPOWER,INE614G01033,Power,Power Generation,22.15,9156.51,2733.22,374.94,29.46,56.48,14812.03,24.98,64.71,44.83,44.68,-173.55,113.10,5.95,25.11,87.32,0.00,2550.56,2006.36,1.64,7690.45,2.87,3.75,64.71,3.59,6.11,-0.90,124.52,3.31,0.24,2824.36,1937.92,29.54,609.23,0.01,32.62,973.37,8.58,1705.16,11903.64,141.86,4617.75,8.13,0.57,1956.32,4318443.00,4341371.00,4393672.00,13.64,2.79,58.57,1705.16
Religare Enterp.,532915,RELIGARE,INE621H01010,Finance,Investment Company,231.65,8006.58,170.14,706.03,241.47,18.68,493.23,30.55,-26.18,-356.16,10.22,82.21,-149.12,-15.23,-76.54,45.93,0.00,161.59,2538.75,22.26,8953.79,19.01,26.43,-46.98,49.55,3.06,3.17,-57.65,-2.00,0.40,1819.96,1571.92,241.57,14.58,-0.25,37.52,1086.74,40.09,1702.68,2575.40,11203.48,2410.83,67.63,2.65,2353.40,69935.00,73411.00,74058.00,9.64,9.33,50.49,1702.68
Repco Home Fin,535322,REPCOHOME,INE612J01015,Finance,Housing Finance Company,362.80,2269.73,1602.49,924.00,392.96,20.42,12206.01,37.13,121.62,5.63,115.14,135.18,-10.03,149.57,115.44,109.66,0.00,4.71,465.12,5.40,1819.44,4.91,6.23,121.62,481.90,10.17,12.73,3.84,26.00,-0.49,-896.20,-613.70,393.26,410.67,23.91,38.23,136.29,-4.90,292.25,3978.17,272.46,305.81,8.79,0.56,467.70,49320.00,51135.00,56298.00,12.36,26.08,24.42,292.25
Responsive Ind,505509,RESPONIND,INE688D01026,Consumer Durables,"Furniture, Home Furnishing",156.37,4164.70,251.84,364.95,181.55,35.45,195.00,59.14,2.74,-94.51,49.87,22.82,-87.99,24.46,22.48,53.26,5.65,40.91,283.26,-9.72,1248.28,-13.12,-43.06,2.74,101.80,10.77,10.26,-49.19,1.42,5.09,39.62,75.41,181.81,47.84,0.92,31.13,7.61,1.67,10.01,1532.26,75.75,1021.09,21.48,2.67,192.87,15773.00,16316.00,17859.00,7.48,3.22,30.15,10.01
Restaurant Brand,543248,RBA,INE07T201019,Leisure Services,Restaurants,105.21,7494.67,376.74,219.15,72.43,3.37,1967.00,9.22,-28.35,32.40,-41.94,-43.01,30.40,-65.56,-47.95,-63.33,0.00,,804.70,14.40,2947.53,13.29,17.90,-33.01,-171.46,-0.47,-22.72,17.88,-4.01,2.51,302.66,350.44,72.10,93.31,-0.79,74.65,536.46,0.84,58.91,138.23,137.86,242.33,23.38,8.50,822.61,244301.00,247516.00,227707.00,9.25,39.62,41.92,58.91
RHI Magnesita,534076,RHIM,INE743M01012,Industrial Products,Electrodes & Refractories,374.75,7736.58,470.49,893.15,414.51,26.52,448.44,56.07,64.61,83.19,35.27,22.73,112.47,66.50,61.56,38.35,0.00,41.32,1101.85,6.42,4073.60,8.45,5.59,64.61,187.25,6.52,2.91,13.55,6.37,2.35,409.10,373.08,414.91,130.71,3.22,39.86,99.20,5.72,159.75,3539.80,230.99,2586.66,15.61,2.17,1013.97,63783.00,64358.00,69845.00,3.98,14.34,25.60,159.75
Rishabh Instrum.,543977,RISHABH,INE0N2P01017,Electrical Equipment,Other Electrical Equipment,684.20,2646.39,147.60,729.85,504.25,6.25,80.54,69.40,19.03,-3.40,19.70,19.70,-3.30,23.47,20.51,22.09,0.00,32.73,207.30,5.59,783.09,5.63,4.18,19.37,80.86,14.50,12.02,110.03,9.77,3.65,108.48,64.95,502.44,34.92,5.96,58.75,198.08,-0.24,201.83,706.48,0.14,532.80,16.67,3.54,198.28,30707.00,32231.00,40235.00,1.17,11.21,18.21,201.83
Rites,541556,RITES,INE320J01015,Construction,Civil Construction,218.44,10509.94,677.57,413.08,223.42,22.24,6.59,72.20,87.21,8.88,80.10,129.97,-29.83,123.26,115.10,109.10,0.00,25.18,628.14,14.47,2457.79,11.28,8.67,97.78,417.38,22.00,15.42,8.16,18.37,1.86,327.48,637.06,223.47,141.92,2.29,47.12,3375.12,12.78,2946.15,2200.64,103.57,4459.21,11.02,3.92,532.20,379928.00,386213.00,402334.00,3.43,8.74,15.63,2946.15
Roadstar Infra,544374,ROADSTAR,INE0JEI23010,Transport Infrastructure,"Road AssetsToll, Annuity, Hybrid-Annuity",61.01,2778.87,516.12,80.00,70.92,12.84,3305.93,,35.25,129.45,-119.70,-154.89,121.97,-23.05,28.50,-24.77,0.00,,292.23,4.40,1149.15,9.29,-2.51,34.20,-112.64,2.18,-5.59,19.62,11.57,,848.83,756.52,71.02,164.03,-0.51,51.37,768.88,9.16,734.00,-490.23,45.87,1315.54,8.02,0.71,295.57,,,,,,,734.00
Rolex Rings,543325,ROLEXRINGS,INE645S01024,Auto Components,Auto Components & Equipments,185.82,4871.89,280.49,279.41,142.35,0.83,0.00,52.24,60.14,22.34,49.16,39.52,40193.33,49.62,47.75,44.34,5.13,25.16,283.25,4.37,1156.25,1.82,4.38,60.14,193.60,21.16,15.70,4.92,19.76,2.14,189.59,227.24,141.91,59.38,1.89,72.76,67.98,14.48,79.16,1186.34,288.25,848.09,16.42,4.17,304.34,97151.00,75066.00,52250.00,5.40,28.76,13.61,79.16
Rossari Biotech,543213,ROSSARI,INE02A801020,Chemicals & Petrochemicals,Specialty Chemicals,511.70,2833.09,290.63,1620.60,537.84,25.94,435.94,68.14,35.10,4.46,33.60,45.97,-23.65,48.95,32.77,36.88,0.00,18.80,712.36,21.54,2549.85,19.47,28.23,35.10,150.72,13.33,10.77,11.59,5.03,2.66,65.07,137.44,538.10,84.27,8.84,51.56,57.16,-5.86,92.21,1322.27,62.29,1200.80,9.78,2.13,697.20,87580.00,86972.00,91791.00,2.03,14.64,15.19,92.21
Rossell Techsys,544294,ROSSTECH,INE0OJW01016,Aerospace & Defense,Aerospace & Defense,1076.60,4062.35,67.71,1172.00,854.72,8.14,409.41,74.80,7.14,116.36,3.30,7.52,-5.05,13.73,5.41,5.67,0.00,153.41,223.57,77.56,552.37,82.91,77.09,7.14,26.48,11.50,15.72,73.64,4.62,,-82.80,-42.26,852.49,29.42,3.64,55.85,4.08,-12.20,47.50,147.32,0.00,504.38,56.54,26.21,154.46,26662.00,19467.00,15019.00,1.68,0.78,22.74,47.50
Route Mobile,543228,ROUTE,INE450U01017,Telecom - Services,Other Telecom Services,503.35,3171.57,596.06,2389.00,605.96,44.51,41.98,74.85,62.61,17.67,53.21,109.32,-40.09,99.15,102.56,-18.83,0.00,8.96,1136.85,1.56,4508.89,-0.31,9.58,68.55,353.95,17.41,12.58,15.71,5.95,0.98,581.16,602.48,606.99,126.74,14.37,36.78,1332.73,11.56,1388.67,2706.59,16.99,2529.94,3.03,1.15,1151.51,155829.00,158659.00,157406.00,2.40,3.46,19.29,1388.67
RPG LifeScience.,532983,RPGLIFE,INE105J01010,Pharmaceuticals & Biotechnology,Pharmaceuticals,2654.80,4401.50,170.09,3082.00,2347.42,13.86,20.00,72.95,30.57,16.28,26.29,29.08,2.24,37.78,22.13,36.85,0.00,37.73,208.58,14.80,734.29,11.78,15.85,30.57,116.67,25.71,19.31,12.64,15.62,4.58,56.50,77.86,2344.33,44.82,22.84,45.77,139.61,9.67,156.78,592.14,119.69,440.79,23.73,7.25,195.69,23886.00,25282.00,25832.00,0.95,8.68,17.42,156.78
RPSG Ventures,542333,RPSGVENT,INE425Y01011,Commercial Services & Supplies,Business Process Outsourcing (BPO)/ Knowledge Process Outsourcing (KPO),868.40,2888.77,1726.05,1360.00,859.17,26.34,8243.07,63.51,112.13,34.95,83.09,-56.09,451.51,96.00,-136.30,-41.13,0.00,,3156.67,18.30,11928.13,18.53,20.36,253.09,-46.84,10.61,-5.35,-72.76,8.71,0.24,1233.40,1097.50,859.08,475.46,10.44,39.85,950.77,1.82,916.69,2472.67,752.79,4214.03,5.46,1.15,3576.44,39049.00,40488.00,41261.00,4.01,1.98,30.49,916.69
RRPSemiconductor,504346,,INE713N01013,Finance,Other Financial Services,8544.20,11640.62,-7.16,11902.00,5622.90,28.21,5.87,1.28,-0.33,-13.79,-0.29,-0.18,-83.33,,-0.14,-7.15,0.00,,,,-6.82,-125.76,,-0.33,-7.80,-32.66,-61.01,-220.00,,-333.54,4.94,-18.78,5593.54,,,16.57,1.51,-21.38,0.03,-4.98,0.00,16.25,-1647.31,1287.68,0.00,1509.00,1497.00,116.00,0.00,0.00,98.72,0.03
Rubicon Research,544578,RUBICON,INE506V01022,Pharmaceuticals & Biotechnology,Pharmaceuticals,1760.60,29160.57,407.93,1827.50,1074.22,3.66,311.01,59.76,84.78,95.80,43.30,76.79,10.41,117.03,72.80,53.85,0.00,101.17,610.32,48.13,1935.81,46.65,51.59,84.78,288.22,28.35,26.96,89.49,15.87,47.06,205.05,159.18,1067.32,142.65,7.07,69.41,116.23,0.85,346.02,1272.31,26.59,1681.81,62.90,22.55,534.34,43254.00,33738.00,,7.52,9.43,23.29,346.02
S A I L,500113,SAIL,INE114A01011,Ferrous Metals,Iron & Steel,174.90,72347.58,13319.56,293.00,162.51,16.60,31927.71,65.00,1744.55,134.30,744.58,2074.81,-10.43,1417.49,374.03,418.72,0.00,14.98,28108.97,5.26,111134.75,6.45,1.25,1644.05,4830.03,7.79,6.43,58.66,6.65,0.50,19039.30,9914.30,162.38,3463.05,3.43,55.76,966.88,5.03,732.51,56225.35,4339.25,35915.24,7.04,1.20,26245.67,1509426.00,1572361.00,1908384.00,7.09,16.87,11.05,732.51
S C I,523598,SCI,INE109A01011,Transport Services,Shipping,291.15,13575.55,2660.05,384.80,270.00,21.04,2679.25,63.75,619.34,74.87,354.17,404.60,53.07,312.60,404.97,189.16,0.00,8.39,1683.47,25.74,6310.31,16.69,40.31,619.34,1618.07,14.31,15.54,78.54,33.54,0.86,1343.21,849.51,269.79,650.38,6.71,48.90,581.28,2.84,349.03,8630.49,773.60,4810.87,5.37,1.49,1846.56,385658.00,396720.00,463965.00,8.98,2.09,25.20,349.03
S H Kelkar & Co.,539450,SHK,INE500L01026,Chemicals & Petrochemicals,Specialty Chemicals,158.54,2193.15,250.98,362.90,158.28,42.45,1028.92,54.87,25.23,2.66,24.58,2.59,2423.89,20.07,32.63,9.17,8.30,46.44,620.07,11.95,2449.69,9.68,14.11,45.43,47.22,5.85,3.71,-63.89,3.81,1.39,263.13,15.74,158.28,67.43,1.45,51.26,86.78,0.39,64.93,1223.47,11.21,1469.87,11.83,1.61,662.42,55913.00,53911.00,50450.00,5.92,6.01,33.21,64.93
S P Apparels,540048,SPAL,INE212I01016,Textiles & Apparels,Garments & Apparels,923.85,2317.55,229.58,1221.90,856.64,24.39,419.04,61.81,24.91,16.40,21.40,18.48,33.78,32.58,27.01,34.70,0.00,22.06,425.83,-0.35,1576.28,1.48,-0.58,24.87,105.06,14.04,11.19,7.27,6.20,1.61,208.69,44.42,855.97,61.05,12.96,40.03,41.29,2.33,58.90,920.99,57.95,728.40,11.17,2.45,401.08,17353.00,17082.00,16858.00,1.49,16.15,20.55,58.90
Saatvik Green,544526,SAATVIKGL,INE13B501022,Electrical Equipment,Other Electrical Equipment,401.00,5093.72,581.06,580.00,434.80,30.86,939.43,75.99,5.51,-95.36,118.82,62.89,-91.13,85.08,96.92,83.24,0.00,20.49,1280.26,66.69,4143.72,46.52,-44.20,5.36,248.56,32.92,42.43,-21.14,1.05,,-26.72,42.60,435.14,129.48,6.69,34.47,8.48,-16.74,81.75,1335.65,0.00,2073.56,13.37,3.74,511.01,69254.00,78073.00,,0.19,10.97,12.84,81.75
Safari Inds.,523025,SAFARI,INE429E01023,Consumer Durables,Plastic Products - Consumer,1490.20,7306.75,293.15,2837.20,1735.90,40.56,116.55,44.70,47.75,-5.43,50.49,37.47,27.44,55.01,32.89,46.94,0.00,44.27,603.26,13.06,2107.80,13.97,11.51,47.75,165.05,19.27,15.94,10.86,8.11,5.69,173.36,57.32,1738.37,78.42,11.23,39.68,227.42,3.57,270.00,1104.87,13.27,891.61,24.40,6.55,588.58,36853.00,34886.00,36080.00,10.56,28.26,16.47,270.00
Sagar Cements,502090,SAGCEM,INE229C01021,Cement & Cement Products,Cement & Cement Products,162.45,2116.43,306.76,319.00,189.64,45.85,1708.35,48.33,-23.11,-1994.26,1.22,87.60,-128.09,-53.21,-64.10,-44.17,29.99,,673.38,11.88,2685.43,13.42,5.28,-28.10,-35.40,1.97,-1.05,76.99,-3.98,0.76,215.56,233.93,189.91,61.53,-3.35,30.35,164.25,1.02,18.69,1666.78,0.00,759.93,14.49,1.25,706.07,34956.00,34401.00,32950.00,1.61,18.39,31.68,18.69
Sagility,544282,SAGILITY,INE0W2G01015,IT - Services,IT Enabled Services,42.64,19951.78,1862.71,57.90,43.12,26.36,1110.54,50.95,227.25,52.97,148.56,257.73,-15.88,351.45,267.66,250.83,0.00,19.41,2147.22,29.47,7617.39,29.43,27.59,216.81,1027.73,13.41,10.58,54.46,11.57,1.89,1202.97,1214.07,43.12,515.09,0.75,50.14,343.76,9.41,567.92,4979.82,335.87,2608.67,10.48,2.07,1963.48,538679.00,524120.00,401291.00,9.99,21.42,17.65,567.92
Sai Life,544306,SAILIFE,INE570L01029,Pharmaceuticals & Biotechnology,Pharmaceuticals,1471.60,31241.32,680.29,1484.20,1094.49,0.85,288.45,34.53,73.29,21.22,60.46,104.02,-29.69,116.82,100.38,83.84,0.00,84.96,614.87,14.40,2250.36,17.74,11.66,73.29,367.73,19.55,15.39,50.65,13.22,8.86,509.13,314.05,1090.70,172.61,5.50,67.12,463.88,-0.71,110.87,2462.51,50.50,1410.53,44.82,12.55,554.29,125096.00,117527.00,126380.00,19.65,32.71,13.11,110.87
Sai Parenteral's,544742,SAIPARENT,INE0H9F01037,Pharmaceuticals & Biotechnology,Pharmaceuticals,543.40,2401.37,47.22,706.00,487.05,23.03,333.32,51.16,7.92,457.75,1.42,13.16,-39.82,,-6.66,,0.00,115.67,,,381.00,133.60,435.10,7.92,14.26,5.97,4.88,-1.11,4.43,,93.05,33.15,486.49,,,46.19,2.09,-14.08,416.97,468.68,0.00,821.98,49.08,,178.67,9312.00,7687.00,,4.03,8.52,36.29,416.97
Saksoft,590051,SAKSOFT,INE667G01023,IT - Software,Computers - Software & Consulting,163.72,2167.09,206.72,321.76,165.80,28.72,43.68,66.72,29.29,-9.46,32.35,35.93,-18.48,45.62,29.02,35.97,0.00,16.18,272.02,5.24,1006.74,8.13,-0.18,29.29,133.92,25.48,19.55,15.89,11.78,1.57,171.10,111.00,165.82,50.94,3.44,45.49,197.31,17.09,250.78,766.17,0.00,514.39,9.57,2.79,248.62,113003.00,108388.00,115512.00,2.18,0.01,28.07,250.78
Sambhv Steel,544430,SAMBHV,INE12NJ01018,Industrial Products,Iron & Steel Products,131.38,3873.29,283.59,149.40,109.94,7.18,378.14,56.11,56.61,69.49,33.40,55.78,1.49,68.83,24.13,29.97,0.00,23.26,828.44,42.79,2586.79,48.73,31.07,56.61,166.49,19.07,18.47,149.65,7.73,2.65,215.82,127.38,109.73,95.57,2.34,65.98,16.19,-7.64,83.92,760.76,165.23,963.17,13.43,3.67,732.17,69951.00,71309.00,130812.00,1.53,3.17,39.17,83.92
Samhi Hotels,543984,SAMHI,INE08U801020,Leisure Services,Hotels & Resorts,160.39,3565.98,461.76,254.60,171.68,29.95,1854.34,0.00,18.25,-7.90,19.82,332.00,-93.76,42.22,48.14,99.79,0.00,8.49,326.83,11.56,1280.79,11.84,12.12,24.93,420.26,8.90,24.48,243.36,8.17,1.11,406.98,357.04,171.79,112.25,1.39,38.47,69.97,4.68,193.88,2159.97,0.00,331.80,11.40,1.63,305.21,83908.00,88889.00,93568.00,44.62,17.35,38.03,193.88
Sammaan Capital,535789,SAMMAANCAP,INE148I01020,Finance,Housing Finance Company,150.23,17447.59,3421.54,1283.57,155.45,22.14,51853.07,28.34,243.30,-27.22,334.30,-1602.24,103.00,-436.57,314.08,308.47,0.00,,1811.19,-19.52,7417.73,-17.09,-31.18,243.30,-736.39,4.92,-3.18,59.09,14.73,1.14,-7465.88,8771.63,155.51,1081.08,-3.76,36.69,4733.53,0.64,10960.42,18762.71,17518.17,16458.41,17.07,0.92,1651.93,399460.00,407005.00,439244.00,19.60,7.94,42.71,10960.42
Samvardh. Mothe.,517334,MOTHERSON,INE775A01035,Auto Components,Auto Components & Equipments,169.58,178919.19,13002.90,173.27,131.74,2.13,19169.70,48.60,1032.05,81.52,568.57,1631.70,-31.12,1318.32,1072.27,845.63,2.34,39.15,34836.35,15.46,131135.44,14.02,16.65,1075.66,4569.80,13.43,11.24,35.30,3.05,2.22,11284.00,6286.20,131.36,3181.01,1.20,71.75,6288.80,6.14,8233.90,39924.20,7238.00,52034.50,14.08,4.37,35243.77,1193976.00,1220691.00,1303287.00,12.87,20.59,17.67,8233.90
Sanathan Textile,544314,SANATHAN,INE0JPD01013,Textiles & Apparels,Other Textile Products,461.25,3902.28,309.37,564.00,443.14,16.43,1512.08,78.58,23.82,-41.08,40.43,21.57,10.43,27.56,-4.77,20.12,0.00,64.25,1328.16,62.37,4400.58,48.53,79.08,23.82,60.74,6.89,3.78,-59.72,1.78,1.00,322.41,383.35,442.95,100.99,3.27,47.80,138.49,-15.19,169.04,1787.67,0.00,1525.73,15.26,2.08,1334.74,24885.00,26483.00,31997.00,1.47,12.73,7.23,169.04
Sandhar Tech,541163,SANDHAR,INE278H01035,Auto Components,Auto Components & Equipments,648.00,3896.68,520.66,764.10,575.50,15.19,1147.61,70.38,37.28,33.10,28.01,63.82,-41.59,61.91,33.45,73.38,0.00,18.61,1609.60,26.70,5143.89,26.63,26.77,37.28,209.39,14.41,16.24,50.85,2.70,1.43,209.91,246.97,574.77,140.28,10.29,54.08,81.31,-1.29,51.16,1272.94,66.97,1543.12,9.32,2.93,1381.89,45879.00,41860.00,39063.00,2.09,14.82,12.71,51.16
Sandur Manganese,504918,SANDUMA,INE149K01016,Ferrous Metals,Iron & Steel,196.95,9573.84,1276.09,273.00,203.34,27.86,999.36,74.22,227.09,36.28,166.63,235.78,-3.57,322.11,115.83,138.87,0.00,12.91,1868.95,51.66,5327.82,45.22,21.09,227.85,741.52,24.23,23.03,50.62,16.57,1.22,1142.72,840.55,203.40,438.38,6.60,39.36,44.95,13.59,87.93,2767.58,280.78,1627.13,7.90,2.94,1374.78,87803.00,85207.00,55747.00,1.73,0.58,23.47,87.93
Sangam India,514234,SANGAMIND,INE495C01010,Textiles & Apparels,Other Textile Products,578.05,2900.23,323.00,675.95,508.68,14.48,1222.32,70.52,40.58,618.23,5.65,34.76,17.29,43.11,24.10,23.78,0.00,23.08,861.25,11.00,3249.28,10.82,7.61,39.35,125.65,10.67,8.70,442.53,4.80,0.89,248.64,433.42,507.98,93.15,9.57,42.53,49.86,-0.39,65.48,1025.90,192.97,1448.51,11.24,2.42,845.54,9684.00,9333.00,10589.00,2.50,0.09,25.04,65.48
Sanghvi Movers,530073,SANGHVIMOV,INE989A01032,Commercial Services & Supplies,Diversified Commercial Services,490.70,4245.73,410.29,747.48,369.49,7.83,673.55,47.25,65.25,29.82,50.26,68.42,-5.15,53.31,28.97,36.27,0.00,20.71,278.08,32.48,1176.76,30.05,38.89,65.25,204.97,15.63,13.90,23.26,17.19,,278.01,161.70,368.27,100.45,6.16,56.05,54.22,,128.53,1301.70,86.62,753.87,10.39,3.24,379.67,57904.00,60472.00,68561.00,1.81,1.40,49.53,128.53
Sanofi Consumer,544250,SANOFICONR,INE0UOS01011,Pharmaceuticals & Biotechnology,Pharmaceuticals,4213.10,9697.06,327.40,5954.00,4600.70,21.89,20.80,71.27,68.80,23.65,55.64,67.80,1.47,105.30,66.50,62.90,0.00,36.46,296.47,26.75,949.80,31.17,6.70,68.80,266.00,89.93,71.60,34.44,29.19,,174.80,439.00,4604.59,110.14,45.72,23.51,326.90,56.20,375.20,324.90,0.00,663.40,24.78,27.89,235.70,47511.00,48418.00,49632.00,2.60,17.85,8.28,490.60
Sanofi India,500674,SANOFI,INE058A01010,Pharmaceuticals & Biotechnology,Pharmaceuticals,3321.00,7642.07,510.90,7600.00,3790.03,37.23,14.70,60.40,83.50,20.14,69.50,102.60,-18.62,111.68,61.70,76.00,0.00,22.30,450.79,-5.18,1805.20,-8.88,7.73,83.50,342.77,57.51,43.03,-3.86,19.08,1.46,438.30,461.70,3794.75,121.41,48.55,50.42,294.80,42.90,274.90,803.00,0.00,965.00,14.55,9.25,437.70,80005.00,75758.00,66790.00,5.69,19.87,14.05,368.70
Sansera Enginee.,543358,SANSERA,INE953O01021,Auto Components,Auto Components & Equipments,3900.20,24335.83,621.25,4040.40,2564.20,3.47,370.48,29.21,99.30,64.54,60.35,103.97,-16.63,117.55,63.50,70.35,0.00,69.79,961.63,28.83,3341.47,23.53,36.43,86.68,348.70,13.65,10.65,61.41,10.90,6.87,320.47,321.37,2550.77,181.68,18.84,64.96,417.89,-3.36,385.54,3049.42,195.49,1680.77,35.38,7.94,911.17,104350.00,94980.00,78921.00,21.52,31.04,18.18,385.54
Sanstar,544217,SANSTAR,INE08NE01025,Agricultural Food & other Products,Other Agricultural Products,105.23,2109.21,49.44,158.80,102.06,23.47,19.90,64.18,9.21,2808.82,-0.34,20.49,-55.05,7.39,13.67,0.63,0.00,47.94,206.47,5.11,821.13,-0.13,21.51,9.21,44.00,5.69,5.09,63.20,4.47,3.51,89.90,38.74,102.03,10.90,0.37,36.27,214.28,-5.48,133.49,657.48,27.51,355.28,30.52,2.76,206.16,73384.00,82066.00,98828.00,0.29,0.27,35.24,133.49
Sapphire Foods,543397,SAPPHIRE,INE806T01020,Leisure Services,Restaurants,241.35,7756.91,501.51,401.00,211.92,30.63,1417.13,26.06,14.04,880.00,-1.80,-1.43,211.01,-9.22,-4.81,-12.79,0.00,3151.51,828.82,11.64,3239.45,10.17,14.69,14.02,2.46,3.98,-1.03,-85.80,1.57,1.38,507.03,508.00,211.63,124.87,-0.29,74.55,78.27,6.04,68.11,1326.33,3.10,335.30,17.26,5.58,890.96,58178.00,56668.00,51421.00,25.25,41.92,6.75,68.11
Sarda Energy,504614,SARDAEN,INE385C01021,Ferrous Metals,Iron & Steel,509.35,17934.53,2024.52,639.95,518.04,20.41,2631.92,73.16,458.25,5.50,434.36,157.99,208.17,380.11,189.88,327.77,0.00,15.98,1565.16,2.45,5665.38,5.90,-1.54,478.13,1122.41,17.39,16.09,19.96,29.73,1.44,1734.84,885.70,518.12,537.04,10.34,49.65,608.23,7.83,864.49,7334.76,1645.44,4417.49,9.43,2.44,1608.04,91188.00,90809.00,85676.00,3.51,3.47,19.84,864.49
Saregama India,532163,SAREGAMA,INE979A01025,Entertainment,Media & Entertainment,520.20,10032.91,379.60,688.90,436.01,9.51,72.58,60.84,51.56,40.64,36.66,76.50,-30.02,60.98,51.25,43.83,0.00,43.96,247.73,7.69,1041.45,-11.20,27.48,51.88,228.22,17.76,13.02,13.90,19.68,5.63,100.02,331.20,435.17,84.17,3.14,52.64,543.70,1.13,149.27,1673.40,378.56,892.52,24.50,5.93,263.60,71163.00,68640.00,70281.00,11.50,8.60,18.63,149.27
Sasken Technol.,532663,SASKEN,INE231F01020,IT - Services,IT Enabled Services,1874.10,2842.06,124.74,2785.05,1682.08,32.71,28.11,42.94,24.86,163.35,9.44,26.99,-18.90,19.25,9.14,10.50,0.00,38.52,434.21,69.95,1178.88,68.15,24.02,23.52,73.78,9.90,7.00,77.43,6.93,7.20,-22.83,-57.16,1680.15,35.93,12.67,45.13,38.76,-1.93,96.80,839.56,277.09,446.00,18.91,3.33,339.24,26777.00,24143.00,24721.00,19.11,1.39,36.49,96.80
Satin Creditcare,539404,SATIN,INE836B01017,Finance,Microfinance Institutions,226.98,2515.74,1773.88,671.34,198.61,17.22,10991.46,36.17,122.67,172.00,45.10,162.02,-24.31,212.48,71.91,53.16,0.00,6.14,973.12,23.51,3209.34,20.69,8.39,122.65,409.76,13.84,12.29,225.36,16.09,-0.24,-973.81,-563.40,198.32,534.64,19.23,41.29,1374.78,-9.70,2251.06,2753.35,151.23,2662.82,6.14,0.88,762.14,37727.00,44277.00,49904.00,4.88,6.32,52.23,2251.06
Savita Oil Tech,524667,SOTL,INE035D01020,Petroleum Products,Lubricants,688.55,4723.10,271.50,814.80,483.48,15.49,1.78,68.93,292.25,395.59,58.97,50.34,480.55,161.72,40.88,43.66,0.00,11.06,1430.60,32.97,4853.24,26.15,49.60,292.25,427.13,13.96,8.88,204.14,19.75,2.76,138.24,63.56,481.41,173.85,23.59,55.47,73.70,5.47,134.79,1827.31,474.61,2032.64,7.46,2.56,1479.77,33511.00,32524.00,34013.00,1.02,13.18,16.86,134.79
SBFC Finance,543959,SBFC,INE423Y01016,Finance,Non Banking Financial Company (NBFC),93.99,10414.91,1163.32,123.00,95.23,23.59,7161.71,52.31,130.12,28.97,100.89,122.77,5.99,197.51,118.04,109.14,0.00,21.69,521.53,26.96,1781.86,27.63,26.53,130.12,480.07,11.82,13.05,30.68,26.48,-0.64,-1892.70,-1415.26,95.24,356.19,1.78,55.16,429.36,-15.52,645.03,2619.45,192.44,755.70,13.80,2.79,491.47,134577.00,138467.00,142155.00,7.22,20.72,19.69,645.03
SBI,500112,SBIN,INE062A01020,Banks,Public Sector Bank,1048.00,969773.27,433862.51,1234.80,1009.09,15.13,6894110.87,55.47,24113.00,13.73,21201.47,19642.87,22.49,29878.90,22175.72,21860.59,0.00,11.54,135576.14,5.89,525747.06,5.52,8.36,25120.89,84014.25,6.13,15.38,5.76,18.44,5.04,38097.39,45484.01,1008.69,62966.47,31.07,49.15,208893.69,0.41,247107.52,621016.67,2400494.73,849579.05,17.65,1.56,136240.49,3898366.00,3763427.00,3754459.00,10.81,26.52,7.06,212013.35
SBI Cards,543066,SBICARD,INE018E01016,Finance,Non Banking Financial Company (NBFC),647.05,61315.48,6120.94,1165.00,701.71,32.95,44063.73,68.86,664.44,19.51,555.96,609.30,9.05,848.68,556.64,444.77,0.00,26.95,5280.97,6.45,20063.29,7.92,3.36,664.44,2275.15,10.10,14.69,21.16,13.18,-1.34,493.03,-2140.46,702.26,1425.32,8.92,52.67,2738.19,-4.20,2319.78,14773.90,6373.73,4292.49,16.64,3.92,5040.55,729862.00,705597.00,774642.00,8.98,18.13,4.02,2319.78
SBI Funds Mgt.,544829,SBIFUNDS,INE640G01020,Capital Markets,Asset Management Company,555.50,113186.64,4072.73,625.00,602.04,11.12,0.00,88.19,880.26,3.70,848.84,634.46,38.74,,,,0.00,36.53,,,4965.70,17.27,15.16,880.26,3067.33,56.50,43.02,20.76,76.36,5.57,2487.60,1992.38,602.51,,,28.58,92.35,26.93,108.40,5759.38,5704.37,324.88,27.76,,1152.73,2477778.00,,,1.43,2.97,7.40,108.40
SBI Life Insuran,540719,SBILIFE,INE123W01016,Insurance,Life Insurance,1782.00,178270.46,2812.27,2132.90,1858.55,16.45,0.00,55.32,724.93,21.97,594.37,804.64,-9.91,-542.94,576.74,494.59,0.00,68.54,34074.61,47.41,119655.76,-1.30,18.82,724.93,2600.90,14.95,13.70,4.53,1.56,0.51,34522.67,25546.65,1859.32,-543.39,-5.41,36.67,1846.63,164.09,3207.94,19117.74,524154.39,8401.62,62.37,8.89,46336.78,357321.00,354662.00,355321.00,20.95,19.67,4.06,1526.74
Schaeffler India,505790,SCHAEFFLER,INE513A01022,Auto Components,Auto Components & Equipments,4049.30,63272.00,1948.26,4951.00,4023.80,9.36,33.72,74.13,336.73,13.67,296.23,319.71,5.32,439.84,327.96,306.65,0.00,49.01,2819.74,19.47,10191.57,19.24,17.50,336.73,1291.05,27.90,20.80,22.02,12.56,5.83,1342.52,884.32,4023.54,538.10,28.14,45.77,1349.49,8.12,1840.84,6225.26,90.90,5680.60,29.61,10.12,2681.41,68487.00,66745.00,71705.00,4.36,16.21,5.29,1504.23
Schneider APW,544786,,INE155D01018,Industrial Manufacturing,Industrial Machinery,1962.45,2373.78,57.72,2718.75,841.48,27.82,1.29,74.12,4.47,-45.09,8.14,6.67,-51.04,7.83,12.14,8.32,0.00,68.39,93.08,-0.51,400.04,-9.76,16.88,4.47,34.71,23.88,17.71,-28.30,4.08,,38.42,38.56,830.22,9.13,6.47,41.92,74.29,8.45,106.32,225.62,0.00,282.47,42.87,9.99,109.53,2141.00,,,0.00,0.25,25.64,106.32
Schneider Elect.,534139,SCHNEIDER,INE839M01018,Electrical Equipment,Heavy Electrical Equipment,1242.60,29688.07,388.92,1548.30,1098.28,19.74,632.77,75.00,12.44,-69.84,41.24,15.49,-43.38,45.48,97.03,52.32,0.00,153.23,705.27,8.48,2920.36,9.56,4.78,12.44,193.75,29.65,38.22,-21.69,1.91,12.77,224.50,307.89,1096.83,69.44,1.90,40.89,258.43,13.80,357.85,642.08,0.00,1679.66,84.14,43.07,651.36,117705.00,106662.00,114958.00,3.42,4.65,16.91,357.85
SEAMEC Ltd,526807,SEAMECLTD,INE497B01018,Transport Services,Shipping,1699.00,4320.50,447.22,1721.05,1348.87,1.28,352.92,72.72,81.22,7.19,75.77,103.48,-21.56,10.01,99.76,-25.73,0.00,16.82,159.00,63.21,1038.46,60.32,40.77,81.34,256.84,20.04,21.77,122.39,27.39,1.88,321.30,298.52,1345.35,47.87,3.93,79.33,140.15,2.27,188.30,1276.09,367.00,584.25,9.45,3.32,296.92,18049.00,16623.00,17128.00,5.93,4.39,16.95,188.30
Sedemac Mechatro,544723,SEDEMAC,INE00XB01019,Auto Components,Auto Components & Equipments,3261.40,14403.54,220.50,3350.00,2117.74,2.64,72.44,26.23,33.31,95.14,17.07,32.08,3.83,,24.33,,0.00,122.49,,,1058.38,60.76,42.51,33.31,101.35,35.31,26.93,116.56,10.75,15.71,128.02,90.91,2106.24,,,73.05,8.25,-3.57,64.39,405.04,0.00,415.54,65.36,32.06,309.77,25697.00,18127.00,,4.27,39.81,29.70,64.39
Senco Gold,543936,SENCO,INE602W01027,Consumer Durables,"Gems, Jewellery And Watches",336.30,5511.16,1063.70,772.00,346.47,21.79,2699.11,64.48,101.14,-3.35,104.65,156.88,-35.53,112.59,264.00,48.78,0.00,9.66,2368.83,54.21,9659.79,43.10,67.34,101.14,570.80,21.24,25.60,168.38,3.31,-1.87,-789.27,-221.20,346.58,203.24,6.87,37.10,590.85,-8.39,516.64,2431.78,0.22,6477.77,7.16,2.19,3056.03,150103.00,158119.00,171162.00,6.88,13.54,15.11,516.64
Senores Pharma.,544319,SENORES,INE0RB801010,Pharmaceuticals & Biotechnology,Pharmaceuticals,1513.30,6960.76,215.38,1577.50,1042.57,4.07,342.03,45.82,30.72,55.70,19.73,31.61,-16.96,51.33,33.58,30.12,2.81,55.08,238.00,47.13,688.11,50.95,30.60,30.45,126.37,15.13,13.42,86.99,16.90,-131.96,62.05,-45.92,1037.84,70.78,11.15,63.15,385.50,-13.24,159.61,887.55,4.29,812.43,30.47,7.46,180.21,36498.00,34126.00,36389.00,6.62,9.77,37.78,159.61
Seshaasai Tech.,544533,STYL,INE04VU01023,Financial Technology (Fintech),Financial Technology (Fintech),401.35,6493.22,397.87,437.45,320.07,8.25,82.45,81.80,61.75,68.35,36.68,82.56,-25.21,87.95,66.61,57.88,0.00,24.16,394.87,12.39,1505.90,6.58,21.02,61.75,268.80,27.98,23.57,23.06,16.41,3.70,225.19,165.49,319.26,102.25,5.44,57.95,123.71,5.76,410.44,1268.04,50.12,1008.25,14.67,4.54,376.22,80072.00,81803.00,,0.29,7.74,10.17,410.44
SG Finserve,539199,SGFIN,INE618R01015,Finance,Non Banking Financial Company (NBFC),684.65,4513.13,306.75,748.00,530.66,5.97,2704.16,56.95,53.68,118.92,24.52,42.27,26.99,85.54,32.47,28.40,0.00,28.78,151.20,102.36,402.08,106.13,101.38,53.68,156.82,9.32,10.32,82.09,39.44,-0.50,-1571.48,-491.71,529.12,140.03,12.98,55.31,61.85,-27.36,204.11,1394.95,0.21,244.39,18.76,3.06,136.11,28150.00,26403.00,30921.00,0.54,2.18,40.34,204.11
SG Mart,512329,SGMART,INE385F01024,Metals & Minerals Trading,Trading - Metals,805.20,10115.61,205.77,824.10,538.77,2.29,267.92,57.90,45.58,41.07,32.31,41.47,9.91,42.14,10.74,26.54,0.00,81.36,1944.67,14.11,6480.09,10.46,14.41,45.58,124.33,10.24,7.92,13.61,3.48,,258.11,-391.01,536.09,54.69,3.34,76.93,1144.80,-10.48,984.13,1583.93,0.00,1721.04,43.13,6.35,1308.57,20309.00,22031.00,31450.00,1.90,4.11,36.09,984.13
Sh.Renuka Sugar,532670,RENUKA,INE087H01022,Agricultural Food & other Products,Sugar,26.13,5561.74,155.70,123.61,25.34,22.00,7174.40,62.48,-251.10,4.52,-263.00,-122.20,-107.17,-314.50,-38.10,-369.30,0.00,,2354.31,-2.83,9364.90,-5.13,5.47,-251.50,-780.20,-3.12,,-96.38,-11.86,0.88,-121.80,950.43,25.33,-61.48,-1.48,78.90,79.00,9.48,60.50,-2889.50,50.00,3199.30,76.04,,2120.20,741824.00,742465.00,802293.00,2.16,9.14,26.18,60.50
Shadowfax Technologies,544685,SHADOWFAX,INE12UN01015,Transport Services,Logistics Solution Provider,258.00,15112.74,241.80,268.65,172.05,3.96,233.96,16.51,66.20,624.29,9.14,55.27,19.78,,36.53,14.23,0.00,87.75,,,4608.28,65.38,66.33,66.20,172.23,9.66,10.72,1751.77,5.00,18.93,342.36,50.08,171.19,,,64.53,183.68,4.87,673.08,1166.43,404.55,1617.15,46.09,8.59,1323.85,67373.00,78607.00,,8.78,19.10,55.62,673.08
Shaily Engineer.,501423,SHAILY,INE151G01028,Consumer Durables,Plastic Products - Consumer,3350.00,15405.89,273.00,3615.20,2550.27,7.34,175.20,41.09,52.47,45.87,35.97,48.68,7.79,66.13,35.64,41.03,0.00,86.64,284.27,20.65,970.88,22.25,22.07,52.47,177.82,30.17,28.16,83.13,19.10,11.69,216.35,95.61,2542.24,83.59,14.38,62.34,8.46,2.20,7.37,640.27,11.49,395.70,52.46,23.70,274.78,56755.00,52325.00,23648.00,18.18,14.84,25.89,7.37
Shakti Pumps,531431,SHAKTIPUMP,INE908D01010,Industrial Products,"Compressors, Pumps & Diesel Engines",506.20,6245.78,446.88,1398.00,597.92,44.68,505.28,50.36,51.59,-46.72,96.83,38.33,34.59,91.31,31.70,90.71,0.00,29.42,830.42,24.62,2933.78,14.10,37.94,51.59,212.33,23.64,17.99,-48.53,6.01,10.00,124.05,20.48,598.85,114.77,7.40,40.13,169.42,-2.78,684.01,1582.16,0.00,2571.29,15.39,3.66,858.67,256595.00,247997.00,234697.00,5.08,2.39,42.15,684.01
Shankara Buildpro,544517,BUILDPRO,INE24OJ01011,Retailing,Speciality Retail,1263.10,3057.89,228.32,1380.00,1038.41,8.47,60.81,40.17,35.61,11.04,32.07,41.36,-13.78,51.05,25.00,29.39,0.00,23.00,1996.76,25.19,7147.36,26.33,20.51,35.78,132.96,39.02,25.86,42.05,1.89,,89.53,68.48,1036.15,64.61,20.95,53.21,23.37,7.01,64.34,521.39,0.00,1542.37,12.88,5.61,1889.79,24246.00,25343.00,,9.27,13.24,36.88,64.34
Shanthi Gears,522034,SHANTIGEAR,INE631A01022,Industrial Manufacturing,Industrial Products,386.90,2965.07,123.77,703.55,451.69,35.40,0.00,70.47,9.85,-56.59,22.69,18.62,-39.46,14.98,16.19,21.51,0.00,44.04,111.11,-15.77,499.32,-16.88,-14.38,9.85,67.32,25.55,19.00,-30.64,8.53,4.02,70.10,90.87,452.35,19.04,1.95,26.09,64.76,8.10,75.21,432.39,75.49,334.33,26.61,6.74,115.49,28529.00,28913.00,29010.00,3.13,0.23,26.16,75.21
Shanti Educat.,539921,SEIL,INE440T01028,Other Consumer Services,Education,210.81,3392.91,10.02,240.40,180.39,12.31,5.94,49.88,2.82,-2.76,2.90,0.98,187.76,1.22,-0.61,2.62,0.00,583.98,12.47,9.16,56.72,-11.82,7.52,2.82,5.81,10.31,7.99,-15.55,17.30,,-0.19,-3.11,180.08,1.92,0.08,54.16,3.28,-5.00,1.73,60.51,9.55,30.29,332.72,44.30,16.30,6931.00,6725.00,4010.00,25.67,0.00,24.44,1.73
Sharda Cropchem,538666,SHARDACROP,INE221J01015,Fertilizers & Agrochemicals,Pesticides & Agrochemicals,763.45,6878.06,1178.31,1297.80,908.51,41.17,0.00,74.82,88.04,-38.34,142.78,318.64,-72.38,107.58,145.11,74.35,0.00,10.99,1086.28,16.92,5356.54,18.52,9.03,88.02,626.11,30.25,23.17,49.11,8.20,1.25,655.69,603.62,909.97,186.23,11.92,22.23,220.35,5.17,219.89,3046.27,361.45,4076.65,5.77,2.20,1073.77,63572.00,61155.00,62030.00,3.12,9.18,12.88,219.89
Sharda Motor,535602,SHARDAMOTR,INE597I01028,Auto Components,Auto Components & Equipments,922.40,5295.85,508.61,1477.96,888.46,22.48,49.16,64.31,86.53,4.61,82.72,89.27,-3.23,98.16,81.35,74.70,0.00,15.80,1018.90,29.43,3651.59,25.60,33.70,86.53,335.20,35.96,27.94,4.49,8.56,2.13,362.90,270.56,888.12,117.88,17.10,57.05,201.40,23.57,94.85,1301.55,1136.14,1662.20,10.15,4.03,1011.07,38665.00,37220.00,35839.00,1.73,11.99,21.97,94.85
Share India Sec.,540725,SHAREINDIA,INE932X01026,Capital Markets,Stockbroking & Allied,175.28,3827.06,588.96,407.99,158.56,16.93,694.88,48.62,124.15,47.48,84.18,57.83,114.35,156.72,88.81,93.22,57.80,10.53,461.65,35.40,1576.93,14.62,31.25,124.41,363.44,18.41,13.02,17.62,27.76,-6.18,-182.40,5.85,158.39,198.74,7.15,53.92,2459.76,-5.47,3129.80,2591.17,228.19,4461.56,2.14,1.46,448.09,66409.00,67413.00,72772.00,1.87,0.48,49.03,3129.80
Sheela Foam,540203,SFL,INE916U01025,Consumer Durables,"Furniture, Home Furnishing",666.20,7279.95,442.83,2027.51,656.02,19.97,907.98,65.39,56.85,769.22,6.54,80.17,-32.07,47.67,52.57,9.96,0.00,35.77,1053.86,20.45,4031.37,16.82,25.63,62.34,203.54,6.11,4.80,261.53,5.59,1.97,409.32,247.39,655.92,109.72,4.30,35.66,47.48,-10.44,36.39,3197.36,587.88,995.12,16.71,2.24,1031.94,68569.00,66611.00,65046.00,4.17,18.52,11.92,36.39
Shilchar Tech.,531201,SHILCTECH,INE024F01011,Electrical Equipment,Other Electrical Equipment,3867.20,4418.22,216.54,6125.00,4260.93,28.37,0.00,62.12,20.86,-49.72,41.49,28.39,-26.52,36.38,42.34,45.94,0.00,32.13,154.30,-9.92,627.80,-6.98,-15.21,20.86,137.53,50.74,37.78,-16.32,15.50,5.19,192.02,39.56,4264.88,37.59,31.80,35.96,36.74,20.41,43.98,479.41,201.97,300.65,23.14,9.01,134.61,43353.00,43953.00,42591.00,2.57,1.95,33.37,43.98
Shilpa Medicare,530549,SHILPAMED,INE790G01031,Pharmaceuticals & Biotechnology,Pharmaceuticals,820.95,16065.24,457.00,835.15,494.32,1.70,659.86,40.13,100.88,115.14,46.89,85.40,-6.41,94.18,44.58,44.07,8.73,56.50,498.74,34.81,1683.02,27.95,44.90,100.88,284.35,10.88,8.99,116.95,21.66,7.17,342.18,132.27,491.04,143.88,4.82,76.87,28.57,-2.02,45.18,2571.64,57.94,1109.77,32.72,6.20,465.78,60926.00,53410.00,48636.00,11.39,8.05,40.42,45.18
Shiprocket,544871,SHIPROCKET,INE0FOO01011,Transport Services,Logistics Solution Provider,141.65,10302.55,-13.30,156.90,143.43,9.72,344.78,0.00,,,,,,,,,,,,,2024.14,24.03,,,-75.99,-2.68,-5.14,-2.08,,-12.03,52.64,1.90,143.45,,,,501.75,-3.80,188.15,888.06,15.59,1016.56,-786.40,,,120633.00,,,4.65,13.69,76.39,188.15
Shivalik Bimetal,513097,SBCL,INE386D01027,Industrial Products,Iron & Steel Products,1025.35,5891.51,146.66,1105.05,637.23,7.21,71.14,33.61,32.82,44.07,22.78,26.05,26.72,33.94,22.18,24.85,0.00,55.27,170.43,24.04,616.46,18.79,33.38,33.01,106.59,26.57,21.82,29.97,18.01,8.44,54.89,93.59,633.33,39.37,5.89,69.86,79.04,8.71,104.70,469.83,16.21,428.88,36.50,12.27,182.20,65391.00,60956.00,67484.00,2.04,14.54,49.81,104.70
Shoppers Stop,532638,SHOPERSTOP,INE498B01024,Retailing,Diversified Retail,419.90,4634.76,795.36,943.65,391.27,26.59,3316.68,66.06,-14.25,9.47,-15.74,-15.05,12.84,-22.82,16.12,-20.11,9.73,,1384.54,10.18,5173.64,9.62,11.22,-14.25,-18.81,7.03,-6.37,-205.38,-1.10,0.65,837.68,548.52,390.98,198.72,-2.07,59.94,14.02,13.45,12.71,235.95,0.01,2710.93,9.83,15.89,1291.41,26432.00,27006.00,28806.00,1.92,25.70,6.34,12.71
Shree Cement,500387,SHREECEM,INE070A01015,Cement & Cement Products,Cement & Cement Products,24300.00,87604.23,5249.56,32508.20,26106.48,21.49,1868.14,62.56,529.19,-17.66,642.66,525.69,0.68,349.65,267.65,309.82,0.00,53.74,5396.47,13.35,21895.72,12.63,18.03,531.12,1630.09,10.27,7.51,9.64,8.52,2.03,3794.07,4920.33,26124.63,1113.15,96.56,31.60,293.58,4.18,341.79,23231.45,10271.55,6749.89,17.09,3.77,6233.13,27345.00,29592.00,25592.00,8.21,16.42,12.57,341.79
Shreeji Ship. Gl,544490,SHREEJISPG,INE1B6101010,Transport Services,Shipping,613.35,9999.52,243.03,704.90,444.49,12.99,278.08,90.00,44.29,19.06,37.20,40.32,9.85,47.51,32.47,42.70,0.00,62.58,203.61,25.54,757.04,23.06,29.57,44.29,159.79,26.35,27.46,20.59,21.21,,190.99,138.79,442.80,60.76,2.92,48.54,115.25,7.33,420.55,605.96,0.00,689.51,39.18,13.00,208.85,26167.00,27548.00,,0.46,1.08,8.46,420.55
Shrem InvIT,,SHREMINVIT,INE0GTI23014,Construction,Civil Construction,101.00,6169.53,1424.91,118.00,102.46,5.83,7594.99,,156.28,-33.14,233.75,280.56,-45.39,108.89,132.29,205.96,48.40,7.96,482.01,-15.38,2071.02,-15.38,-5.37,153.95,775.11,9.54,13.31,-24.75,30.36,-0.68,2221.09,385.60,102.47,273.13,1.78,48.30,247.07,2.83,347.02,-230.98,583.03,1960.36,9.80,1.03,507.14,,,,,,,347.02
Shringar House,544512,SHRINGARMS,INE1B3L01017,Consumer Durables,"Gems, Jewellery And Watches",223.98,2155.38,163.35,266.50,213.41,15.95,189.09,74.80,34.00,19.26,28.51,34.01,-0.03,63.47,30.13,22.85,0.00,17.81,935.90,76.99,2461.71,65.06,64.90,34.00,120.99,26.83,26.29,66.58,6.20,-2.70,-281.72,-7.09,213.30,67.28,6.58,46.87,3.10,-17.63,127.24,581.36,0.00,818.23,12.86,3.19,548.49,26966.00,26679.00,,2.92,2.72,19.53,127.24
Shriram Finance,511218,SHRIRAMFIN,INE721A01047,Finance,Non Banking Financial Company (NBFC),1128.20,265727.89,35590.47,1153.70,954.53,2.21,250691.96,20.30,3452.77,59.89,2159.45,3021.36,14.29,4657.50,2529.65,2314.16,0.00,23.48,13561.46,13.84,49997.06,14.20,16.16,3452.77,11318.03,11.49,16.39,33.03,25.77,-0.93,-13281.43,-43651.90,952.78,10048.00,19.79,60.50,21365.74,-9.74,7943.13,65542.28,14993.05,17029.71,13.72,3.22,13400.43,352550.00,334705.00,253512.00,54.75,19.90,5.03,7943.13
Shyam Metalics,543299,SHYAMMETL,INE810G01011,Industrial Products,Iron & Steel Products,996.80,27857.63,2536.91,1090.00,916.37,8.55,1005.07,74.59,345.07,18.11,292.15,319.09,12.58,366.42,197.51,260.45,0.00,24.80,5511.87,23.38,19584.31,22.80,23.45,350.73,1123.16,13.01,9.70,21.54,6.43,1.29,2023.56,1713.43,915.56,711.02,12.92,48.30,68.25,-2.99,105.66,11244.52,1582.11,6834.63,10.59,2.41,5455.09,100443.00,101423.00,113869.00,2.97,13.75,8.42,105.66
Siemens,500550,SIEMENS,INE003A01024,Electrical Equipment,Heavy Electrical Equipment,3880.00,138844.24,3610.40,4662.04,3497.64,5.32,306.60,75.00,343.38,-18.59,421.80,354.91,478.59,493.75,277.80,485.40,0.00,92.36,5589.38,14.06,18062.30,13.21,14.75,2143.10,1503.29,21.44,19.22,-11.55,7.29,11.29,-535.40,1654.70,3493.80,596.42,13.86,54.21,9567.90,4.04,5611.80,13769.00,1.40,16578.70,57.34,9.98,4713.70,257203.00,258262.00,292881.00,6.47,9.10,9.45,5611.80
Siemens Ener.Ind,544390,ENRIN,INE1NPP01017,Electrical Equipment,Heavy Electrical Equipment,3435.30,122317.00,1637.20,3968.00,3192.41,13.42,215.70,75.00,440.90,67.83,262.70,374.60,17.70,,312.90,359.60,0.00,80.13,,,9436.30,,39.28,440.90,1526.52,67.75,50.47,368610.00,17.74,,3670.10,0.00,3189.97,,,49.08,0.01,,3462.00,4740.60,0.00,9081.40,53.87,25.42,2485.60,239615.00,237745.00,245890.00,7.72,6.44,10.82,3295.00
Sigma Advanced System,532408,SIGMAADV,INE933B01012,Aerospace & Defense,Aerospace & Defense,664.45,12625.31,343.68,725.95,361.96,8.47,331.67,66.24,24.72,-81.87,136.40,129.81,-72.43,,-1.03,4.23,0.00,75.92,,,860.95,963.82,7083.88,35.41,166.30,60.82,90.63,20.42,9.79,-37.76,-224.69,36.74,358.92,,,56.43,9.55,8.54,24.42,292.17,10.49,645.25,54.62,25.00,374.28,49801.00,33623.00,32591.00,0.13,0.02,33.61,24.42
SignatureGlobal,543990,SIGNATURE,INE903U01023,Realty,"Residential, Commercial Projects",801.00,11256.76,135.02,1647.00,895.93,30.83,2978.58,69.54,-16.53,-148.02,34.42,98.61,-101.43,-99.77,-45.34,-46.86,0.00,,463.99,37.08,2282.19,-22.98,-36.24,-16.53,-10.12,2.60,2.79,-107.86,-2.99,6.97,125.72,500.66,896.88,-62.27,-7.09,48.92,1497.83,5.36,2736.70,1835.54,1293.52,15592.32,136.61,6.09,551.99,22303.00,21320.00,21540.00,9.45,5.46,15.55,2736.70
Sika Interplant,523606,SIKA,INE438E01032,Aerospace & Defense,Aerospace & Defense,999.80,2120.99,49.34,1624.95,1015.17,26.45,3.44,71.72,8.40,-18.84,10.35,7.83,7.28,9.97,9.49,8.94,0.00,61.19,49.86,-3.33,186.08,0.45,-36.98,8.40,34.66,34.56,25.13,9.68,19.60,9.74,46.91,7.62,1015.32,10.51,4.70,34.37,24.98,15.47,27.58,159.71,86.01,78.22,44.60,12.93,42.86,26959.00,25730.00,25534.00,3.25,0.04,24.98,31.85
Silver Touch,543525,SILVERTUC,INE625X01026,IT - Software,Computers - Software & Consulting,195.33,2469.06,65.14,225.00,149.47,13.19,33.00,74.66,9.99,147.28,4.04,13.22,-24.36,16.02,11.02,7.46,4.08,59.24,104.18,21.82,360.41,20.90,23.45,10.00,41.68,29.78,24.36,81.93,12.82,24.30,17.15,-2.62,149.01,20.22,1.26,47.77,17.44,-3.39,12.39,144.27,0.97,194.04,34.81,14.60,78.02,10774.00,9873.00,1582.00,0.48,0.00,24.85,12.39
Simplex Infra,523838,SIMPLEXINF,INE059B01024,Construction,Civil Construction,259.45,2050.56,93.14,790.00,243.11,21.38,1641.66,35.99,10.44,125.00,4.64,18.58,-43.24,8.63,8.09,8.62,33.09,45.36,270.75,9.18,1069.15,4.58,19.77,10.67,45.20,2.40,5.26,194.67,3.67,-1.21,74.37,207.87,242.95,17.73,1.07,58.21,118.51,1.37,181.42,959.57,11.79,2897.63,35.13,2.10,290.55,14881.00,14642.00,15301.00,0.39,6.59,57.02,181.42
Sindhu Trade,532029,SINDHUTRAD,INE325D01025,Consumable Fuels,Coal,23.90,3657.90,129.68,55.40,24.19,27.22,559.34,74.97,38.74,106.17,18.79,13.96,177.51,-12.55,13.87,10.82,0.28,47.27,64.47,-48.15,487.95,-63.67,-21.85,38.74,77.39,4.44,3.42,12.35,29.98,2.08,43.30,-50.98,24.19,4.16,-0.08,43.89,21.93,7.36,45.01,1832.77,1976.83,860.96,25.87,1.85,129.21,39749.00,43754.00,40690.00,3.18,0.00,21.86,146.57
Sirca Paints,543686,SIRCA,INE792Z01011,Consumer Durables,Paints,449.75,2555.13,102.74,539.00,428.82,16.56,32.32,65.19,16.21,14.07,14.21,17.71,-8.47,27.41,15.03,18.10,0.00,38.11,161.76,23.32,508.26,24.19,13.80,16.21,67.05,20.28,15.77,26.25,12.47,6.50,44.45,54.27,428.61,31.97,4.83,66.41,54.16,-0.29,57.98,418.44,57.39,337.34,23.95,5.37,130.01,37017.00,37648.00,46029.00,6.08,3.53,25.21,57.98
SIS,540673,SIS,INE285J01028,Other Consumer Services,Other Consumer Services,413.20,5848.97,789.24,702.40,379.04,14.22,1789.30,71.86,101.66,9.37,92.95,102.50,-0.82,92.06,-138.37,80.73,0.00,14.56,4805.23,27.85,17036.62,25.20,29.73,101.66,401.68,13.68,13.93,26.64,2.21,1.01,769.85,742.29,378.70,216.59,6.51,37.28,1172.56,11.40,1040.43,2474.63,185.98,4667.96,7.80,2.29,4603.58,64694.00,69358.00,38350.00,13.27,6.25,8.63,1040.43
Siyaram Silk,503811,SIYSIL,INE076B01028,Textiles & Apparels,Other Textile Products,647.55,2935.16,394.79,1175.00,613.30,23.79,352.34,67.45,11.01,137.28,4.64,97.78,-88.74,53.06,41.77,86.70,0.00,12.37,805.88,14.21,2628.67,14.08,14.42,11.01,237.26,18.82,14.89,24.71,2.47,1.55,93.18,255.02,612.96,85.31,11.69,58.00,6.50,4.60,8.24,1451.03,272.69,1277.69,7.75,2.01,445.66,46029.00,47660.00,50614.00,1.96,2.51,28.09,8.24
SJS Enterprises,543387,SJS,INE284S01014,Auto Components,Auto Components & Equipments,2497.90,8006.64,287.04,2590.00,1913.92,3.56,23.25,20.15,54.44,57.47,34.57,48.49,52.30,71.13,45.04,43.27,4.50,42.01,310.53,28.45,1006.41,28.78,24.49,74.43,190.57,28.58,21.98,53.02,20.93,4.98,223.88,163.01,1908.05,88.76,22.13,61.11,20.86,14.18,27.49,835.88,228.60,377.99,25.88,9.21,261.00,74050.00,75411.00,65021.00,14.67,34.04,31.15,27.49
SJVN,533206,SJVN,INE002L01015,Power,Power Generation,65.91,25905.21,3487.21,170.50,75.78,35.03,32278.49,81.85,224.93,-1.25,227.77,-117.98,290.72,571.97,224.31,307.80,0.00,40.53,2049.05,98.47,5005.22,60.47,51.98,224.74,639.24,5.57,4.52,-7.40,16.12,1.10,1859.63,2482.95,75.88,1447.00,1.46,27.97,3371.47,-9.40,2522.52,10309.04,51.97,6474.77,15.42,1.82,1394.38,1371708.00,1402728.00,1504915.00,2.79,3.74,11.62,2522.52
SKF India,500472,SKFINDIA,INE640A01023,Industrial Products,Abrasives & Bearings,1601.70,7912.40,325.50,3428.12,1714.47,33.15,2.91,52.58,61.84,32.31,46.74,-23.42,405.68,56.93,61.99,105.65,0.00,53.28,595.68,20.12,2254.88,17.89,27.09,61.84,148.51,13.33,15.06,-40.78,10.52,1.63,362.63,203.09,1715.60,74.24,11.52,56.82,718.82,11.89,299.90,1280.03,9.01,1460.19,21.95,5.95,587.79,69291.00,69931.00,66534.00,6.89,27.17,13.36,299.90
SKF India Indus.,544572,SKFINDUS,INE2J8701016,Industrial Products,Abrasives & Bearings,2753.70,13615.44,448.96,3041.00,2546.67,9.45,4.57,52.58,61.92,-13.84,71.87,118.97,-47.95,,-50.09,76.93,0.00,35.42,,,3590.50,377.42,18.30,61.92,384.42,29.89,26.65,206.22,6.38,,163.83,-17.75,2544.59,,,53.00,453.17,,569.17,1427.41,0.00,2078.20,29.49,9.22,970.77,55936.00,57325.00,,5.08,29.18,13.15,569.17
Skipper,538562,SKIPPER,INE439E01022,Electrical Equipment,Heavy Electrical Equipment,555.45,6289.09,583.22,665.00,483.03,6.33,947.78,61.48,56.47,26.44,44.66,75.61,-25.31,85.71,50.17,36.89,0.00,27.73,1478.48,17.17,5608.79,17.18,4.46,56.47,226.79,23.32,16.20,42.72,4.31,2.70,277.38,153.27,482.30,155.03,7.59,57.52,120.60,-1.13,31.94,1464.00,10.42,3004.80,12.06,4.25,1309.83,88286.00,86431.00,100294.00,10.64,2.24,25.65,31.94
Sky Gold & Diam.,541967,SKYGOLD,INE01IU01018,Consumer Durables,"Gems, Jewellery And Watches",778.55,12052.29,470.75,849.80,482.31,8.38,869.11,51.74,103.28,136.94,43.59,84.28,15.63,162.16,80.54,66.99,0.00,35.97,2669.07,79.80,7176.44,81.40,77.93,104.90,335.02,27.02,29.25,116.13,5.21,-9.84,-44.92,-273.19,479.33,192.95,10.31,64.86,175.13,-11.93,235.44,1043.63,44.04,1636.07,22.66,10.06,2012.79,81880.00,89118.00,90456.00,2.79,14.20,31.27,235.44
Skyways Air Ser.,,,INE0PX301025,,,,2189.74,153.26,,,,582.41,,15.30,,,,,,,,,52.95,,,2812.90,25.14,,25.46,41.36,,,5.59,1.92,5.03,113.62,2.01,,,,,309.65,,,188.63,28.70,859.21,16.76,,1328.20,,,,,,,202.94
Smartworks Cowor,544447,SMARTWORKS,INE0NAZ01010,Commercial Services & Supplies,Diversified Commercial Services,511.30,5867.57,1209.22,619.00,462.87,17.40,4778.35,58.33,13.15,413.10,-4.20,16.62,-20.88,10.49,1.24,-3.14,0.00,210.53,597.33,40.62,1962.84,36.32,44.05,13.15,27.87,8.30,3.30,162.83,2.41,0.65,1197.16,928.52,462.39,381.26,0.92,63.96,68.93,14.04,235.56,416.41,2.18,485.53,7.89,11.01,546.25,20263.00,20825.00,,0.28,8.92,32.47,235.56
SML Mahindra,505192,SMLMAH,INE294B01019,"Agricultural, Commercial & Construction Vehicles",Commercial Vehicles,5159.50,7467.44,286.59,5987.90,3980.81,13.83,289.11,58.97,63.62,-4.99,66.96,54.20,17.38,41.95,17.54,21.05,0.00,47.74,665.94,19.96,2949.57,18.07,13.20,63.62,156.41,30.90,35.40,9.96,6.64,8.40,156.19,177.48,3968.96,59.69,28.98,56.37,19.84,5.05,20.70,504.86,0.00,988.73,27.54,14.38,957.54,41457.00,39068.00,28716.00,1.24,2.43,37.35,20.70
SMS Pharma.,532815,SMSPHARMA,INE812G01025,Pharmaceuticals & Biotechnology,Pharmaceuticals,356.50,3336.82,179.64,447.80,357.03,20.39,365.05,68.07,20.91,2.05,20.49,32.71,-36.07,33.72,23.47,25.31,17.99,32.59,260.35,7.39,897.79,10.25,5.56,20.91,102.40,13.30,14.31,39.99,10.10,5.16,59.22,81.71,357.04,51.01,3.60,39.15,41.59,-3.65,46.07,776.44,26.28,638.01,20.04,4.25,206.96,31489.00,32397.00,33652.00,0.65,2.83,28.45,46.07
Sobha,532784,SOBHA,INE671H01015,Realty,"Residential, Commercial Projects",1303.60,13936.48,501.36,2178.32,1409.61,24.73,1057.39,52.88,50.85,273.35,13.62,91.84,-44.63,47.01,15.43,72.53,0.00,60.42,2037.61,44.76,5616.72,32.15,50.03,50.85,230.65,6.86,4.16,125.55,3.98,1.71,429.87,199.92,1410.68,128.19,4.40,37.35,1808.87,4.73,1503.59,4612.99,120.10,16261.40,24.11,2.95,1278.15,122305.00,124110.00,125548.00,6.12,25.99,15.00,1503.59
Solar Industries,532725,SOLARINDS,INE343H01029,Chemicals & Petrochemicals,Explosives,19760.00,178094.92,2844.20,20422.00,16082.00,3.24,1524.02,73.15,652.55,92.66,338.70,547.63,19.84,736.20,466.54,361.45,2.27,89.43,3155.63,51.55,11351.49,41.72,70.26,666.37,1991.40,38.08,32.64,57.84,18.17,13.07,620.87,2467.56,16045.03,857.45,79.67,60.52,725.48,6.13,584.14,6259.10,182.69,5037.46,55.63,28.49,3668.20,116877.00,115917.00,97712.00,6.39,13.36,7.10,584.14
Solara Active,541540,SOLARA,INE624Z01016,Pharmaceuticals & Biotechnology,Pharmaceuticals,640.00,3059.69,192.91,1713.95,539.26,10.11,686.56,41.93,16.31,55.04,10.52,8.74,69.90,-0.50,-17.43,-10.10,37.11,716.55,387.10,23.46,1431.43,15.49,19.57,16.31,4.27,4.86,-0.13,-82.59,4.27,3.15,152.91,212.82,538.25,52.03,-0.10,76.85,4.11,5.96,50.34,1208.37,4.62,858.10,18.52,1.85,381.60,70490.00,70400.00,74334.00,11.52,3.74,42.79,50.34
Somany Ceramics,531548,SOMANYCERA,INE355A01028,Consumer Durables,Ceramics,511.10,2094.73,267.35,977.60,476.37,8.26,374.32,55.19,35.54,242.72,10.37,40.24,-8.48,35.31,17.01,12.31,0.00,19.07,774.17,12.99,2934.96,9.32,24.01,34.23,109.84,12.80,10.35,85.40,4.57,0.77,246.76,141.17,476.02,76.03,8.61,51.52,77.68,13.20,147.60,834.18,16.01,842.09,7.52,2.49,749.56,31895.00,31674.00,31230.00,1.38,19.42,23.99,147.60
Sona BLW Precis.,543300,SONACOMS,INE073K01018,Auto Components,Auto Components & Equipments,821.90,51308.73,1147.90,844.00,601.48,2.62,363.41,28.01,220.11,73.37,126.96,207.34,6.16,279.40,152.70,166.25,0.00,65.99,1558.68,47.46,4513.61,42.68,50.82,220.11,777.48,15.11,11.67,37.36,19.02,7.12,614.59,732.56,599.26,380.20,4.48,70.75,1211.26,5.22,220.76,5219.65,1093.51,2396.21,39.47,8.75,1157.24,364057.00,378653.00,405414.00,23.61,41.60,6.77,220.76
Sonata Software,532221,SONATSOFTW,INE269A01021,IT - Software,Computers - Software & Consulting,306.00,8583.79,847.97,870.00,310.66,27.40,723.03,28.17,108.11,-1.12,109.34,153.39,-17.16,115.21,104.36,120.19,0.00,16.96,2237.60,5.58,11015.17,3.97,10.59,108.11,506.07,30.67,28.25,18.14,3.30,1.57,538.02,644.33,310.71,153.27,4.11,46.39,449.43,17.63,421.36,1876.95,186.22,2589.66,10.58,4.51,3279.10,201974.00,201519.00,205807.00,9.17,24.68,36.70,421.36
South Ind.Bank,532218,SOUTHBANK,INE683A01023,Banks,Private Sector Bank,45.16,11826.36,8479.27,49.90,40.96,9.50,129423.55,0.00,377.63,17.29,321.95,407.50,-7.33,557.94,374.32,351.37,0.00,7.83,2608.75,8.38,10111.87,6.88,11.23,377.63,1510.82,6.42,13.51,13.54,14.37,0.72,3906.64,-2352.95,40.92,1720.69,2.13,43.30,4651.44,2.09,3815.50,11538.83,26456.37,13628.45,16.03,1.00,2627.81,1143415.00,1167278.00,1197828.00,25.39,14.24,60.36,4779.95
SPARC,532872,SPARC,INE232I01014,Pharmaceuticals & Biotechnology,Pharmaceuticals,199.59,6475.79,1608.56,593.96,180.52,30.94,559.31,65.68,-20.98,59.68,-52.03,1760.70,-101.19,,-80.57,-75.97,0.00,4.06,,,1909.45,2855.80,314.11,-20.98,1595.54,164.99,281.12,631.12,-52.56,-1.98,-238.89,-362.41,180.32,,,39.55,1.19,-37.50,0.32,1301.13,0.43,1861.38,4.29,4.86,39.92,141957.00,140625.00,140724.00,3.90,0.09,30.34,0.32
Spectrum Electr.,544386,SPECTRUM,INE01EO01010,Industrial Manufacturing,Industrial Products,2212.50,3425.56,83.15,2643.90,1670.37,16.32,213.74,72.72,13.29,118.23,6.09,19.58,-32.12,16.60,9.20,7.93,0.00,68.51,175.46,51.18,575.90,40.95,84.36,13.29,50.00,17.69,19.87,83.82,8.53,19.36,70.79,-18.14,1664.93,25.24,10.56,48.48,3.41,-10.74,30.44,225.61,5.64,291.48,38.06,14.41,155.88,2840.00,1808.00,1631.00,3.63,0.36,23.29,30.44
Spice LoungeFood,539895,,INE631E01024,Leisure Services,Restaurants,29.59,2062.78,16.45,72.20,28.46,59.02,117.82,64.36,4.81,507.63,-1.18,4.96,-3.02,4.87,2.47,3.44,0.00,131.55,61.49,33.06,166.28,20.89,24.31,4.81,15.68,6.42,8.36,250.78,11.98,,4.81,2.91,28.45,6.31,0.07,61.75,2.44,,1.44,53.27,47.33,102.17,101.78,16.77,40.14,6876.00,6721.00,1182.00,0.00,0.00,35.63,1.44
Sportking India,539221,SPORTKING,INE885H01029,Textiles & Apparels,Other Textile Products,212.34,2696.57,304.74,241.65,151.50,12.13,549.05,74.36,75.97,122.79,34.10,32.76,131.90,61.87,24.60,28.27,0.00,16.69,688.19,9.69,2613.74,5.56,20.12,75.97,161.60,13.22,12.13,37.12,10.80,0.99,291.97,414.62,150.89,95.68,4.87,55.84,0.75,4.59,1.09,1025.70,14.11,945.81,9.17,2.60,703.68,22449.00,23089.00,26347.00,0.36,0.00,25.27,1.09
SPR Auto Technologies,544344,SHRIPISTON,INE526E01018,Auto Components,Auto Components & Equipments,4513.80,19877.18,979.10,4602.40,3480.56,1.93,1968.47,43.75,144.40,8.00,133.70,157.70,-7.17,193.06,125.70,142.10,0.00,34.08,1457.32,43.37,4969.90,35.19,53.06,147.70,583.26,20.78,21.36,11.14,10.02,3.68,625.05,434.38,3470.17,277.24,42.85,60.35,1051.60,8.71,1035.82,2857.05,134.84,2684.51,19.86,6.85,1474.40,54998.00,49520.00,46039.00,8.21,12.16,35.86,1035.82
SRF,503806,SRF,INE647A01010,Chemicals & Petrochemicals,Commodity Chemicals,2574.50,76421.27,3516.42,3325.00,2727.11,20.51,5082.79,50.26,758.87,75.53,432.32,591.02,30.39,676.09,432.66,388.18,0.00,34.10,4292.59,17.92,17001.15,12.98,31.81,758.87,2240.89,14.61,14.27,56.61,15.08,2.52,2553.56,2487.49,2728.64,969.84,22.81,39.19,353.75,3.48,610.96,13745.32,687.37,6634.31,20.59,5.43,5033.26,177423.00,180341.00,192618.00,15.45,22.44,11.81,610.96
Sri Lotus,544469,LOTUSDEV,INE0V9Q01010,Realty,"Residential, Commercial Projects",166.16,8104.33,330.36,218.50,156.94,19.92,131.22,81.87,45.46,77.51,25.61,95.58,-54.70,105.93,70.23,46.36,0.01,31.54,318.25,80.71,839.99,71.31,115.83,45.72,256.94,21.15,16.68,20.65,34.54,-10.07,-325.85,-19.50,156.85,107.37,2.16,45.20,380.51,-6.47,848.60,1862.21,0.00,2326.57,20.76,4.25,132.35,96724.00,102268.00,,1.20,1.73,15.19,848.60
Stallion India,544342,STALLION,INE0RYC01010,Chemicals & Petrochemicals,Industrial Gases,226.85,2633.40,61.35,360.64,179.44,37.10,34.47,47.80,18.57,79.25,10.36,10.93,69.90,16.73,11.13,11.42,0.00,50.59,111.64,5.76,441.65,6.49,9.94,18.57,52.05,11.76,8.93,51.93,15.29,-24.88,39.36,-13.43,178.96,17.41,1.44,45.45,75.01,-6.77,433.67,564.52,0.00,660.31,30.92,3.87,121.45,64152.00,62337.00,43405.00,0.82,1.53,49.84,433.67
Standard Engineering Technology,544333,SETL,INE0M4D01010,Industrial Manufacturing,Industrial Products,304.95,6085.46,137.95,319.00,192.03,4.40,82.69,60.47,26.35,26.26,20.87,19.80,26.90,30.58,20.39,20.45,21.38,71.15,250.91,37.28,848.72,31.60,43.12,26.75,85.53,14.68,10.70,21.41,10.80,-122.63,45.33,5.25,190.90,38.93,1.51,65.30,121.61,-5.51,114.94,589.28,0.00,1018.39,41.07,7.71,247.69,47340.00,51209.00,58957.00,2.78,0.20,36.56,114.94
Star Cement,540575,STARCEMENT,INE460H01021,Cement & Cement Products,Cement & Cement Products,194.37,7853.63,955.21,308.95,215.95,37.09,603.33,58.10,74.72,-24.10,98.45,152.22,-49.73,102.40,74.20,71.06,1.33,20.78,904.93,11.59,3807.38,14.53,3.39,73.91,377.97,16.68,13.24,59.87,7.84,1.35,764.86,296.47,216.17,205.97,2.53,30.87,52.43,-5.16,124.67,3150.78,258.36,1201.48,8.98,2.46,942.89,62529.00,62720.00,64011.00,2.29,2.38,37.23,124.67
Star Health Insu,543412,STARHEALTH,INE575P01011,Insurance,General Insurance,575.50,33817.47,833.61,940.00,519.00,7.91,0.00,58.01,549.73,25.46,438.18,111.34,393.74,323.37,128.22,54.90,0.00,40.06,4917.79,12.34,19114.19,11.35,13.15,549.73,844.19,9.69,7.61,10.33,9.96,2.30,1873.46,1378.61,518.43,324.24,5.49,44.76,668.43,18.32,1443.56,0.00,0.00,0.00,29.56,,5522.07,168763.00,179067.00,203563.00,16.04,19.41,6.55,0.00
Steel Str. Wheel,513262,SSWL,INE802C01033,Auto Components,Auto Components & Equipments,304.80,4792.68,522.96,328.40,235.73,7.19,828.37,61.15,71.51,43.19,49.94,64.45,10.95,78.56,49.18,38.53,0.00,21.43,1471.43,22.56,5505.83,19.94,27.22,71.51,223.67,15.98,12.33,4.67,4.74,1.15,331.16,517.60,235.03,147.16,5.00,55.97,3.07,1.90,6.52,1719.07,16.09,1770.87,9.97,2.76,1509.82,59133.00,57836.00,60823.00,8.60,3.15,27.14,6.52
Steelcast,513517,STEELCAS,INE124E01038,Industrial Products,Castings & Forgings,358.70,3626.49,129.34,373.35,269.73,3.92,0.00,45.00,23.71,19.27,19.88,23.18,2.29,27.64,20.59,23.21,3.29,39.99,115.95,8.72,441.30,9.25,16.99,23.71,90.69,32.30,23.96,14.58,19.00,4.13,86.44,75.42,268.83,31.32,2.73,70.29,6.43,16.69,16.59,384.90,78.83,202.87,26.77,9.19,124.82,16225.00,14580.00,12411.00,0.29,2.55,52.17,16.59
Sterling & Wils.,542760,SWSOLAR,INE00M201021,Construction,Civil Construction,196.48,4591.90,516.46,828.00,221.76,31.42,1191.43,45.73,54.22,69.60,31.97,134.57,-62.38,15.06,1.55,-477.62,27.62,14.71,1734.26,-0.82,7376.55,3.19,-9.74,53.27,312.26,26.78,40.07,185.88,3.35,-0.57,-257.35,37.88,222.01,56.82,0.64,33.44,710.94,5.37,533.90,626.40,0.50,4767.48,10.54,7.06,1590.13,329077.00,337694.00,353316.00,5.07,4.80,44.41,533.90
Sterlite Tech.,532374,STLTECH,INE089C01029,Telecom -  Equipment & Accessories,Telecom -  Equipment & Accessories,621.40,32232.80,624.00,685.00,367.62,9.28,1942.00,42.29,197.00,1870.00,10.00,42.22,233.90,93.95,-17.00,4.00,0.00,136.45,1626.81,57.33,5642.00,36.18,87.44,197.00,236.22,7.65,1.24,1489.53,10.31,5.22,520.00,348.00,365.07,246.01,1.83,55.07,468.00,9.14,323.00,2170.00,467.00,2659.00,38.25,13.37,1910.00,235524.00,212162.00,262629.00,19.71,13.27,24.74,323.00
Stove Kraft,543260,STOVEKRAFT,INE00IN01015,Consumer Durables,Household Appliances,775.95,2566.75,157.76,1134.85,651.64,8.69,61.96,55.79,17.06,63.57,10.43,6.05,181.98,29.08,4.15,21.36,15.70,52.79,605.28,27.58,1747.89,18.46,41.30,17.06,48.62,11.30,8.61,19.34,3.55,1.80,257.74,129.91,650.40,66.60,8.78,51.57,9.51,9.96,30.45,471.14,0.00,540.08,14.99,5.09,480.58,55318.00,59006.00,56939.00,1.22,7.09,35.89,30.45
Strides Pharma,532531,STAR,INE939A01011,Pharmaceuticals & Biotechnology,Pharmaceuticals,993.00,9157.54,1061.10,1231.45,977.80,19.36,1757.99,27.91,107.24,0.75,106.44,132.43,28.01,152.16,208.13,131.52,38.10,15.81,1340.92,9.84,5004.36,8.07,13.01,165.49,579.27,18.32,19.99,54.61,8.94,1.95,702.52,684.37,977.64,249.21,15.65,45.61,136.78,10.44,213.14,3015.39,291.36,3613.33,9.88,2.95,1265.41,94850.00,86616.00,92889.00,28.40,15.42,28.28,213.14
Stylam Industrie,526951,STYLAMIND,INE239C01020,Consumer Durables,Plywood Boards/ Laminates,3617.30,6142.11,224.00,4160.25,2692.60,13.05,29.09,56.86,48.15,70.38,28.26,37.90,27.04,58.62,45.99,37.33,0.00,36.26,324.22,10.88,1172.78,10.07,15.37,48.15,169.37,26.58,19.88,39.12,14.75,5.27,177.08,107.46,2683.31,65.39,34.59,57.19,49.60,4.05,67.46,798.32,1.00,527.40,25.08,7.60,326.47,31135.00,31776.00,35499.00,2.62,12.14,28.39,67.46
Styrenix Perfor.,506222,STYRENIX,INE189B01011,Chemicals & Petrochemicals,Specialty Chemicals,2108.50,3708.85,358.57,3523.95,2255.55,23.30,548.10,46.24,138.30,166.37,51.92,73.23,88.21,91.39,16.34,44.72,0.00,13.53,853.35,6.81,3505.38,8.62,7.14,138.30,274.15,13.85,14.18,22.16,13.68,,183.25,54.34,2257.02,124.06,51.97,28.12,100.40,-4.36,73.40,1348.72,97.28,1240.09,8.66,2.71,1010.86,44820.00,45090.00,46916.00,0.86,17.43,35.47,73.40
Subros,517168,SUBROS,INE287B01021,Industrial Products,Other Industrial Products,735.55,4799.72,362.80,1213.70,791.09,39.40,30.01,36.79,41.52,1.69,40.83,49.33,-15.83,46.66,34.75,40.74,0.00,27.92,1016.39,15.52,3909.38,13.78,17.52,41.52,171.89,19.75,14.66,9.93,4.02,2.60,105.33,174.84,791.65,81.55,7.15,32.24,76.57,1.75,37.99,1231.05,143.38,1229.72,13.23,3.86,1032.11,56225.00,54708.00,47450.00,32.68,10.70,19.81,37.99
Sudarshan Chem.,506655,SUDARSCHEM,INE659A01023,Chemicals & Petrochemicals,Dyes And Pigments,1186.50,9435.04,693.50,1604.00,988.00,26.03,2473.20,8.19,97.30,106.14,47.20,71.34,25.33,120.03,-116.00,19.30,0.00,92.90,4666.33,95.46,9922.40,90.13,5.39,103.40,101.56,5.46,0.54,-19.31,3.91,3.51,344.00,71.30,986.00,326.36,14.19,66.72,1511.20,2.58,1074.90,3434.50,566.40,5641.40,14.18,2.70,2642.10,57744.00,55044.00,64728.00,8.48,26.41,56.91,1074.90
Sudeep Pharma,544619,SUDEEPPHRM,INE0QPI01025,Pharmaceuticals & Biotechnology,Pharmaceuticals,1107.80,12516.78,251.40,1189.35,772.44,6.86,150.42,76.16,40.55,31.61,30.81,48.88,-16.38,63.67,47.70,46.78,0.00,68.53,205.06,26.06,675.62,23.56,26.70,40.59,182.64,28.18,25.17,19.80,25.65,21.83,69.55,48.73,769.07,70.61,5.63,69.13,51.81,-2.00,114.65,872.04,0.00,623.96,47.95,14.17,158.27,35695.00,36503.00,,1.81,15.64,6.39,114.65
Sumitomo Chemi.,542920,SUMICHEM,INE258G01013,Fertilizers & Agrochemicals,Pesticides & Agrochemicals,551.80,27570.23,811.43,665.00,479.73,10.64,53.01,75.00,196.53,9.30,179.81,110.61,95.76,175.76,74.83,177.90,0.00,48.26,899.54,-1.63,3191.77,-3.47,0.57,216.53,571.26,23.48,17.65,3.23,18.64,4.86,443.40,458.42,479.00,196.99,3.52,58.11,35.85,16.00,119.07,2885.04,1225.77,2420.88,32.94,8.14,1054.08,110464.00,111892.00,124950.00,3.02,9.33,12.65,119.07
Sun Pharma.Inds.,524715,SUNPHARMA,INE044A01036,Pharmaceuticals & Biotechnology,Pharmaceuticals,1904.00,457314.76,19709.57,2047.55,1809.58,7.01,4627.32,54.48,3039.41,5.95,2868.60,2714.03,7.07,3922.10,3381.17,3124.95,1.65,36.20,16158.55,11.61,59910.52,11.41,10.46,2901.23,12632.59,20.53,15.95,10.17,19.91,3.48,12419.18,14072.09,1808.63,4834.84,16.31,43.49,11331.62,12.60,11603.08,83330.16,24722.52,42926.84,22.43,5.47,15299.88,710246.00,690957.00,723770.00,14.54,22.06,8.81,11603.08
Sun TV Network,532733,SUNTV,INE424H01027,Entertainment,TV Broadcasting & Software Production,477.55,18833.22,2748.66,1097.80,544.88,27.72,105.93,75.00,618.82,16.96,529.10,278.84,166.45,523.46,324.33,354.69,0.00,11.92,1431.64,10.14,4502.42,12.66,12.99,619.07,1579.83,16.51,12.30,-7.84,42.46,0.80,1801.64,1663.08,545.56,748.62,13.28,37.21,423.09,6.87,289.53,12446.32,7820.67,8454.62,6.53,1.49,1457.88,97091.00,94106.00,101793.00,5.80,11.30,7.90,289.53
Sundaram Clayton,544066,SUNCLAY,INE0Q3R01026,Auto Components,Auto Components & Equipments,1275.90,2804.33,121.28,2934.00,1405.53,35.88,1297.56,59.08,-59.33,-2.72,-57.76,-37.88,-113.91,-54.91,-51.92,-64.35,0.00,,501.57,1.38,2105.62,-3.88,15.64,-59.33,-207.23,-3.34,-16.97,-20.08,-10.03,4.94,-4.41,-45.00,1406.83,18.63,-24.91,47.89,32.68,-6.17,54.12,1284.38,31.42,948.77,32.65,2.17,591.65,22732.00,22755.00,22035.00,0.88,20.71,19.30,54.12
Sundaram Finance,590071,SUNDARMFIN,INE660A01013,Finance,Non Banking Financial Company (NBFC),4503.40,50046.78,7738.79,5642.00,4687.83,20.18,69636.30,37.21,636.19,33.88,475.21,560.76,14.80,825.64,541.36,488.12,0.00,21.97,2705.42,13.40,10104.09,13.75,12.57,636.19,2277.52,9.44,15.01,18.63,24.06,-0.71,-5892.22,-8985.25,4689.68,2123.75,74.32,47.94,2131.93,-9.86,1519.68,14783.44,9029.01,2049.75,14.72,3.36,2644.13,56309.00,57271.00,49279.00,18.58,8.00,35.43,1519.68
Sundram Fasten.,500403,SUNDRMFAST,INE387A01021,Auto Components,Auto Components & Equipments,1228.40,25829.85,1078.70,1505.95,942.69,2.12,624.57,46.94,168.39,13.51,148.35,161.40,4.54,201.68,130.80,152.75,0.00,41.60,1725.59,13.45,6601.50,10.19,20.39,168.69,620.93,17.60,14.93,13.80,9.14,3.80,837.04,423.27,939.81,273.99,9.58,82.97,48.73,4.78,96.81,4254.03,114.89,2984.32,23.88,6.04,1846.07,71664.00,77340.00,78115.00,11.40,22.30,19.34,96.81
Sundrop Brands,500215,SUNDROP,INE209A01019,Agricultural Food & other Products,Edible Oil,652.35,2458.97,61.34,1152.00,683.22,27.32,13.44,43.90,12.13,181.44,4.31,9.85,23.15,9.44,8.06,-2.09,0.00,87.98,541.69,41.32,1605.40,47.24,15.04,12.13,27.95,1.93,1.30,-30.16,2.83,5.77,30.75,84.42,683.53,21.04,2.50,45.74,48.32,2.32,40.04,1440.78,18.04,427.38,33.16,1.66,428.08,14778.00,14925.00,15441.00,0.20,5.79,50.12,40.04
Sunflag Iron,500404,SUNFLAG,INE947A01014,Industrial Products,Iron & Steel Products,358.15,6454.56,494.91,428.00,310.97,16.32,523.98,51.16,66.05,5.49,62.61,34.27,92.68,72.84,59.94,45.54,0.00,30.38,1055.40,8.47,3995.10,9.03,5.45,66.05,212.45,4.06,2.36,7.96,6.12,2.26,390.10,187.39,310.50,119.65,4.04,48.57,158.21,1.73,229.75,8692.30,7692.30,1734.10,13.57,0.73,1078.95,55328.00,56098.00,63231.00,0.86,0.21,47.78,229.75
Sunteck Realty,512179,SUNTECK,INE805D01034,Realty,"Residential, Commercial Projects",294.35,4330.34,349.81,699.00,346.20,37.77,774.18,63.14,42.28,26.47,33.43,63.75,-33.22,96.73,56.84,48.97,0.00,20.31,397.82,57.63,1127.09,55.42,1.72,41.96,213.22,7.54,5.95,32.46,21.90,14.33,-432.50,189.84,346.73,124.13,6.59,40.88,202.52,-2.85,94.98,3596.39,73.28,8901.56,13.70,1.20,191.56,60554.00,56492.00,62200.00,18.12,5.30,13.42,94.98
Suprajit Engg.,532509,SUPRAJIT,INE399C01030,Auto Components,Auto Components & Equipments,511.35,7013.99,512.44,639.95,461.08,8.57,992.62,45.26,52.23,8.61,48.09,71.11,-26.55,64.77,12.53,50.95,0.00,37.34,1131.09,20.20,4031.49,18.40,23.95,52.23,187.86,15.98,13.79,72.00,4.88,2.74,171.03,184.74,460.57,125.97,4.72,51.70,150.35,4.22,104.76,1423.22,248.10,1934.97,15.06,4.88,1069.58,68962.00,73587.00,76520.00,6.54,17.01,31.18,104.76
Supreme Inds.,509930,SUPREMEIND,INE195A01028,Industrial Products,Plastic Products - Industrial,3650.00,46358.39,1671.58,6482.40,3644.84,21.76,90.84,48.96,280.72,38.76,202.30,433.57,-35.25,247.19,153.37,164.74,0.00,44.90,2615.75,9.27,11326.13,8.71,4.16,280.72,1032.40,20.73,15.77,16.02,10.33,3.71,1224.77,1003.72,3644.79,361.44,19.46,64.84,952.45,7.77,658.48,6143.66,762.11,3118.89,25.18,7.52,2717.66,95613.00,85804.00,83346.00,17.08,18.98,14.88,658.48
Supreme Petroch.,500405,SPLPETRO,INE663A01033,Chemicals & Petrochemicals,Petrochemicals,700.70,13187.31,547.55,981.65,705.34,28.62,126.08,64.24,236.33,192.05,80.92,170.15,40.64,124.29,30.15,48.20,0.00,26.90,1179.55,7.22,5644.56,-3.29,22.08,236.33,490.18,18.79,14.11,40.25,13.96,2.49,246.33,341.61,705.39,149.16,6.61,44.74,461.80,3.37,432.78,2332.61,324.21,1579.43,16.59,5.56,1692.70,42429.00,41031.00,41968.00,3.80,4.14,27.73,432.78
Supriya Lifesci.,543434,SUPRIYA,INE07RO01027,Pharmaceuticals & Biotechnology,Pharmaceuticals,811.70,6536.52,305.54,1085.50,774.02,25.22,5.44,68.30,24.04,-30.90,34.79,74.23,-67.61,74.55,49.68,50.43,0.00,32.89,266.74,33.48,872.55,28.14,30.80,24.04,198.72,25.13,19.09,11.58,12.67,4.71,164.68,164.68,773.64,84.79,9.26,43.08,79.15,-0.84,78.87,1181.64,98.52,532.30,21.45,5.45,189.75,82082.00,81161.00,91928.00,6.18,5.30,20.21,78.87
Surya Roshni,500336,SURYAROSNI,INE335A01020,Industrial Products,Iron & Steel Products,218.53,4750.78,535.12,420.83,250.63,30.52,79.81,63.02,59.60,77.22,33.63,98.30,-39.37,91.68,79.69,74.19,0.00,15.24,2099.81,13.80,7982.38,11.69,27.54,59.60,311.78,15.60,10.90,8.34,2.91,1.00,400.66,394.75,250.96,132.15,4.21,29.49,296.39,12.83,452.95,2524.75,0.00,2580.46,7.56,1.81,2046.48,67798.00,66766.00,62983.00,3.81,1.90,31.27,452.95
Sustainable Ener,,SEITINVIT,INE0R8O23017,Power,Power Generation,124.00,4017.60,640.15,130.00,105.00,4.62,3281.43,,64.35,26.82,50.74,52.28,23.09,12.64,22.32,8.64,0.00,27.22,166.22,2.70,734.69,2.54,3.17,64.35,147.59,5.60,3.97,6.89,31.10,,616.74,638.48,104.81,135.40,0.39,57.40,55.28,6.80,252.46,-343.48,64.42,383.51,10.75,1.39,206.90,,,,,,,252.46
Suven Life Scie.,530239,SUVEN,INE495B01038,Healthcare Services,"Healthcare Research, Analytics & Technology",373.60,10564.48,-279.96,377.45,239.51,1.02,16.69,65.47,-127.61,-147.69,-51.52,-45.60,-179.85,-86.10,-101.92,-77.31,0.00,,1.53,65.94,8.82,17.29,90.91,-127.61,-352.44,-79.54,-81.52,-91.31,-3574.51,-5.19,-299.90,-155.31,238.16,-84.26,-3.05,66.10,37.73,-56.69,337.46,565.02,180.65,366.06,-29.66,16.66,3.57,66647.00,63915.00,66159.00,0.48,2.73,31.32,337.46
Suzlon Energy,532667,SUZLON,INE040H01021,Electrical Equipment,Heavy Electrical Equipment,47.00,64072.61,3126.96,431.21,52.10,23.58,555.78,11.70,305.22,-5.89,324.32,1114.35,-72.61,687.58,445.28,1279.44,0.00,20.38,5419.62,40.01,17429.21,45.24,22.27,305.22,3144.29,34.15,39.67,50.18,7.97,6.15,1202.06,1091.96,52.15,931.40,0.50,36.24,1112.83,4.87,1245.70,6718.53,216.79,13284.00,19.82,6.76,3829.09,5536345.00,5695354.00,5604610.00,24.15,11.12,53.02,1245.70
Swan Corp,503310,SWANCORP,INE665A01038,Chemicals & Petrochemicals,Petrochemicals,305.55,9607.78,56.92,809.80,361.47,39.64,2129.69,53.96,-31.42,-264.24,19.13,268.68,-114.32,-94.91,-1.18,-5.87,39.55,42.97,978.22,-14.07,4171.76,-16.72,-16.44,-36.00,223.57,-0.58,-4.50,-64.87,-3.55,-3.92,-14.49,-528.86,362.03,-33.78,-2.64,43.71,1576.48,1.93,822.20,7505.05,832.65,4914.52,21.23,1.27,1013.75,140601.00,137452.00,160674.00,10.35,12.90,22.78,822.20
Swan Defence,533107,SWANDEF,INE542F01020,Industrial Manufacturing,Ship Building & Allied Services,2361.90,12320.74,-151.76,2770.00,1612.88,14.73,2787.51,89.90,-41.68,-35.37,-30.79,-142.22,70.69,,-33.11,-19.87,0.00,,,,312.33,4092.35,7188.10,-41.68,-236.88,-7.60,-123.61,-49.74,-136.16,1.43,182.06,-96.21,1605.35,,,45.51,29.18,-2.77,288.86,16.96,258.21,1463.97,-100.77,178.68,30.61,84204.00,87730.00,98302.00,0.67,1.93,7.49,288.86
Swaraj Engines,500407,SWARAJENG,INE277A01016,Industrial Products,"Compressors, Pumps & Diesel Engines",3602.60,4379.36,288.70,4725.95,3735.99,20.73,2.05,52.11,55.53,11.13,49.97,54.56,1.78,75.27,42.10,49.68,0.00,21.43,618.01,22.61,2111.42,20.79,21.54,55.53,204.34,58.38,43.61,18.28,9.44,2.62,116.52,176.67,3737.33,82.25,61.95,42.51,174.30,21.66,121.83,476.77,19.26,554.95,14.32,8.95,588.39,41234.00,38470.00,36487.00,2.43,8.78,36.69,121.83
Swiggy,544285,SWIGGY,INE00H001014,Retailing,E-Retail/ E-Commerce,279.00,77012.75,-2731.00,617.30,303.66,41.14,2551.00,0.00,-791.00,33.92,-1197.00,-800.00,1.13,-1407.07,-1065.00,-1092.00,0.00,,8019.05,44.20,24904.00,46.80,37.31,-791.00,-3738.00,-24.08,-29.07,-0.92,-11.61,-2.15,-2898.00,-2169.00,303.91,-956.72,-5.10,53.11,3300.00,-17.03,4043.00,18053.00,6034.00,13058.00,-32.85,4.21,6812.00,570439.00,536096.00,513632.00,13.96,27.38,53.57,4043.00
Symphony,517385,SYMPHONY,INE225D01027,Consumer Durables,Household Appliances,616.15,4238.58,186.43,2212.75,790.48,36.91,172.51,73.42,40.00,13.96,35.10,-78.00,118.35,16.65,19.00,19.00,0.00,1089.61,181.86,11.57,1112.00,-12.44,50.60,40.00,3.89,20.58,2.96,-98.20,10.58,3.25,-81.15,258.81,792.23,24.04,2.42,32.13,37.55,12.22,52.14,531.49,268.29,577.53,22.70,7.76,378.00,136586.00,137467.00,138810.00,2.43,8.47,15.65,52.14
Syngene Intl.,539268,SYNGENE,INE398R01022,Healthcare Services,"Healthcare Research, Analytics & Technology",395.50,15955.06,982.60,960.60,485.32,41.75,458.40,52.59,4.43,-94.89,86.70,152.43,-106.09,45.79,15.00,67.10,0.00,53.87,864.91,-5.02,3600.20,-3.41,-15.84,-9.00,296.16,9.99,7.78,-41.61,0.60,1.41,915.20,1167.60,486.22,167.38,1.13,39.88,786.90,9.42,833.00,4436.20,741.10,1686.70,17.68,3.29,736.00,142277.00,135605.00,142310.00,11.82,28.01,7.15,833.00
Syrma SGS Tech.,543573,SYRMA,INE0DYJ01015,Industrial Manufacturing,Industrial Products,1443.70,27893.05,583.65,1543.40,1061.82,6.46,399.90,42.28,100.07,101.19,49.74,101.98,-11.36,151.06,110.32,66.34,0.00,75.10,1820.20,58.85,5463.70,53.01,68.29,105.69,371.41,16.78,13.96,84.00,6.65,40.72,289.57,176.46,1057.98,193.81,7.42,53.37,295.79,-3.67,298.80,2669.56,546.65,3640.50,42.65,9.73,1588.62,204149.00,178986.00,161089.00,7.51,15.90,34.17,298.80
T N Merc. Bank,543596,TMB,INE668A01016,Banks,Private Sector Bank,869.70,13759.52,5190.92,917.00,680.86,5.16,65948.90,0.00,411.51,34.97,304.89,373.65,10.13,519.12,341.50,317.51,0.00,9.53,1633.19,15.55,6095.61,12.96,19.92,411.51,1444.17,7.51,13.99,20.33,24.75,4.43,-100.87,1898.84,678.96,1196.79,32.78,58.94,2200.05,0.43,1845.90,10403.67,16202.27,6231.19,14.41,1.30,1662.43,117147.00,117065.00,125220.00,6.73,1.96,91.32,2704.05
T R I L,532928,TARIL,INE763I01026,Electrical Equipment,Heavy Electrical Equipment,285.15,8553.36,444.03,650.22,329.08,48.34,456.65,64.36,61.52,-8.66,67.35,89.28,-29.65,54.89,75.97,37.35,21.84,33.08,531.47,15.53,2551.80,14.60,8.13,64.29,258.56,23.30,19.11,-0.16,11.23,30.92,-105.38,156.58,329.52,76.15,1.75,34.47,171.62,-5.17,141.02,1484.81,184.41,1873.87,19.92,5.65,572.34,215267.00,211907.00,181103.00,7.80,1.54,26.32,141.02
TajGVK Hotels,532390,TAJGVK,INE586B01026,Leisure Services,Hotels & Resorts,347.90,2178.21,163.76,539.95,356.87,35.57,128.13,71.00,31.66,21.86,25.98,47.36,-90.10,38.21,36.99,27.55,20.84,15.17,143.57,33.95,567.06,22.41,55.09,31.66,143.56,13.27,11.98,13.76,19.19,1.54,172.93,116.17,356.96,44.14,6.09,45.91,70.23,3.86,148.77,1011.71,0.02,235.58,11.91,2.13,165.00,84953.00,85156.00,83524.00,0.41,4.08,24.49,148.77
Talbros Auto.,505160,TALBROAUTO,INE187D01029,Auto Components,Auto Components & Equipments,412.00,2548.62,176.78,451.60,334.07,8.77,83.70,58.43,30.02,35.23,22.20,31.62,-5.06,26.01,27.20,23.10,0.00,22.77,238.62,11.95,901.70,8.71,15.31,30.02,111.94,18.56,15.14,16.59,12.59,3.00,84.67,80.02,333.28,37.73,4.21,49.62,63.04,3.61,113.78,730.61,246.52,576.02,13.48,3.42,238.41,55208.00,60911.00,68350.00,1.27,0.18,40.12,113.78
Tanfac Inds.,506854,,INE639B01023,Chemicals & Petrochemicals,Commodity Chemicals,3286.00,6969.25,114.41,3648.00,2326.40,9.92,92.81,48.73,16.85,-12.92,19.35,18.04,-6.60,23.22,15.57,17.18,0.00,103.03,186.60,10.62,722.25,13.27,6.35,16.85,67.64,23.66,20.47,-29.69,9.00,14.13,43.40,32.84,2316.76,28.98,10.95,62.87,37.87,-8.51,29.21,363.19,18.51,258.58,61.74,17.57,187.18,16393.00,16344.00,18669.00,1.53,4.16,45.58,29.21
Tanla Platforms,532790,TANLA,INE483C01032,IT - Software,Software Products,572.80,7587.98,763.53,2096.75,547.97,25.22,52.71,46.17,142.17,20.07,118.41,134.32,5.84,168.43,131.37,125.05,0.00,14.24,1239.71,14.95,4603.45,13.21,17.85,142.17,532.91,26.32,21.41,10.00,11.59,1.20,574.19,642.10,547.72,204.33,12.70,45.92,880.66,19.50,1063.63,2474.74,25.48,2719.13,8.22,3.05,1226.39,264765.00,273754.00,307377.00,7.63,0.38,45.35,1063.63
TARC Ltd,543249,TARC,INE0EK901012,Realty,"Residential, Commercial Projects",121.74,3596.70,77.51,275.50,138.09,34.65,1894.94,65.12,22.65,-58.23,54.23,1.62,1306.21,,-21.03,-15.77,0.00,,,778.55,471.08,364.71,186.11,22.64,-12.52,2.26,1.81,91.44,10.43,6.26,190.73,42.96,138.26,,,39.39,85.67,3.16,81.09,1003.07,0.36,2656.98,269.05,3.38,217.13,53065.00,54264.00,59880.00,0.99,6.44,27.46,81.09
Tasty Bite Eat.,519091,TASTYBITE,INE488B01017,Food Products,Packaged Foods,10104.50,2601.72,84.90,21487.00,8439.39,4.22,41.91,74.23,8.84,7.94,8.19,6.01,47.09,3.90,17.49,3.62,0.00,71.69,143.07,7.68,583.31,-1.17,28.60,8.84,36.29,14.03,10.93,-3.20,5.68,3.58,59.00,39.21,8422.66,12.97,15.21,62.47,15.39,10.97,27.33,339.44,0.00,242.53,30.54,7.58,155.75,18396.00,19212.00,19920.00,3.73,0.00,22.04,27.33
Tata Capital,544574,TATACAP,INE976I01016,Finance,Non Banking Financial Company (NBFC),366.15,155596.14,23126.08,390.20,338.80,6.16,236375.92,85.41,1547.38,56.32,989.89,1502.02,11.04,1902.27,1264.74,1118.97,0.00,28.63,8674.86,12.12,32695.45,11.09,15.10,1628.18,5435.41,8.58,12.36,29.63,18.46,-0.43,-37964.94,-30087.90,338.53,6422.45,4.26,55.12,10199.70,-13.76,3752.96,41644.80,9508.19,8808.32,16.01,3.39,8821.93,1211911.00,1269833.00,,5.17,3.57,5.19,3752.96
Tata Chemicals,500770,TATACHEM,INE092A01019,Chemicals & Petrochemicals,Commodity Chemicals,634.50,16159.44,2223.00,1349.70,743.90,38.20,8001.00,37.98,-17.00,-106.75,252.00,-419.20,102.84,6.25,-69.00,154.00,0.00,,4084.15,5.34,15120.00,2.04,14.41,60.00,-391.78,3.42,1.27,-192.92,1.41,0.61,1269.00,1761.00,745.00,496.08,0.25,26.94,615.00,1.26,442.00,20951.00,9886.00,6495.00,11.32,0.76,4255.00,637200.00,643078.00,677130.00,12.06,21.11,28.81,442.00
Tata Comm,500483,TATACOMM,INE151A01013,Telecom - Services,Telecom - Cellular & Fixed line services,1677.50,47794.28,5114.32,2175.00,1737.04,20.50,12248.90,58.86,182.19,-25.37,244.11,251.96,-49.97,327.73,364.23,183.21,0.00,45.93,6651.67,9.05,25425.69,8.30,10.45,129.72,1040.53,14.63,32.61,-0.07,2.70,1.00,4479.10,2910.81,1737.63,1273.92,11.50,34.78,587.41,8.27,695.34,3162.04,2297.25,6567.01,11.38,13.87,6582.82,172357.00,175946.00,191499.00,13.75,19.85,7.53,695.34
Tata Consumer,500800,TATACONSUM,INE192A01025,Agricultural Food & other Products,Tea & Coffee,1056.30,104560.53,2928.00,1282.70,1118.38,17.65,2819.51,33.83,426.98,27.78,334.15,416.96,0.75,567.57,384.52,406.51,0.00,63.39,5707.22,14.93,20860.40,15.60,11.93,427.19,1649.40,9.24,7.35,25.43,7.99,4.45,2421.85,2056.65,1119.00,783.88,5.73,41.58,2817.86,7.08,3420.49,21688.57,1442.62,9448.89,33.49,4.80,5348.88,790683.00,804698.00,875784.00,20.08,24.99,21.06,3420.49
Tata Elxsi,500408,TATAELXSI,INE670A01012,IT - Software,Computers - Software & Consulting,3660.00,22942.38,1032.12,10760.40,4460.06,38.49,162.28,43.90,170.60,18.17,144.37,220.35,-22.58,190.31,108.89,154.82,0.00,32.54,998.34,8.74,3886.43,5.19,14.46,170.60,704.99,30.00,23.58,-5.40,16.71,2.92,663.98,811.98,4468.10,217.82,30.55,45.18,1606.39,22.03,1668.64,2979.04,0.00,2968.15,20.16,7.50,1021.11,589805.00,566988.00,579310.00,9.85,11.03,35.20,1668.64
Tata Inv.Corpn.,501301,TATAINVEST,INE672A01026,Finance,Investment Company,649.35,32859.09,478.54,1184.70,676.22,45.19,0.52,73.38,143.51,-1.91,146.30,63.83,124.83,392.81,75.39,148.16,0.00,76.26,448.04,190.97,403.54,30.99,4.26,143.51,430.89,1.57,1.44,31.64,94.63,12.25,279.39,206.21,676.49,399.26,7.76,40.96,16.96,0.80,10.51,29170.56,32453.19,28.39,66.82,1.12,151.66,241568.00,245759.00,155346.00,2.66,0.56,22.96,10.51
Tata Motors,544569,TMCV,INE1TAE01010,"Agricultural, Commercial & Construction Vehicles",Commercial Vehicles,477.60,175904.16,8910.00,509.00,408.51,6.17,5615.00,42.56,2627.99,87.00,1405.35,2101.97,42.55,2222.67,705.00,-867.00,0.00,23.69,21853.57,17.59,87197.00,15.43,19.30,2556.00,7425.96,35.90,34.02,52.95,12.70,,14981.00,8547.00,407.82,2865.17,6.04,70.87,2266.00,,7776.00,11998.00,13283.00,17934.00,13.79,13.81,20667.00,5545816.00,5705074.00,,18.58,18.19,20.34,7776.00
Tata Motors PVeh,500570,TMPV,INE155A01022,Automobiles,Passenger Cars & Utility Vehicles,320.25,117688.21,25130.00,712.29,361.43,28.33,79109.00,42.51,787.05,-69.83,2608.66,5695.59,-85.39,-2852.20,-3483.00,76248.00,0.00,118.11,73324.01,1.35,343703.00,-5.62,9.26,859.00,996.40,2.73,75.66,-94.22,0.91,0.24,13041.00,63102.00,361.84,2332.61,-6.99,34.61,40834.00,6.73,29684.00,111331.00,26313.00,119272.00,7.28,1.05,95799.00,6215151.00,6378032.00,6752775.00,17.11,16.97,23.09,29684.00
Tata Power Co.,500400,TATAPOWER,INE245A01021,Power,Integrated Power Utilities,375.25,120127.05,16879.20,494.85,391.10,19.28,76141.27,46.86,1175.93,10.95,1059.86,1048.10,-1.04,507.60,1194.33,1245.39,0.00,30.68,15146.38,-2.56,63444.78,-4.19,5.63,1400.86,3915.45,10.53,10.21,-5.00,7.35,1.07,5993.33,12680.19,391.26,3102.28,1.33,41.36,11750.98,5.26,13644.00,39147.65,16574.54,29214.93,10.60,3.04,19051.26,3996318.00,4105019.00,4514496.00,10.03,18.12,24.66,13644.00
Tata Steel,500470,TATASTEEL,INE081A01020,Ferrous Metals,Iron & Steel,183.50,229072.72,35882.11,224.40,189.39,18.23,92381.68,32.94,2527.07,16.77,2164.15,3128.02,-19.55,4627.67,2730.37,3183.09,0.00,19.36,65566.58,11.72,239756.11,10.51,14.32,2385.24,11830.70,12.52,11.71,147.26,4.28,0.63,35064.46,23137.58,189.45,9926.12,3.60,40.91,11646.98,5.79,10057.53,100920.21,7088.85,71261.57,8.21,2.24,60794.29,5179576.00,5221338.00,5823942.00,18.90,26.44,21.52,10057.53
Tata Technolog.,544028,TATATECH,INE142M01025,IT - Services,IT Enabled Services,823.95,33568.18,1051.52,1400.00,698.95,7.53,937.98,55.17,180.75,6.15,170.28,172.52,-11.47,193.98,6.64,165.50,0.00,51.58,1617.36,22.22,5925.91,15.21,33.78,180.75,650.82,20.90,16.34,-5.02,10.86,6.30,775.70,699.25,697.69,253.66,4.78,56.27,902.57,12.41,715.17,3842.17,823.47,5009.87,30.81,8.53,1664.63,1239124.00,1299834.00,1411035.00,6.30,4.48,34.04,715.17
Tata Tele. Mah.,532371,TTML,INE517B01013,Telecom - Services,Telecom - Cellular & Fixed line services,37.45,7321.20,623.53,291.05,45.20,38.23,20868.92,74.36,-72.15,77.54,-321.18,-81.87,-112.42,-90.69,-150.43,-320.82,0.00,,278.52,-2.66,1177.55,-7.19,6.09,-72.15,-621.22,55.65,,51.20,-23.92,1.03,667.56,505.13,45.28,148.12,-0.46,29.38,42.45,55.07,15.63,-21938.31,23.13,161.20,43.27,,301.57,946056.00,961614.00,1038993.00,2.52,0.18,22.94,15.63
Tatva Chintan,543321,TATVA,INE0GK401011,Chemicals & Petrochemicals,Specialty Chemicals,1638.40,3833.48,96.71,2977.80,1318.47,10.90,120.37,72.02,16.98,155.34,6.65,10.32,54.84,18.77,15.17,9.92,0.00,73.17,172.97,40.03,556.05,41.09,42.96,15.98,52.39,7.14,5.53,631.70,10.16,7.58,31.49,24.67,1315.26,32.94,8.03,49.96,14.10,-6.51,8.79,758.37,4.00,349.51,34.82,4.90,167.06,64921.00,66842.00,76792.00,3.93,3.11,20.94,8.79
TBO Tek,544174,TBOTEK,INE673O01025,Leisure Services,"Tour, Travel Related Services",1702.60,18497.62,426.93,2001.00,1420.80,3.52,756.14,44.40,83.36,47.12,56.66,60.10,38.70,99.41,53.69,67.55,0.00,68.76,1013.66,78.62,3091.98,68.93,81.07,83.36,269.02,18.33,17.37,25.18,9.00,7.95,-20.77,288.80,1417.97,148.26,9.15,64.86,1285.06,6.04,1277.77,1539.80,263.16,7358.62,37.06,11.92,925.78,37774.00,37625.00,36588.00,28.93,21.09,4.02,1277.77
TCI Express,540212,TCIEXP,INE586V01016,Transport Services,Logistics Solution Provider,544.65,2094.62,145.21,2572.00,569.75,30.17,30.19,69.46,22.38,6.37,21.04,20.77,7.75,28.04,22.88,25.15,0.00,22.97,328.61,6.51,1261.36,4.93,8.79,22.38,91.18,14.63,11.12,2.78,7.17,1.33,103.80,117.53,570.00,35.94,7.29,46.35,14.09,8.32,15.39,821.14,158.84,294.08,14.10,2.52,311.95,48357.00,48018.00,51187.00,0.79,8.86,20.87,15.39
TCPL Packaging,523301,TCPLPACK,INE822C01015,Industrial Products,Packaging,4100.90,3737.93,310.34,4909.55,3033.49,7.42,598.77,55.73,37.63,65.55,22.73,22.35,77.75,40.62,24.95,28.33,0.00,30.93,473.60,8.20,1800.65,4.98,15.75,37.63,120.85,17.88,15.47,-8.48,7.94,1.78,267.01,140.12,3022.76,76.92,44.64,66.65,19.72,4.38,19.06,710.97,60.30,742.68,13.46,5.18,473.97,15413.00,15717.00,16835.00,1.01,13.69,29.34,19.06
TCS,532540,TCS,INE467B01029,IT - Software,Computers - Software & Consulting,2298.00,832163.61,76450.00,4592.25,2586.56,31.40,11283.00,71.77,13838.61,8.45,12760.00,13718.00,-2.64,17538.28,10720.00,12131.00,0.00,15.50,72259.26,9.82,275859.00,7.70,13.93,13420.00,53690.47,63.03,51.81,8.97,19.25,1.46,52094.00,48908.00,2589.46,19283.05,48.22,47.64,15463.00,39.92,12908.00,106878.00,33988.00,101935.00,10.60,7.75,72275.00,2605182.00,2450090.00,2164289.00,9.07,13.41,5.69,12908.00
TD Power Systems,533553,TDPOWERSYS,INE419M01027,Electrical Equipment,Heavy Electrical Equipment,1507.50,23553.73,356.77,1597.70,1005.44,5.65,18.11,26.87,86.29,72.34,50.07,72.19,19.53,125.06,56.32,60.19,0.00,85.65,733.45,62.10,2124.39,54.29,72.10,86.29,274.99,34.02,24.72,45.27,13.48,26.76,129.07,39.52,1000.39,134.37,8.00,67.81,198.95,1.44,198.59,1040.52,0.01,1548.19,58.07,21.97,640.05,134081.00,115089.00,107425.00,26.18,23.88,23.07,198.59
Tech Mahindra,532755,TECHM,INE669C01036,IT - Software,Computers - Software & Consulting,1592.10,156788.82,9056.90,1854.00,1510.48,14.13,2186.20,34.96,1465.10,28.45,1140.60,1353.80,9.58,1990.76,1118.60,1201.70,0.00,29.47,15845.37,13.22,59176.10,10.95,17.68,1486.30,5320.57,23.12,17.53,17.18,9.46,2.15,6172.00,5785.70,1509.66,2617.40,20.02,50.10,4542.20,17.79,5105.40,29172.60,3425.70,24239.20,16.13,5.27,15711.90,744161.00,738055.00,748176.00,18.66,36.92,9.28,5105.40
Techno Elec.Engg,542141,TECHNOE,INE285K01026,Construction,Civil Construction,985.45,11452.13,645.81,1824.95,1121.45,37.43,21.13,56.93,96.16,-2.03,98.15,143.44,-32.96,140.02,151.78,123.40,0.00,22.25,1098.60,31.00,3380.41,35.12,24.90,96.16,514.78,15.95,12.97,20.89,14.99,21.11,-574.91,837.28,1122.82,150.68,12.04,44.68,125.38,-0.97,127.24,4180.93,2890.40,4593.82,17.75,2.73,641.64,117238.00,111216.00,89544.00,8.08,21.61,13.39,127.24
Technocraf.Inds.,532804,TIIL,INE545H01011,Industrial Products,Iron & Steel Products,3200.20,7258.30,569.70,3939.00,2516.13,4.75,819.09,74.74,133.69,68.38,79.40,76.08,77.19,109.71,53.83,79.17,0.00,21.37,862.22,14.66,2931.10,12.39,27.20,137.75,339.60,16.10,15.04,33.10,17.11,2.71,243.48,276.29,2509.26,160.82,46.96,72.59,173.03,2.58,195.31,1999.57,467.86,1912.62,12.37,3.59,804.97,46501.00,47364.00,56049.00,0.40,7.18,17.66,195.31
Technvision Ven.,501421,TECHNVISN,INE314H01012,IT - Software,Software Products,4973.50,3147.32,7.46,8123.90,5230.73,38.78,19.80,74.32,2.82,9300.00,0.03,-4.24,166.51,1.73,3.71,0.71,0.00,1049.11,95.02,33.39,286.30,23.39,29.95,2.82,3.00,12.87,1.93,248.51,3.83,25.35,8.17,16.36,5233.31,3.27,2.75,52.85,50.75,-12.12,30.79,-0.75,0.00,135.50,303.61,207.92,73.58,1159.00,1112.00,1482.00,0.00,0.00,25.68,30.79
Tega Inds.,543413,TEGA,INE011K01018,Industrial Manufacturing,Industrial Products,1776.50,13363.85,318.83,2328.90,1709.00,16.60,398.40,67.51,-108.25,-406.31,35.34,42.67,-353.69,-36.23,19.71,44.94,0.00,,1513.94,273.49,3059.28,84.88,383.99,-108.25,-0.93,8.09,5.94,-100.47,-6.28,5.40,350.34,195.03,1708.32,158.49,-4.82,68.87,121.16,7.97,2122.47,3332.05,226.93,3400.92,36.35,3.92,1723.44,53397.00,53867.00,53229.00,2.80,18.68,11.02,2122.47
Tejas Networks,540595,TEJASNET,INE010J01012,Telecom -  Equipment & Accessories,Telecom -  Equipment & Accessories,509.20,9064.21,-648.40,1495.10,523.39,21.30,4177.08,53.33,-202.24,-4.32,-193.87,-211.34,4.31,-328.71,-196.55,-307.13,0.00,,261.11,-0.27,1303.46,-82.76,99.11,-202.24,-917.26,-14.64,-26.82,-623.61,-50.29,-1.30,135.17,-491.49,523.54,-160.16,-18.47,42.49,339.64,-20.13,139.91,2749.86,364.89,6532.68,-21.35,3.09,402.16,344573.00,380284.00,345757.00,5.82,4.04,36.68,139.91
Tempsens Instruments,,,INE1KZI01025,,,,3069.98,113.44,,,,77.95,,,,,,,,,,,45.99,,,444.88,17.53,,,66.75,17.84,14.39,9.77,,,42.02,54.15,,,,,71.38,4.52,34.24,465.16,39.81,263.40,27.45,,,,,,,,,34.24
Tenneco Clean,544612,TENNIND,INE19RI01016,Auto Components,Auto Components & Equipments,568.60,22913.97,984.32,657.00,550.26,13.46,51.50,74.79,165.04,-1.66,167.82,166.58,-0.93,210.43,118.81,150.68,0.00,36.95,1501.23,17.22,5663.10,15.45,20.16,165.24,620.17,60.76,44.41,8.81,10.70,,1429.48,562.39,550.07,248.86,5.21,55.95,286.23,51.68,571.44,793.80,0.33,1727.70,22.84,19.17,1544.75,138042.00,136462.00,,9.69,11.45,4.09,571.44
Texmaco Rail,533326,TEXRAIL,INE621L01012,Industrial Manufacturing,Railway Wagons,105.48,4291.60,450.08,296.60,116.77,31.06,894.71,48.34,50.04,66.86,29.99,57.75,-13.71,55.21,42.27,63.92,0.00,19.76,1065.97,-15.27,4223.35,-14.32,-16.90,50.08,217.14,11.38,7.63,-1.00,6.62,5.11,362.67,-46.58,116.88,93.14,1.36,43.55,210.53,-3.48,232.02,2333.45,372.74,3666.05,11.14,1.81,756.68,383307.00,376192.00,390700.00,5.01,5.13,41.52,232.02
Thangamayil Jew.,533158,THANGAMAYL,INE085J01014,Consumer Durables,"Gems, Jewellery And Watches",5457.00,16982.40,579.12,7430.00,4361.29,26.55,913.21,61.61,85.09,86.15,45.71,142.66,-40.35,165.96,104.78,58.51,0.00,43.24,3226.02,88.56,9622.28,83.21,71.16,85.09,392.75,25.49,28.07,264.16,3.19,42.43,322.33,-423.97,4350.28,199.63,53.39,46.34,241.79,0.95,381.23,1384.92,0.00,3494.35,27.50,11.98,2666.38,51026.00,48097.00,48996.00,5.54,16.43,16.43,381.23
The Anup Enginee,542460,ANUP,INE294Z01018,Industrial Manufacturing,Industrial Products,1811.80,3623.08,179.61,3859.40,2091.66,29.67,109.89,40.92,0.57,-97.83,26.26,26.54,-97.85,25.44,25.53,32.05,0.00,42.21,225.72,-2.82,772.31,1.38,-28.52,0.57,85.84,21.00,17.10,-28.79,0.46,,2.16,-7.15,2094.47,36.36,12.70,28.80,15.68,,12.61,670.98,0.00,564.47,25.73,5.25,125.25,98401.00,99220.00,98011.00,2.88,16.52,39.67,12.61
The Bombay Burmah,501425,BBTC,INE050A01025,Food Products,Packaged Foods,1436.00,10010.24,3744.70,2975.00,1622.59,32.74,1590.43,74.04,282.76,17.47,240.70,400.14,-25.38,809.42,654.82,565.97,0.00,8.08,5299.29,7.21,19915.40,6.63,8.00,582.67,1238.93,32.98,18.66,9.81,11.24,0.38,2418.61,2239.13,1624.46,931.33,57.37,33.98,542.80,19.26,842.81,7028.03,6751.42,3712.56,2.81,1.42,5088.69,48630.00,46776.00,44823.00,9.46,1.04,15.46,842.81
The Ramco Cement,500260,RAMCOCEM,INE331A01037,Cement & Cement Products,Cement & Cement Products,906.95,21462.65,1478.02,1214.50,965.49,25.32,3871.10,42.55,21.54,-74.66,85.03,87.93,-79.27,71.25,385.63,77.88,3.43,112.62,2434.24,8.73,9227.79,8.58,9.60,31.24,190.58,6.13,0.38,38.18,0.95,1.15,1611.06,1398.78,966.08,364.92,3.01,45.33,209.15,4.59,227.29,8069.88,59.94,2387.13,18.10,2.65,2273.05,53616.00,52680.00,56972.00,7.52,29.50,17.04,227.29
Thejo Engg.,,THEJO,INE121N01019,Industrial Manufacturing,Industrial Products,2101.20,2279.28,89.67,3707.90,1824.84,8.11,40.84,53.61,16.17,71.66,9.42,15.84,-8.14,19.63,8.39,14.11,0.00,39.40,189.01,23.45,674.14,20.86,31.02,15.24,57.85,19.40,15.71,16.37,8.58,3.66,38.94,72.70,1822.06,25.69,18.10,56.05,77.95,5.84,66.52,343.57,0.00,359.42,22.81,6.43,177.61,8000.00,7909.00,8045.00,0.85,3.38,42.17,66.52
Thermax,500411,THERMAX,INE152A01029,Electrical Equipment,Heavy Electrical Equipment,4034.00,48079.00,1224.46,5839.95,3954.19,23.57,2352.53,61.99,25.24,-83.44,152.38,242.48,-91.08,76.92,205.01,119.40,0.00,87.36,2655.09,7.32,10839.35,4.74,6.73,21.79,550.37,13.94,10.55,-17.98,0.95,7.25,541.55,1079.79,3953.39,167.18,6.46,39.13,1147.04,-3.16,1190.66,5527.44,1783.52,5832.06,43.21,8.66,2302.73,91857.00,89964.00,62986.00,11.46,15.22,5.88,1190.66
Thomas Cook (I),500413,THOMASCOOK,INE332A01027,Leisure Services,"Tour, Travel Related Services",101.58,4773.38,590.21,264.00,115.75,44.05,539.37,64.77,72.04,-0.01,72.05,39.51,107.66,30.20,45.49,70.75,0.00,21.22,1930.63,-6.91,8082.10,-4.26,-13.13,63.71,224.99,14.94,9.27,-12.01,3.05,0.71,643.04,717.24,115.89,93.52,0.64,45.10,1003.56,22.03,1093.80,2499.30,286.65,3752.76,7.38,1.88,2091.89,111875.00,109061.00,117383.00,6.18,6.53,21.49,1093.80
Thyrocare Tech.,539871,THYROCARE,INE594H01019,Healthcare Services,Healthcare Service Provider,566.70,9027.65,272.36,662.00,477.53,14.40,50.69,60.92,52.19,34.06,38.93,47.12,5.40,65.25,28.05,47.81,100.00,49.95,263.27,21.58,876.03,21.09,24.34,51.33,180.74,35.38,28.40,69.85,21.39,4.43,213.23,191.32,476.64,85.08,4.10,44.41,54.48,24.88,68.16,426.33,176.64,220.79,30.05,15.41,240.02,73064.00,73377.00,54566.00,5.43,20.92,12.71,68.16
Tilaknagar Inds.,507205,TI,INE133E01013,Beverages,Breweries & Distilleries,582.45,14417.89,445.32,593.00,450.16,1.78,2301.21,31.67,61.71,-30.28,88.51,47.63,311.87,50.37,-105.41,52.68,12.40,63.79,938.56,135.69,3016.36,100.02,155.67,31.59,226.03,11.78,13.09,-18.70,5.90,-639.37,-444.59,178.42,448.83,149.88,2.04,81.58,102.83,-39.66,360.40,2734.54,32.32,2190.43,31.46,4.83,1046.03,129086.00,131914.00,122619.00,16.88,6.28,45.16,360.40
Time Technoplast,532856,TIMETECHNO,INE508G01029,Industrial Products,Plastic Products - Industrial,191.63,9459.04,901.33,256.78,190.27,23.09,733.45,47.57,116.22,22.21,95.10,131.84,-12.25,182.73,128.52,117.23,0.00,19.31,1783.94,18.06,6445.26,15.51,25.14,117.86,489.84,16.71,13.43,21.33,6.96,2.19,233.24,430.52,190.25,252.61,3.65,43.18,177.87,3.01,579.52,4038.94,5.84,3791.99,10.33,2.31,1692.71,140298.00,136962.00,137345.00,8.54,17.56,26.33,579.52
Timex Group,500414,TIMEX,INE064A01026,Consumer Durables,"Gems, Jewellery And Watches",591.05,5942.38,116.30,618.00,405.64,4.36,71.41,51.00,25.02,70.55,14.67,28.84,-8.49,51.85,3.20,30.23,0.00,66.60,352.98,44.86,848.55,41.81,29.57,25.02,89.22,82.85,157.63,104.35,11.43,21.13,90.99,-3.15,403.78,54.78,5.14,62.18,0.02,28.41,33.97,65.29,0.00,313.85,46.01,79.14,218.90,63477.00,59586.00,47812.00,2.50,1.37,45.11,33.97
Timken India,522113,TIMKEN,INE325A01013,Industrial Products,Abrasives & Bearings,3176.30,23887.66,639.86,4817.90,3287.85,19.08,14.56,51.05,115.13,10.47,104.22,154.79,-25.62,127.19,49.85,89.47,0.00,58.37,876.89,13.44,3539.60,11.56,14.87,115.13,409.24,18.26,13.69,-10.12,12.39,6.21,437.43,387.30,3288.97,157.61,16.91,42.20,397.48,2.67,224.44,2898.29,180.26,1940.84,35.35,8.03,929.09,69808.00,71023.00,77827.00,7.32,30.26,11.33,224.44
Tips Music,532375,TIPSMUSIC,INE716B01029,Entertainment,Media & Entertainment,651.05,8314.82,285.66,950.00,619.13,12.14,5.10,64.15,43.70,-4.67,45.84,59.06,-26.01,72.28,58.66,53.19,0.00,38.74,110.32,23.64,393.95,21.28,20.94,43.70,214.61,118.47,87.56,27.11,41.03,5.03,196.99,120.23,618.81,73.35,5.65,44.47,41.21,75.28,8.01,247.17,149.88,152.38,28.49,32.02,106.51,62003.00,62106.00,70726.00,7.99,5.36,22.49,8.01
Titagarh Rail,532966,TITAGARH,INE615H01020,Industrial Manufacturing,Railway Wagons,849.30,11429.60,379.29,1896.95,822.54,12.53,623.12,40.46,52.60,67.47,31.41,52.02,-1.72,54.95,45.28,37.00,0.06,58.86,771.79,-3.41,3271.59,-10.22,12.63,52.58,194.19,10.60,6.47,3.05,6.88,11.25,322.43,-97.41,822.27,83.02,4.08,52.15,467.40,-4.85,317.19,2428.83,279.10,2183.87,29.75,4.66,765.07,524155.00,559860.00,617505.00,10.87,15.38,33.28,317.19
Titan Company,500114,TITAN,INE280A01028,Consumer Durables,"Gems, Jewellery And Watches",5068.00,450285.42,8910.00,5168.55,4278.58,1.95,30621.00,52.90,1777.00,62.88,1091.00,1141.03,50.72,2467.84,1684.00,1120.00,0.00,77.16,28048.09,49.79,92417.00,45.05,29.25,1777.00,5836.01,20.54,37.69,57.18,8.32,24.37,5590.00,-541.00,4270.64,3103.21,27.80,67.65,1584.00,4.00,1917.00,15614.00,3506.00,48532.00,47.84,28.65,21356.00,733428.00,735599.00,792131.00,15.39,15.15,16.31,1917.00
Torrent Pharma.,500420,TORNTPHARM,INE685A01028,Pharmaceuticals & Biotechnology,Pharmaceuticals,5005.00,190374.12,4416.28,5250.00,4330.61,4.67,15025.50,60.78,579.72,5.79,548.00,409.29,55.49,817.58,635.00,591.00,0.00,85.32,4687.33,41.95,15723.00,32.85,54.85,566.00,2231.18,15.19,27.43,10.49,11.78,5.84,3022.71,2585.11,4323.83,1553.18,21.49,56.77,579.46,11.28,1165.20,8219.20,948.36,8526.15,39.87,20.19,4921.00,140599.00,83811.00,81856.00,17.97,12.77,8.39,1165.20
Torrent Power,532779,TORNTPOWER,INE813H01021,Power,Integrated Power Utilities,1248.70,62907.26,5759.53,2037.35,1417.01,31.54,13970.56,51.09,638.85,-12.66,731.44,318.20,99.66,795.89,654.74,741.55,0.00,27.07,8101.56,2.86,29184.09,4.09,2.75,661.85,2323.84,13.66,12.47,-15.43,8.15,1.19,5464.17,4804.91,1418.70,1547.32,15.25,24.61,380.00,-0.98,831.43,18571.43,1531.29,7732.23,12.90,3.30,8124.15,155488.00,160566.00,165738.00,8.53,22.69,9.37,831.43
Tour. Fin. Corp.,526650,TFCILTD,INE305A01023,Finance,Financial Institution,132.76,6142.28,249.45,134.92,77.25,1.60,1077.61,3.85,61.21,100.29,30.56,32.02,91.16,52.41,31.82,29.07,0.00,39.85,78.76,18.53,291.00,14.77,27.17,61.21,154.12,11.13,9.75,41.43,75.55,562.22,-46.28,55.34,76.70,70.05,1.13,89.97,142.00,0.21,67.62,1222.54,248.66,94.77,24.31,4.67,81.02,74382.00,76029.00,72945.00,5.46,0.00,90.69,67.62
Transport Corp.,532349,TCI,INE688A01022,Transport Services,Logistics Solution Provider,906.55,6917.12,647.60,1309.00,984.88,27.19,312.40,68.66,105.70,-0.75,106.50,123.60,-14.38,98.30,115.80,113.50,0.00,15.15,1326.55,10.10,5026.00,9.59,9.58,106.60,456.60,19.45,19.22,6.68,8.54,1.51,444.39,359.19,985.66,140.88,12.69,42.68,84.90,1.24,113.25,2550.64,486.58,1398.89,10.82,2.71,1248.50,48535.00,48190.00,50827.00,3.04,12.69,15.61,113.25
Transrail Light,544317,TRANSRAILL,INE454P01035,Electrical Equipment,Heavy Electrical Equipment,459.85,6167.03,869.05,855.80,538.65,44.13,678.13,71.12,107.88,1.95,105.82,96.50,11.79,129.59,109.74,90.98,0.00,14.76,1730.31,10.85,6956.29,14.95,4.59,107.88,417.71,29.18,19.99,9.71,6.21,2.14,642.92,287.31,539.44,203.36,9.65,36.20,620.92,8.36,763.26,2254.44,1.34,6425.87,6.93,2.71,1736.03,155661.00,158376.00,127752.00,2.49,6.51,19.87,763.26
Travel Food,544443,TRAVELFOOD,INE103V01028,Leisure Services,Restaurants,1316.20,17356.61,809.77,1470.90,1250.44,10.52,244.79,86.19,126.73,38.10,91.77,120.80,5.02,94.72,136.85,97.90,0.00,36.46,413.74,16.25,1724.96,4.36,20.58,128.76,475.98,42.37,35.34,19.14,28.47,4.26,392.97,514.79,1249.78,155.94,7.08,45.41,37.53,23.22,59.36,1429.54,776.22,1341.42,20.52,12.01,452.22,52997.00,54057.00,,1.65,10.02,2.15,59.36
Trent,500251,TRENT,INE849A01020,Retailing,Speciality Retail,2970.00,158854.14,3839.30,5563.90,2939.80,21.48,2561.25,37.01,519.01,20.79,429.69,400.33,25.41,595.69,510.11,373.42,0.00,86.88,5658.31,17.45,20945.44,16.92,17.84,518.07,1828.53,28.34,27.74,15.45,9.00,10.04,2667.62,1660.90,2939.50,1043.29,11.17,47.86,339.84,10.24,283.00,6949.13,1384.91,3410.77,39.85,22.67,5754.71,520340.00,512623.00,421038.00,15.14,23.07,24.57,283.00
Trident,521064,TRIDENT,INE064C01022,Textiles & Apparels,Other Textile Products,24.63,12500.30,946.70,70.90,26.02,20.39,1828.53,73.68,158.09,12.95,139.96,101.98,55.02,131.42,44.24,90.93,0.00,31.63,1748.05,-2.19,6780.99,-2.45,4.68,158.09,395.24,9.79,7.91,-9.37,8.85,1.16,760.18,945.00,26.03,237.84,0.26,44.27,681.25,4.29,632.64,4261.82,258.09,2523.39,14.33,2.63,1786.83,1968758.00,2003394.00,2113910.00,3.18,0.25,22.89,632.64
Triven.Engg.Ind.,532356,TRIVENI,INE256C01024,Agricultural Food & other Products,Sugar,300.05,6619.55,624.30,323.21,239.29,4.72,2161.01,60.58,3.65,155.14,-6.62,138.34,-97.82,35.55,77.78,21.38,0.00,25.28,1739.26,1.94,6172.99,3.98,2.11,3.65,261.85,9.02,8.68,27.55,0.23,6.52,187.92,-106.37,238.68,105.66,1.61,70.10,54.73,-4.09,70.34,3320.94,7.18,3926.24,15.13,1.96,1580.52,96867.00,95071.00,106714.00,7.69,7.64,24.10,70.34
Triveni Turbine,533655,TRITURBINE,INE152M01016,Electrical Equipment,Heavy Electrical Equipment,580.05,18430.00,501.60,885.00,582.77,26.38,35.86,55.84,51.10,-20.78,64.50,101.90,-49.85,98.67,91.70,91.40,0.00,53.09,613.67,21.23,2252.50,17.70,19.23,51.10,347.16,34.12,25.23,1.60,11.54,6.15,110.95,186.73,582.80,109.55,3.10,39.51,326.47,10.29,277.83,1414.23,304.18,1708.99,35.70,12.75,442.70,153675.00,158560.00,175934.00,20.58,15.99,7.60,277.83
TruAlt Bioenergy,544545,TRUALT,INE0MWH01014,Agricultural Food & other Products,Other Agricultural Products,462.60,3972.38,376.20,550.00,455.73,15.89,1651.51,70.55,57.15,1108.25,4.73,67.87,-13.90,-36.55,69.19,-37.94,36.85,25.40,173.82,51.33,2050.50,1.80,106.29,59.27,156.41,10.44,8.38,-9.56,9.45,,-295.63,342.03,455.66,20.02,-4.11,51.36,149.78,-12.54,89.77,1434.58,4.07,1474.68,11.78,2.61,626.88,62478.00,73790.00,,0.57,8.36,20.51,89.77
Tsf Investments,,TSFINV,INE202Z01029,Finance,Investment Company,424.70,9432.75,218.27,701.50,431.82,39.46,234.61,54.99,122.24,-22.82,158.38,161.07,-23.92,224.44,104.73,102.87,0.00,19.37,1185.84,374.22,1111.68,282.57,70.92,124.95,486.86,3.38,8.23,5.81,40.89,5.27,266.25,188.28,431.89,249.87,9.89,44.27,15.92,3.25,141.56,5921.97,5780.76,537.42,38.94,1.56,305.58,37327.00,35782.00,37271.00,3.27,4.27,36.83,141.56
TTK Prestige,517506,TTKPRESTIG,INE690A01028,Consumer Durables,Household Appliances,592.65,8115.92,335.05,1269.60,590.11,23.31,173.53,70.52,54.31,103.94,26.63,37.98,63.44,73.43,31.78,63.20,0.00,39.22,1004.83,20.53,3178.12,16.15,33.57,58.97,206.95,12.10,8.97,37.86,6.63,2.83,209.73,157.24,590.09,104.21,5.36,41.79,583.13,7.29,616.53,1966.19,252.99,1716.10,19.98,4.10,813.85,85265.00,89284.00,89741.00,7.85,14.70,6.94,616.53
Tube Investments,540762,TIINDIA,INE974X01010,Auto Components,Auto Components & Equipments,2930.00,57190.86,2665.88,4810.80,2876.39,14.32,754.01,43.93,168.55,-15.25,198.87,86.60,25.62,407.37,278.97,302.05,0.01,91.25,6538.56,18.40,23753.70,17.62,17.07,293.96,626.73,17.14,9.95,-3.12,4.73,4.31,1161.01,1185.09,2875.85,616.75,12.07,56.01,2035.21,-1.24,1468.87,7732.05,1023.57,11276.26,21.02,7.32,6215.33,100623.00,106178.00,106311.00,22.35,21.01,12.26,1468.87
Turtlemint Fintech,544799,TURTLEMINT,INE0OC301013,Financial Technology (Fintech),Financial Technology (Fintech),144.60,4255.71,-119.39,158.50,133.96,8.77,18.50,13.21,-37.78,19.08,-46.69,3.14,-1303.18,,-62.24,,0.00,,,,1098.28,65.73,39.71,-37.78,-129.34,-35.65,-36.23,33.17,-12.85,-1.53,-182.21,-215.81,133.86,,,60.52,183.42,-56.55,125.04,299.82,0.00,342.75,-34.75,,294.08,52588.00,,,6.34,13.33,67.02,125.04
TVS Holdings,520056,TVSHLTD,INE105A01035,Finance,Investment Company,13968.00,28258.28,9176.56,16297.00,13850.25,14.29,36156.34,74.45,610.25,81.87,335.55,424.11,35.62,1899.31,969.39,880.08,14.62,14.22,19322.18,32.81,62488.49,31.68,34.01,1173.58,1987.61,16.95,30.61,55.82,6.87,-6.10,1137.30,3534.91,13849.06,3064.46,488.92,38.91,5135.11,-1.69,5402.94,6455.61,1216.51,14659.73,5.92,4.36,17076.18,30197.00,30722.00,33799.00,3.25,9.79,12.50,5402.94
TVS Infra. Trust,,TVSINVIT,INE1JNC23012,Commercial Services & Supplies,Diversified Commercial Services,118.00,2326.96,136.49,118.00,105.06,0.00,1042.41,,17.74,,,7.88,213.43,,13.89,12.23,0.00,44.97,,,236.48,,,17.74,51.74,,1.80,,28.18,,125.90,,104.93,,,73.70,,,115.72,-11.42,40.73,175.80,17.50,1.24,62.95,,,,,,,115.72
TVS Motor Co.,532343,TVSMOTOR,INE494B01023,Automobiles,2/3 Wheelers,4390.00,208520.21,8354.68,4475.00,3625.85,1.90,32791.01,50.27,1019.43,67.11,610.04,771.52,29.05,1718.84,891.26,832.76,0.00,60.28,18517.07,31.78,60154.99,30.52,33.46,1057.61,3459.30,17.37,33.62,45.93,6.49,-44.77,1866.59,3502.92,3618.17,2730.89,34.87,66.38,4386.24,-2.12,4501.12,9516.74,1146.64,30949.43,26.22,21.81,16295.52,331196.00,324891.00,299644.00,20.45,21.12,8.12,4501.12
TVS Srichakra,509243,TVSSRICHAK,INE421C01016,Auto Components,Tyres & Rubber Products,4922.70,3769.62,293.96,5097.00,3925.54,2.52,767.45,45.70,34.77,2114.65,1.57,35.54,-5.74,32.66,11.18,10.96,0.00,36.80,1133.77,22.37,3891.55,18.56,30.29,34.02,102.44,7.54,5.89,364.93,3.26,1.74,296.99,197.33,3915.52,87.01,42.65,77.54,17.21,12.03,23.27,1182.52,414.49,1243.83,13.33,3.17,1067.61,23926.00,23894.00,26552.00,0.92,6.18,47.19,23.27
TVS Supply,543965,TVSSCS,INE395N01027,Transport Services,Logistics Solution Provider,123.33,5436.67,1010.25,258.00,123.85,15.82,2755.36,43.03,20.85,-84.26,132.45,21.11,22.44,12.74,11.19,16.31,31.87,76.71,3231.77,21.38,11745.88,16.89,28.66,22.48,70.87,10.06,9.70,-36.93,0.67,0.75,746.34,671.97,123.86,223.97,0.27,38.20,612.03,7.69,723.95,1989.35,280.48,3759.43,8.51,2.68,3335.22,119325.00,122833.00,123570.00,2.38,2.17,52.42,723.95
UCO Bank,532505,UCOBANK,INE691A01018,Banks,Public Sector Bank,25.81,32352.01,20830.45,152.40,27.74,24.53,357182.97,90.95,656.32,8.05,607.44,801.15,-18.08,1499.51,739.51,619.76,0.00,11.49,6883.41,5.30,26841.34,5.35,8.70,656.32,2816.74,5.55,8.61,12.60,9.38,-44.88,-10584.18,1912.54,27.76,4656.98,1.20,42.90,9771.52,-0.79,9665.37,21488.91,97485.81,31033.28,17.08,0.95,6996.00,847182.00,849084.00,843992.00,0.06,4.30,4.68,9594.52
Uflex,500148,UFLEX,INE516A01017,Industrial Products,Packaging,611.05,4406.09,1983.42,859.90,468.33,3.77,10152.30,44.58,423.33,629.63,58.02,202.06,115.82,166.57,36.10,26.85,0.00,6.37,4569.18,19.24,16865.99,10.36,37.57,423.08,691.66,7.03,4.27,142.92,7.88,0.35,992.37,1134.95,466.89,607.72,23.07,81.57,1153.54,-4.80,1071.87,8050.21,116.45,8988.21,5.58,0.54,5366.03,43889.00,42767.00,44972.00,10.03,0.59,44.80,1071.87
Ujaas Energy,533644,UEL,INE899L01030,Power,Power Generation,190.76,2481.07,4.80,292.20,139.18,34.72,24.00,74.96,3.25,30.52,2.49,0.42,673.81,-1.55,0.16,0.10,0.00,631.31,4.06,-16.47,17.02,-26.92,14.34,3.25,3.93,3.89,3.12,-47.74,107.26,7.32,4.38,2.78,138.66,-1.38,-0.12,49.07,2.11,38.54,3.87,75.33,13.56,60.50,382.45,28.70,3.03,48601.00,49696.00,51663.00,0.00,0.00,25.04,3.87
Ujjivan Small,542904,UJJIVANSFB,INE551W01018,Banks,Other Bank,71.93,14015.85,4117.16,73.94,58.50,2.72,49404.34,0.00,316.54,206.67,103.22,281.97,12.26,319.95,185.72,121.72,0.00,15.47,1998.03,18.77,7337.51,14.72,25.08,316.54,905.95,7.73,10.75,71.50,15.63,0.62,1843.20,2028.20,58.36,879.66,1.64,60.80,2938.24,3.16,2910.83,4872.97,12724.25,4334.65,13.97,2.05,2024.92,767649.00,787997.00,984265.00,16.81,33.45,49.73,2910.83
UltraTech Cem.,532538,ULTRACEMCO,INE481G01011,Cement & Cement Products,Cement & Cement Products,11575.00,340793.50,17457.54,13110.00,11744.33,11.71,23755.09,59.33,2609.17,15.75,2254.24,2990.96,-13.21,2567.23,1729.44,1237.98,0.00,39.51,22782.09,16.19,91884.28,17.18,15.85,2603.72,8624.55,12.66,11.10,26.72,10.60,2.47,15315.86,10673.43,11746.03,4212.40,86.97,43.77,1673.32,3.14,1384.35,76328.86,6739.51,21366.13,20.02,4.45,24648.20,416693.00,409350.00,406118.00,12.36,19.69,8.42,1384.35
Unichem Labs.,506690,UNICHEMLAB,INE351A01035,Pharmaceuticals & Biotechnology,Pharmaceuticals,516.55,3645.34,251.75,949.85,458.28,24.83,500.15,70.22,41.47,496.08,-10.47,18.09,280.11,24.60,264.29,-11.89,0.00,29.82,631.41,9.06,2307.87,7.13,20.13,41.47,122.24,4.13,3.17,-2.19,6.56,-4.36,3.64,-7.02,457.70,66.57,3.49,47.78,117.63,0.23,294.70,2703.36,0.02,2197.34,12.82,1.34,632.62,25347.00,23386.00,23010.00,0.90,10.46,18.41,294.70
Unimech Aero.,544322,UNIMECH,INE0U3I01011,Aerospace & Defense,Aerospace & Defense,1508.30,7677.55,116.42,1555.00,1090.88,3.00,126.73,79.82,27.86,45.71,19.12,26.10,6.74,10.10,2.39,15.67,0.00,106.60,87.26,40.79,285.12,15.57,70.85,27.86,72.02,11.15,7.96,-12.11,25.89,16.02,60.56,81.41,1086.68,26.93,1.98,70.96,142.52,-0.62,123.39,711.96,479.55,227.42,55.88,10.40,107.62,73718.00,75769.00,74641.00,0.43,5.60,14.16,123.39
Union Bank (I),532477,UNIONBANK,INE692A01016,Banks,Public Sector Bank,184.68,142041.41,94958.67,426.95,167.18,10.13,1359639.02,74.76,5641.52,27.41,4427.94,5503.61,2.51,5857.11,5072.69,4425.95,0.00,6.88,25956.09,-0.95,107127.36,-1.33,1.21,5641.52,20643.77,6.30,15.70,9.73,20.57,0.92,-357.98,-203.87,167.01,17585.21,7.67,59.90,87764.32,0.40,64531.86,131892.86,346737.69,128396.57,15.37,1.01,27427.10,915787.00,907910.00,961173.00,8.63,11.97,4.64,43255.93
Uniparts India,543689,UNIPARTS,INE244O01017,Auto Components,Auto Components & Equipments,810.15,3658.94,264.80,844.00,578.16,4.01,154.69,65.87,56.61,64.28,34.46,51.15,10.67,62.60,33.32,39.39,0.00,20.00,358.51,29.51,1244.14,27.45,26.94,56.61,182.98,21.60,18.31,87.52,16.30,1.64,173.64,181.99,575.83,79.54,13.86,62.04,33.07,15.28,47.27,825.30,205.04,868.06,12.69,4.20,347.38,66920.00,74368.00,80487.00,3.38,4.94,25.71,47.27
United Breweries,532478,UBL,INE686F01025,Beverages,Breweries & Distilleries,1338.50,35442.95,850.72,2299.70,1512.08,30.76,1316.53,70.84,166.33,-9.54,183.87,40.66,63.23,75.26,81.15,46.34,12.40,102.54,2113.38,2.95,9442.48,1.49,7.07,166.28,345.63,10.68,7.69,-25.79,5.42,9.46,434.95,213.54,1513.82,168.20,2.85,36.25,435.61,-1.01,571.56,4495.66,7.74,6226.16,41.98,7.83,3066.86,93908.00,79464.00,71177.00,4.87,17.79,5.37,571.56
United Foodbrands,543283,UFBL,INE382M01027,Leisure Services,Restaurants,807.50,3159.36,207.77,1949.70,461.97,4.44,885.27,34.62,3.09,118.83,-16.41,-13.41,115.26,-17.93,-7.67,-22.50,0.64,,391.80,28.56,1467.63,19.87,43.41,2.30,-39.64,1.52,-17.57,-0.79,0.54,1.37,222.96,193.35,458.50,56.82,-4.58,64.57,17.11,9.70,27.66,290.76,0.00,146.82,17.40,10.17,425.90,31896.00,36426.00,39860.00,10.55,17.22,37.62,27.66
United Spirits,532432,UNITDSPR,INE854D01024,Beverages,Breweries & Distilleries,1544.00,112598.51,2658.00,1700.00,1381.11,0.39,413.00,56.68,339.33,-20.54,427.05,595.77,-14.10,456.12,418.00,464.00,1.18,60.76,3187.07,0.44,12626.00,3.12,-10.36,463.00,1853.22,26.39,21.43,15.37,12.53,7.36,1459.00,1947.00,1379.47,581.18,6.27,63.38,2030.00,16.17,1977.00,8808.00,1171.00,8705.00,39.81,12.54,2708.00,293859.00,292661.00,288900.00,12.89,17.14,13.29,1977.00
Universal Cables,504212,UNIVCABLES,INE279A01012,Industrial Products,Cables - Electricals,1644.20,5704.61,371.21,1774.90,1029.02,7.36,1177.31,61.89,70.14,108.75,33.60,55.01,27.50,51.66,27.19,47.68,0.00,28.52,1136.58,39.58,3367.54,33.64,57.46,70.14,200.02,11.68,8.90,70.37,7.42,5.66,63.48,175.62,1022.83,102.63,14.89,64.65,8.11,-2.58,6.30,1856.31,1654.21,1999.79,16.13,3.02,945.06,22213.00,17751.00,18069.00,1.11,3.30,33.69,6.30
Uno Minda,532539,UNOMINDA,INE405E01023,Auto Components,Auto Components & Equipments,1260.50,72618.47,2529.70,1382.00,1151.96,8.79,2740.12,68.36,295.83,1.76,290.70,325.81,-10.31,385.34,300.48,322.79,0.00,59.41,5792.50,20.33,20725.35,18.80,23.79,315.51,1222.33,19.65,19.33,18.84,5.68,5.86,1720.35,1071.47,1150.87,634.10,6.26,62.63,203.59,-1.51,358.13,6714.08,951.21,5992.51,29.32,10.66,5556.85,191019.00,187375.00,198442.00,8.15,17.52,5.96,358.13
UPL,512070,UPL,INE628A01036,Fertilizers & Agrochemicals,Pesticides & Agrochemicals,571.90,48203.53,9705.00,829.51,639.00,29.59,23576.00,33.50,-6.51,92.63,-88.36,1069.97,-105.64,401.98,490.00,612.00,0.00,24.39,13662.66,13.68,52804.00,12.86,10.47,-73.00,1976.20,10.11,5.64,36.49,-0.88,0.56,7855.00,10151.00,639.67,2153.39,4.76,43.75,9537.00,7.70,6086.00,34527.00,2666.00,41528.00,6.73,1.39,10181.00,272868.00,276989.00,306975.00,42.39,14.32,9.77,6086.00
Urban Company,544515,URBANCO,INE0CAZ01013,Retailing,E-Retail/ E-Commerce,145.49,22502.64,-118.73,201.18,135.42,27.68,135.79,19.02,-87.38,-1359.08,6.94,-161.16,42.84,-123.88,-21.26,-59.33,0.00,,536.16,41.08,1716.61,39.46,43.86,-92.12,-329.13,-7.82,-12.01,-240.58,-16.54,-13.19,-98.63,54.56,135.32,-104.93,-0.80,61.52,590.68,-3.01,531.93,1997.37,1261.85,1057.07,-113.49,10.47,528.34,200993.00,205238.00,,55.28,11.42,9.74,531.93
Usha Martin,517146,USHAMART,INE228A01035,Industrial Products,Iron & Steel Products,495.65,15095.49,768.64,527.50,456.97,6.04,228.57,40.28,141.98,40.67,100.93,157.54,-4.05,163.50,107.67,109.80,0.00,27.70,1008.29,11.10,3836.87,8.54,16.44,142.04,544.99,19.47,15.10,34.83,13.75,3.13,655.34,421.76,456.58,199.62,5.36,46.23,274.75,8.44,477.80,3271.42,79.32,2280.03,17.48,4.57,1033.00,104425.00,101177.00,114349.00,15.10,15.26,29.24,477.80
UTI AMC,543238,UTIAMC,INE094J01016,Capital Markets,Asset Management Company,896.50,11510.61,825.44,1494.95,1010.68,37.09,140.93,0.00,293.86,24.07,236.85,-66.80,671.27,195.46,137.81,132.20,0.00,21.56,448.47,7.15,1909.47,1.63,6.70,293.86,533.93,15.57,10.33,-25.24,50.36,2.30,406.53,536.35,1011.83,212.52,15.21,42.03,504.47,7.35,444.03,4376.11,3987.62,646.11,12.92,2.56,583.51,164544.00,159484.00,162002.00,6.89,59.62,33.51,444.03
Utkarsh Small F.,543942,UTKARSHBNK,INE735W01017,Banks,Other Bank,13.92,2469.98,472.94,58.00,15.14,36.81,24483.42,42.67,-33.92,85.84,-239.48,-188.02,81.96,-282.92,-375.02,-348.46,0.00,,797.33,-5.08,3381.43,-8.11,0.30,-33.92,-945.42,1.46,-40.03,-167.70,-3.84,0.18,780.69,875.58,15.16,76.22,-1.59,40.70,2559.01,2.80,1593.11,996.08,6914.05,2954.45,38.94,0.89,883.56,279233.00,282993.00,248311.00,11.90,9.54,35.88,1593.11
V I P Inds.,507880,VIPIND,INE054A01027,Consumer Durables,Plastic Products - Consumer,302.60,4297.10,-218.57,774.60,335.84,36.07,737.77,42.35,-53.56,-259.70,-14.89,-129.43,58.45,-100.32,-52.87,-143.14,0.00,,383.97,-5.51,1875.06,-10.75,3.02,-53.56,-451.89,-28.89,-92.37,-375.47,-9.26,3.49,180.95,291.88,336.17,-57.63,-7.06,47.49,47.91,6.25,45.54,261.09,72.97,900.37,-19.59,14.85,578.36,121764.00,122978.00,137162.00,5.17,16.63,35.85,45.54
V-Guard Industri,532953,VGUARD,INE951I01027,Consumer Durables,Household Appliances,336.85,14732.95,546.22,577.45,325.69,14.12,165.26,53.22,130.25,76.37,73.85,112.13,16.16,115.08,57.06,65.29,0.00,38.77,1565.76,16.77,6310.35,13.36,23.50,130.25,380.03,18.38,14.39,31.69,7.19,3.44,458.55,476.96,325.58,145.98,2.63,64.09,64.50,12.61,59.30,2329.37,276.29,1783.81,23.78,6.20,1810.65,133376.00,133257.00,133000.00,12.01,23.24,11.52,59.30
V-Marc India,,VMARCIND,INE0GXK01018,Industrial Products,Cables - Electricals,386.60,5664.63,205.46,400.00,193.02,3.35,213.66,64.87,28.55,163.62,10.83,43.53,-34.41,,,,7.19,48.61,,,1797.00,100.55,102.42,28.55,98.81,41.32,41.26,174.32,5.14,10.33,109.22,22.53,191.07,,,69.92,1.55,-1.78,8.83,265.10,0.05,768.84,28.57,19.56,555.51,3420.00,2642.00,2040.00,0.25,0.02,34.86,8.83
V-Mart Retail,534976,VMART,INE665J01013,Retailing,Diversified Retail,806.70,6411.01,528.63,1212.20,715.48,9.16,957.59,44.15,47.21,40.51,33.60,10.70,318.53,25.13,87.99,-8.87,0.00,46.23,971.79,20.44,3992.95,19.09,23.00,47.21,138.67,13.23,14.20,161.10,4.34,1.83,500.54,349.40,714.56,121.95,3.16,57.71,39.42,15.70,19.53,871.64,18.38,1221.39,13.06,6.74,1088.81,31182.00,30027.00,23901.00,16.47,30.90,8.48,19.53
V2 Retail,532867,V2RETAIL,INE945H01021,Retailing,Speciality Retail,220.05,8033.70,484.24,259.45,212.60,15.19,994.59,51.43,41.90,50.99,27.75,20.41,130.35,62.34,99.32,18.08,1.79,49.05,1132.53,60.67,3427.53,63.28,58.36,41.90,163.78,19.53,23.67,97.83,4.20,9.99,-96.24,191.43,212.53,158.13,1.71,48.63,7.94,-4.46,6.23,865.85,5.45,1314.71,17.21,8.89,997.20,52967.00,45025.00,37446.00,3.11,10.65,34.82,6.23
Va Tech Wabag,533269,WABAG,INE956G01038,Other Utilities,Water Supply & Management,2057.90,12852.36,572.50,2253.50,1616.83,8.68,228.40,19.08,90.10,36.93,65.80,128.30,-29.61,85.18,91.30,84.80,0.00,32.26,1008.74,20.88,4097.00,20.45,20.82,90.10,398.44,21.33,15.89,30.17,10.16,6.49,206.70,355.20,1612.40,104.24,13.65,58.31,944.60,8.48,1059.20,2556.00,72.10,5088.60,19.95,4.99,886.80,205590.00,200388.00,192972.00,18.25,6.33,56.33,1059.20
Vadilal Inds.,519156,VADILALIND,INE694D01016,Food Products,Dairy Products,7402.00,5311.17,267.74,8447.00,5626.80,12.37,229.64,64.72,130.91,95.45,66.98,54.86,138.63,62.21,-0.15,33.42,7.52,24.25,462.86,35.62,1675.87,30.83,34.24,130.91,219.03,21.96,19.62,56.57,19.25,4.10,143.07,111.47,5608.96,83.06,86.55,58.83,40.34,7.15,42.79,843.12,20.57,619.46,15.29,6.26,680.06,19041.00,22133.00,20622.00,1.02,1.26,33.01,42.79
Vaibhav Global,532156,VAIBHAVGBL,INE884A01027,Consumer Durables,"Gems, Jewellery And Watches",226.85,3794.68,402.07,1057.70,235.69,22.64,415.84,57.33,56.38,49.83,37.63,91.01,-38.14,65.62,89.80,47.55,0.00,13.33,972.49,10.85,3795.13,10.41,12.70,56.38,284.74,16.43,17.87,74.33,6.15,1.57,310.22,164.78,235.78,97.04,3.91,37.05,129.26,12.05,371.39,1614.53,19.04,1669.40,8.99,2.30,917.07,129789.00,133255.00,143742.00,16.66,2.22,23.76,371.39
Valor Estate,533160,DBREALTY,INE879I01012,Realty,"Residential, Commercial Projects",104.70,5670.09,96.04,469.01,120.87,43.41,746.76,47.17,-1.25,-127.70,4.51,-103.92,97.74,14.40,62.24,9.96,44.72,,517.53,278.18,863.73,-49.50,-86.82,-1.33,-32.95,1.55,-0.19,70.90,-1.20,1.47,938.79,540.45,121.03,52.81,0.25,36.52,121.68,8.83,76.82,3549.31,365.33,2796.37,64.39,1.39,110.79,86800.00,89122.00,90359.00,4.79,0.39,47.65,76.82
Vardhman Special,534392,VSSL,INE050M01012,Industrial Products,Iron & Steel Products,356.00,3417.31,208.83,375.95,279.55,5.31,93.00,51.06,41.19,106.98,19.90,33.98,21.22,38.34,33.59,34.56,0.00,23.84,458.83,6.14,1806.74,1.31,12.06,41.19,143.32,15.38,11.76,64.91,8.48,2.69,105.88,126.91,278.78,50.24,3.96,71.75,11.32,-1.49,58.56,1180.63,158.15,955.38,14.52,2.69,486.01,36365.00,36854.00,35856.00,0.55,3.27,45.12,58.56
Vardhman Textile,502986,VTL,INE825A01020,Textiles & Apparels,Other Textile Products,600.50,17423.94,1512.15,688.00,556.81,12.72,1854.98,65.08,309.83,49.55,207.17,184.71,66.21,233.01,168.50,187.76,0.00,20.55,2621.06,5.68,10186.47,3.29,13.31,314.56,847.91,8.86,7.30,-0.47,11.64,1.40,1108.12,1643.80,556.37,380.52,7.93,46.21,89.02,-3.48,83.35,10456.82,1828.22,6973.43,11.48,1.65,2703.08,84595.00,88129.00,77197.00,6.07,14.69,14.15,83.35
Varroc Engineer,541578,VARROC,INE665L01035,Auto Components,Auto Components & Equipments,824.25,12641.34,849.84,1178.70,611.36,5.78,924.64,75.00,77.27,27.94,60.39,69.32,10.28,110.04,-11.31,63.26,0.00,44.29,2628.96,19.10,9497.18,14.66,29.92,77.70,285.45,18.98,15.13,51.42,2.95,1.56,536.80,736.72,609.22,234.71,7.16,73.01,163.34,11.86,180.84,1765.06,88.36,2255.61,15.21,7.07,2634.24,83288.00,84692.00,91287.00,4.29,11.18,9.53,180.84
Varun Beverages,540180,VBL,INE200M01039,Beverages,Other Beverages,438.30,147945.11,5338.21,682.84,476.71,21.14,2508.18,59.43,1520.80,15.47,1317.02,872.36,73.59,968.03,260.01,745.19,0.00,43.69,5757.17,17.57,24126.49,14.46,20.43,1525.36,3386.14,19.71,16.21,18.88,18.05,4.81,3509.31,3381.10,477.09,1378.50,2.85,41.93,2450.05,-0.58,1998.49,18902.30,174.28,7889.41,24.57,7.57,8451.23,813548.00,877604.00,968419.00,19.03,15.16,6.33,1998.49
Vedant Fashions,543463,MANYAVAR,INE825V01034,Retailing,Speciality Retail,547.35,13295.74,721.84,1512.00,500.51,31.28,457.59,74.94,80.61,14.73,70.26,114.30,-29.48,71.15,134.90,56.08,0.00,34.45,273.85,4.07,1455.66,1.95,7.18,80.61,385.89,23.55,20.03,-2.61,26.75,2.47,481.44,388.60,500.04,118.38,2.93,82.16,17.23,19.07,11.09,1940.04,1214.39,1389.68,18.67,6.77,301.37,83016.00,84119.00,75621.00,7.95,13.19,3.92,11.09
Vedanta,500295,VEDL,INE205A01025,Diversified Metals,Diversified Metals,268.00,104938.26,24655.00,360.70,255.10,25.70,32947.00,54.72,3659.27,143.61,1502.10,3056.07,-15.33,5770.08,7807.00,3479.00,0.00,9.54,25877.95,38.04,88898.00,2.02,53.64,7918.00,11003.29,16.08,38.15,36.95,21.87,0.23,39499.00,39562.00,254.97,7934.62,10.20,46.87,6970.00,16.40,3739.00,49261.00,15418.00,12675.00,4.60,2.11,24205.00,2601130.00,2110601.00,2087745.00,15.78,10.83,18.45,3739.00
Vedanta Aluminium Metal,544780,VAML,INE1CDF01017,Non - Ferrous Metals,Aluminium,435.75,170434.24,26150.00,538.00,479.48,19.01,,56.38,5629.00,216.06,1781.00,4349.60,33.06,,,,0.00,10.77,,,66891.00,,45.99,6597.00,11979.57,,,,30.84,,,,479.92,,,39.64,,,,,,,,,21393.00,2115856.00,,,12.55,13.90,16.93,
Vedanta Iron & Steel,544784,VISL,INE1CLE01013,Ferrous Metals,Iron & Steel,36.20,14163.45,1926.00,44.78,25.87,19.16,,56.38,112.00,168.48,-163.54,-960.94,106.24,,,,0.00,,,,13587.00,,18.32,121.00,-1960.88,,,,3.03,,,,25.77,,,54.64,,,,,,,,,3662.00,2284228.00,,,5.38,12.09,25.92,
Vedanta Oil and Gas,544782,VOGL,INE704J01044,Oil,Oil Exploration & Production,36.69,14343.24,3899.00,47.67,36.14,23.03,,56.38,385.00,2691.59,-14.86,-257.83,297.29,,,,0.00,66.72,,,9606.00,,8.48,945.00,-184.89,,,,15.36,,,,36.13,,,50.20,,,,,,,,,2507.00,2223728.00,,,7.68,8.63,27.10,
Vedanta Power,544781,VEDPOWER,INE694L01019,Power,Power Generation,36.04,14065.59,1587.00,52.49,40.02,31.34,,56.38,64.00,-27.27,88.00,180.70,-404.32,,,,0.00,22.91,,,8799.00,,31.27,-423.00,638.00,,,,2.45,,,,40.06,,,44.02,,,,,,,,,2607.00,2285786.00,,,8.51,13.01,21.89,
Veedol Corporat,590005,VEEDOL,INE484C01030,Petroleum Products,Lubricants,1510.40,2631.72,273.50,3693.75,1491.14,25.78,15.89,64.58,77.92,56.88,49.67,57.46,35.61,63.15,43.55,40.94,0.00,11.97,584.65,14.81,2262.80,12.89,18.49,77.92,219.87,24.09,19.47,17.22,12.80,1.83,193.79,29.72,1490.94,72.78,36.24,61.27,44.54,8.65,204.60,1032.21,82.42,946.68,7.80,2.54,608.57,54979.00,55526.00,59920.00,1.02,1.17,30.76,204.60
Venky's (India),523261,VENKEYS,INE398A01010,Food Products,Meat Products including Poultry,1512.00,2129.93,239.69,4725.00,1485.75,16.69,166.51,56.11,49.99,215.79,15.83,101.37,-50.69,18.77,48.58,-26.53,0.00,12.28,992.47,23.92,3979.87,18.28,29.17,49.99,173.41,11.89,9.07,202.79,4.47,1.98,191.32,66.33,1485.48,32.20,13.32,48.95,188.65,3.98,90.93,1582.00,213.34,1418.29,7.68,1.33,1118.38,52179.00,54117.00,54182.00,1.27,0.13,42.49,90.93
Ventive Hospital,544321,VENTIVE,INE781S01027,Leisure Services,Hotels & Resorts,574.50,13381.61,1298.07,844.75,658.62,28.05,2574.43,88.99,80.75,199.85,26.93,233.04,-52.09,97.81,140.50,64.24,36.36,27.61,585.39,19.63,2496.42,24.99,6.97,124.19,484.72,10.79,8.33,295.16,22.88,,949.90,677.46,659.47,231.95,2.72,29.89,522.32,6.05,421.27,5482.72,117.55,854.02,11.22,2.44,542.80,28026.00,28574.00,35235.00,1.20,5.21,4.61,421.27
Venus Pipes,543528,VENUSPIPES,INE0JA001018,Industrial Products,Iron & Steel Products,1540.90,3194.82,202.21,2489.95,1416.92,17.82,196.52,48.41,26.41,6.66,24.76,25.36,3.57,37.95,25.61,26.09,0.00,30.73,349.11,19.75,1210.98,21.73,15.97,26.41,103.95,22.50,17.05,15.37,8.24,7.02,112.42,68.66,1415.68,56.69,18.32,38.28,12.99,-7.19,28.94,647.76,0.81,738.92,16.19,4.78,320.54,53604.00,57317.00,58344.00,2.63,17.81,31.15,28.94
Venus Remedies,526953,VENUSREM,INE411B01019,Pharmaceuticals & Biotechnology,Pharmaceuticals,1765.60,2355.88,159.86,2044.30,1165.46,13.63,12.41,41.76,22.97,139.27,9.60,47.50,-51.64,37.30,25.58,20.13,0.00,20.28,240.57,24.81,811.27,19.52,30.38,22.97,116.18,21.67,16.79,148.57,12.84,2.64,155.77,86.44,1159.43,45.35,27.90,58.24,80.10,11.36,29.61,650.38,237.62,395.20,13.15,3.56,178.86,21905.00,18403.00,19307.00,2.92,0.89,54.44,29.61
Veranda Learning,543514,VERANDA,INE0IQ001011,Other Consumer Services,E-Learning,255.90,2467.73,203.18,380.00,217.40,6.09,382.32,33.75,29.12,854.40,-3.86,10.31,115.87,28.97,12.54,95.64,30.45,38.26,175.34,38.35,525.47,32.02,41.52,33.87,64.50,12.83,3.84,129.38,22.65,7.06,105.75,31.65,217.02,61.65,2.59,57.65,75.73,3.70,29.87,862.19,393.82,139.13,13.46,2.57,149.54,12470.00,13218.00,11383.00,2.83,0.56,62.86,29.87
Vertis Infra.,,VERTIS,INE0KXY23015,Transport Infrastructure,"Road AssetsToll, Annuity, Hybrid-Annuity",117.00,17666.81,2918.32,125.00,107.00,6.40,11573.98,,306.14,186.09,107.01,221.71,48.67,501.25,111.44,188.20,0.00,20.22,1557.44,55.49,4126.42,62.18,26.88,342.47,873.90,11.03,9.53,76.84,32.52,1.09,3301.51,1237.44,106.90,1176.95,2.97,64.97,729.61,-2.19,1263.65,-6443.95,186.33,3276.69,8.92,2.75,1053.22,,,,,,,1263.65
Vesuvius India,520113,VESUVIUS,INE386A01023,Industrial Products,Electrodes & Refractories,429.30,8726.19,394.79,647.45,475.33,29.44,14.35,55.57,58.51,-7.13,63.00,55.85,4.76,77.05,80.23,61.54,0.00,34.07,580.25,6.07,2133.83,8.91,2.26,58.51,256.13,21.34,15.02,2.17,10.91,5.19,177.46,258.12,475.79,96.38,3.80,36.91,482.03,0.01,581.96,1728.44,0.00,1486.77,19.62,4.98,536.17,33741.00,33525.00,34163.00,4.56,22.03,17.82,576.18
Vijaya Diagnost.,543350,VIJAYA,INE043W01024,Healthcare Services,Healthcare Service Provider,1498.40,15436.29,357.73,1573.00,1184.66,4.74,422.59,52.51,53.10,37.60,38.59,47.93,10.79,64.64,43.18,43.28,1.96,82.33,247.01,22.55,857.13,20.18,22.83,53.10,187.49,21.29,19.74,23.76,22.99,6.17,270.59,224.47,1181.51,103.51,6.28,64.86,48.88,8.57,52.73,946.86,228.42,321.90,41.14,16.11,230.98,67251.00,62946.00,62115.00,11.65,31.61,4.22,52.73
Vikram Solar,544488,VIKRAMSOLR,INE078V01014,Electrical Equipment,Other Electrical Equipment,171.99,6233.59,974.85,407.95,221.26,57.84,616.96,63.01,19.78,-85.17,133.36,110.42,-82.09,122.05,98.15,128.49,9.24,17.28,1470.65,32.50,5231.77,33.26,37.89,19.78,360.70,30.56,21.37,44.08,1.27,1.66,666.94,289.87,221.75,224.97,3.37,46.71,180.07,8.13,991.97,2810.60,742.42,3375.20,6.75,1.96,1563.09,303976.00,285301.00,,3.37,4.04,29.60,991.97
Vimta Labs,524394,VIMTALABS,INE579C01029,Healthcare Services,"Healthcare Research, Analytics & Technology",640.40,2862.44,150.68,902.85,543.13,29.07,3.33,35.66,21.04,11.38,18.89,21.11,-0.33,26.45,17.59,19.92,0.00,35.43,115.51,13.41,418.80,14.22,11.80,21.04,80.80,25.23,18.87,12.61,19.29,2.56,147.14,94.05,542.15,39.59,5.92,60.15,32.94,4.03,65.06,447.94,2.00,222.87,17.93,6.26,109.07,50190.00,51623.00,30829.00,4.41,0.37,59.55,65.06
Vinati Organics,524200,VINATIORGA,INE410B01037,Chemicals & Petrochemicals,Specialty Chemicals,1330.50,13812.49,740.94,2377.00,1427.62,28.08,0.00,74.29,123.56,9.56,112.78,137.51,-10.14,154.58,108.47,129.02,0.00,27.70,607.81,11.26,2383.71,5.21,28.67,123.56,498.56,21.33,16.20,12.79,17.71,2.63,628.42,494.44,1428.59,179.63,14.91,51.44,3.51,9.95,4.85,3206.24,937.44,1107.24,18.22,4.29,697.75,83430.00,78602.00,85960.00,3.65,9.20,12.86,4.85
Vindhya Telelink,517015,VINDHYATEL,INE707A01012,Construction,Civil Construction,2436.00,2885.42,464.74,3232.95,1729.83,6.31,1434.77,43.55,75.67,22.66,61.69,102.07,-25.86,17.78,-1.04,59.12,0.00,12.24,777.13,-19.03,3404.59,-17.54,-20.78,75.67,235.82,8.15,5.31,0.31,10.53,-12.48,-160.40,-590.31,1722.73,65.48,15.00,60.69,127.53,-2.59,40.01,4193.42,3763.08,4174.39,8.52,0.69,718.90,22396.00,23496.00,23665.00,1.40,8.31,46.76,40.01
Vintage Coffee,538920,VINCOFE,INE498Q01014,Agricultural Food & other Products,Tea & Coffee,152.82,2224.37,107.44,180.00,146.01,15.10,123.63,34.65,20.79,46.10,14.23,21.01,-1.05,33.49,19.11,17.83,25.95,28.25,221.16,63.09,612.44,67.12,58.45,20.79,78.74,18.18,16.55,57.99,12.91,-14.95,14.60,-22.52,145.94,40.32,2.30,51.58,6.80,-12.96,86.05,423.52,0.00,400.35,18.61,3.91,161.00,44709.00,36411.00,21359.00,5.39,9.59,50.38,86.05
Vishal Mega Mart,544307,VMM,INE01EA01019,Retailing,Diversified Retail,102.60,48066.14,1969.91,157.75,119.44,34.96,1987.98,40.09,258.77,25.57,206.07,167.92,54.10,273.16,312.92,152.31,0.00,53.89,3566.16,19.61,13493.01,19.83,18.68,258.77,891.92,14.79,12.15,29.66,6.94,3.74,1621.27,1399.07,119.61,506.69,0.58,30.41,463.67,11.49,594.89,2740.14,1119.03,4133.38,23.88,6.47,3727.01,625567.00,641309.00,662906.00,20.43,34.80,4.68,594.89
Vishnu Chemicals,516072,VISHNU,INE270I01022,Chemicals & Petrochemicals,Specialty Chemicals,625.20,4211.93,275.98,670.00,561.06,6.69,527.23,69.21,39.64,23.03,32.22,43.40,-8.66,47.57,33.76,32.88,0.00,28.14,474.37,18.25,1696.20,16.61,24.93,39.64,149.68,16.35,14.26,16.57,9.15,3.31,127.13,90.23,560.41,71.68,7.07,56.75,81.74,-4.19,100.39,1055.69,0.74,1035.82,15.83,3.94,433.41,31065.00,30468.00,29224.00,2.51,5.94,22.35,100.39
Viyash Scientific,512529,VIYASH,INE807F01027,Pharmaceuticals & Biotechnology,Pharmaceuticals,265.85,11671.29,691.39,336.50,231.13,10.79,489.75,61.31,65.87,103.59,32.35,52.11,19.45,166.10,48.52,72.90,0.00,52.67,1372.72,61.44,3575.03,53.04,19.54,79.29,221.58,13.42,7.39,147.82,8.38,6.26,322.91,344.80,230.78,271.38,3.14,51.26,157.20,4.90,269.70,2823.68,0.07,2254.50,15.71,3.99,946.36,128367.00,127446.00,147320.00,4.50,3.76,30.34,269.70
Vodafone Idea,532822,IDEA,INE669E01016,Telecom - Services,Telecom - Cellular & Fixed line services,14.03,152113.39,19365.00,123.24,11.77,8.60,192528.00,25.64,-5361.99,18.86,-6608.10,-5513.00,-107.22,-5818.19,-5286.00,-5524.00,0.00,,11634.07,3.92,45539.00,3.29,6.05,-3754.00,-22800.38,-1.72,,17.27,-45.87,0.71,19411.00,9290.00,11.75,4950.35,-0.54,60.01,10568.00,5.62,5731.00,-144101.00,107.00,21769.00,16.93,,11689.00,5809457.00,5939398.00,6182208.00,6.17,6.05,13.11,5731.00
Volt.Transform.,532757,VOLTAMP,INE540H01012,Electrical Equipment,Heavy Electrical Equipment,10313.50,10439.09,412.05,14800.00,9170.54,19.82,0.54,30.00,91.22,14.67,79.55,47.90,90.44,90.64,99.08,78.85,0.00,32.93,572.92,18.72,2273.89,17.84,28.38,91.22,317.05,23.50,17.35,-2.60,16.78,5.16,139.71,219.21,9159.06,95.07,89.59,61.64,38.79,7.35,73.73,1781.69,994.59,781.48,23.81,5.82,543.78,52732.00,56679.00,61983.00,21.53,33.85,14.57,73.73
Voltas,500575,VOLTAS,INE226A01021,Consumer Durables,Household Appliances,1219.50,40400.94,753.89,1946.20,1346.36,22.94,992.48,30.30,213.76,52.19,140.46,116.18,87.57,53.36,84.46,31.50,0.00,86.52,2546.26,8.48,14979.42,3.80,18.66,212.76,466.95,9.04,6.10,-27.90,4.55,11.96,70.97,-225.15,1347.64,87.49,1.61,34.21,678.24,0.00,780.93,6343.13,2761.70,10052.11,48.39,6.33,4673.50,271399.00,260008.00,321348.00,16.94,38.93,13.72,780.93
VRL Logistics,539118,VRLLOG,INE366I01010,Transport Services,Logistics Solution Provider,295.45,5171.14,682.09,399.51,259.89,5.61,1154.13,60.24,80.53,60.93,50.04,72.14,11.63,85.92,64.74,49.89,0.00,19.35,869.39,9.09,3355.61,5.59,18.07,80.53,267.30,18.27,21.71,21.75,9.16,0.89,654.37,554.79,259.53,176.00,4.91,69.18,53.23,9.14,15.62,967.50,0.06,203.90,8.91,4.52,878.84,80971.00,79810.00,65729.00,2.68,24.92,12.16,15.62
VST Industries,509966,VSTIND,INE710A01016,Cigarettes & Tobacco Products,Cigarettes & Tobacco Products,212.86,3611.06,490.47,486.70,247.44,25.78,0.00,32.16,42.42,-24.43,56.13,116.69,-63.65,65.85,60.23,59.21,0.00,12.96,362.31,7.79,1423.09,3.55,-13.91,42.42,278.55,28.13,21.04,32.29,16.54,1.39,218.27,193.47,247.79,89.16,3.88,27.35,17.55,12.20,34.64,1275.82,558.67,1165.21,7.56,2.50,256.46,148518.00,146815.00,158755.00,1.79,6.03,59.83,34.64
VST Till. Tract.,531266,VSTTILLERS,INE764D01017,"Agricultural, Commercial & Construction Vehicles",Tractors,4432.20,3830.33,170.27,6374.00,4883.55,30.46,1.91,55.55,48.73,9.36,44.56,5.29,821.17,40.51,30.72,25.43,0.00,34.77,368.04,16.78,1271.31,17.02,10.96,48.73,110.17,13.75,10.09,-5.16,15.55,3.67,131.61,76.55,4888.09,48.17,46.82,44.39,74.71,6.42,49.82,1088.68,633.51,1071.07,21.58,3.49,313.40,24293.00,24076.00,20243.00,1.21,19.97,23.28,49.82
Waaree Energies,544277,WAAREEENER,INE377N01017,Electrical Equipment,Other Electrical Equipment,2675.00,76689.10,6616.79,3865.00,2945.52,30.79,3212.62,64.12,850.22,14.09,745.20,1061.10,-20.81,1978.65,1106.79,878.21,0.00,19.05,11931.26,96.70,30042.73,94.31,79.22,891.87,4025.32,38.78,32.83,81.21,11.24,3.28,1626.95,3158.21,2948.24,2507.08,65.57,41.68,7747.82,-5.41,6728.37,14149.69,952.84,17577.00,10.37,5.33,7931.79,731601.00,683301.00,767267.00,8.57,4.08,23.23,6728.37
Waaree Renewab.,534618,WAAREERTL,INE299N01021,Electrical Equipment,Other Electrical Equipment,880.40,9192.15,665.29,3037.75,974.40,35.19,114.90,74.32,114.49,32.30,86.54,157.31,-27.22,278.53,121.69,117.00,0.00,18.01,1474.18,90.29,3539.39,80.19,34.53,114.49,510.49,85.38,69.12,75.63,14.11,4.52,290.93,302.41,975.35,290.26,26.68,28.84,193.43,23.84,358.43,918.61,31.24,1781.99,12.62,9.78,811.34,306445.00,308307.00,316520.00,1.98,0.09,23.61,358.43
Wakefit Innovati,544642,WAKEFIT,INE0E7301029,Consumer Durables,"Furniture, Home Furnishing",136.64,4525.28,224.23,224.00,151.29,39.00,271.88,36.88,23.38,19.16,19.62,121.58,-80.80,,31.86,15.96,0.00,23.00,,,1546.73,16.90,16.65,23.38,196.71,10.90,23.11,548.81,5.77,7.76,244.53,76.22,151.44,,,62.61,10.20,8.88,242.85,1098.82,79.94,812.92,18.46,3.98,404.91,34580.00,27962.00,,14.48,25.85,22.79,242.85
Waterways Leisur,544802,CORDELIA,INE0LZF01013,Leisure Services,"Tour, Travel Related Services",907.75,6555.73,122.21,925.65,716.83,1.93,117.77,89.35,22.77,-34.51,34.77,18.02,26.36,,,,0.00,163.32,,,579.75,-1.84,7.82,22.77,52.14,63.99,92.30,-37.98,11.98,,-96.44,129.67,714.91,,,67.72,32.78,37.25,5.96,15.05,0.00,102.69,54.56,,190.11,42537.00,,,6.41,1.09,3.15,5.96
Websol Energy,517498,WEBELSOLAR,INE855C01023,Electrical Equipment,Other Electrical Equipment,82.85,3594.00,438.40,189.12,98.08,41.45,130.74,29.72,77.79,15.79,67.18,121.79,-37.52,99.21,64.98,46.32,89.39,11.44,320.82,90.71,1203.29,76.28,70.33,77.79,314.06,63.18,66.94,57.83,20.88,3.23,254.70,167.26,98.23,123.22,2.29,32.93,86.92,-1.49,100.09,587.29,52.23,450.11,7.83,5.70,372.60,164654.00,138900.00,126281.00,3.74,0.43,66.12,100.09
Welspun Corp,532144,WELCORP,INE191B01025,Industrial Products,Iron & Steel Products,2005.20,52873.88,2711.40,2017.50,1240.75,0.61,2355.45,49.73,1046.49,198.64,350.42,370.36,182.10,584.89,456.36,443.51,0.00,22.90,5135.35,17.42,17299.77,20.21,14.91,1047.88,2309.12,22.89,19.42,41.66,25.68,3.50,3204.28,1503.67,1233.07,749.16,22.14,81.99,1255.35,7.86,2971.93,9023.66,1863.50,10284.86,15.01,5.78,4081.12,138939.00,122338.00,128466.00,14.61,19.96,15.68,2971.93
Welspun Enterp,532553,WELENT,INE625G01013,Construction,Civil Construction,584.65,8068.01,842.16,664.10,534.58,8.51,1986.52,56.13,74.67,-26.82,102.04,145.18,-65.38,95.74,30.74,98.08,0.00,22.77,785.10,0.15,3544.05,-1.84,-8.44,56.36,354.35,16.74,13.62,2.00,11.69,25.62,112.19,-273.49,534.08,160.70,5.71,50.18,642.80,-4.51,337.57,2908.50,1649.72,2805.30,11.82,2.66,773.72,51191.00,51521.00,58625.00,3.92,9.25,28.68,337.57
Welspun Living,514162,WELSPUNLIV,INE192B01031,Textiles & Apparels,Other Textile Products,188.69,18097.25,862.01,213.10,143.89,1.45,2314.79,66.36,160.73,83.59,87.55,103.70,53.17,86.00,2.57,14.86,0.00,65.05,2564.05,5.05,9933.99,-3.26,23.66,162.61,278.20,6.25,4.47,-48.60,5.82,1.94,1174.98,687.98,143.44,226.33,0.89,71.93,306.31,4.42,147.14,4821.28,892.25,5181.14,21.05,3.68,2795.45,223860.00,243222.00,260516.00,5.21,11.38,16.69,147.14
Welspun Special.,500365,WELSPLSOL,INE731F01037,Industrial Products,Iron & Steel Products,48.41,3213.69,63.60,63.29,43.80,23.51,35.09,55.17,5.16,788.00,-0.75,4.26,21.13,5.11,9.51,9.65,0.00,112.45,262.93,9.98,878.55,15.15,-3.80,5.16,28.58,9.90,4.80,500.28,2.66,8.07,128.13,57.77,43.76,15.46,0.08,40.67,72.86,7.35,11.97,58.98,143.56,438.76,49.64,7.03,193.67,98294.00,97199.00,99071.00,1.30,0.05,43.48,11.97
West Coast Paper,500444,WSTCSTPAPR,INE976A01021,"Paper, Forest & Jute Products",Paper & Paper Products,636.25,4203.12,527.87,815.00,499.06,1.48,345.05,56.58,133.49,145.43,54.39,51.85,162.76,65.69,29.57,11.91,0.00,18.30,1155.89,10.82,4375.40,7.86,10.12,141.84,229.69,6.17,4.25,-8.74,13.49,0.54,400.35,99.22,497.68,141.04,9.36,69.32,32.59,-0.67,37.60,3594.59,1492.30,1391.29,7.27,1.16,1051.26,48063.00,47196.00,52312.00,2.59,13.62,27.22,37.60
Westlife Food,505533,WESTLIFE,INE274F01020,Leisure Services,Restaurants,594.50,9265.56,373.56,1024.95,529.28,23.78,1804.79,56.39,0.59,-52.03,1.23,2.38,-75.21,-14.01,1.02,27.71,0.00,,695.77,8.40,2703.57,6.75,11.86,0.59,-8.76,6.34,-3.79,-186.56,0.08,2.38,351.99,344.90,528.62,84.43,-0.90,65.04,58.94,5.26,16.93,587.90,120.13,216.22,29.42,14.97,735.64,32056.00,32172.00,31054.00,6.94,28.31,7.83,16.93
Wework India,544570,WEWORK,INE085001019,Commercial Services & Supplies,Diversified Commercial Services,688.15,9541.91,1621.99,794.50,620.84,13.39,5549.72,48.30,-4.58,68.65,-14.61,64.37,-107.12,9.91,15.06,7.39,34.97,110.27,732.67,27.86,2578.01,27.10,27.39,-4.58,86.53,20.57,29.74,-54.22,-0.67,0.69,1731.02,1292.58,620.16,477.61,0.72,42.10,20.70,31.10,61.64,169.86,283.00,582.16,8.68,30.52,680.20,49870.00,53800.00,,19.64,25.90,6.17,61.64
Wheels India,590073,WHEELS,INE715A01015,Auto Components,Auto Components & Equipments,1483.80,3631.56,444.09,1813.90,1204.48,18.20,768.12,58.31,38.31,28.21,29.88,58.09,-33.79,51.76,36.89,31.78,0.00,22.22,1506.35,19.18,5690.44,17.47,17.82,38.94,163.46,18.83,15.79,39.52,2.61,0.91,477.35,400.47,1201.67,112.72,20.84,55.93,4.91,10.97,4.16,1017.03,78.34,1804.28,9.51,3.48,1491.00,29271.00,22677.00,22873.00,1.98,6.39,33.32,4.16
Whirlpool India,500238,WHIRLPOOL,INE716A01013,Consumer Durables,Household Appliances,775.75,9851.24,680.33,2787.00,917.06,46.06,71.25,39.76,102.88,-29.40,145.73,80.20,27.80,20.17,26.92,41.80,0.00,36.13,1790.97,8.72,8328.63,6.03,12.10,102.88,272.65,11.07,7.75,-23.36,3.77,2.13,297.94,571.07,918.48,81.76,1.59,44.92,2559.66,8.11,2552.75,4033.77,0.00,5041.09,11.83,2.37,2726.75,131028.00,129025.00,96396.00,12.48,34.18,13.58,2552.75
Windlas Biotech,543329,WINDLAS,INE0H5O01029,Pharmaceuticals & Biotechnology,Pharmaceuticals,988.20,2037.90,122.50,1198.25,846.37,5.48,35.25,63.31,17.65,-0.11,17.67,16.02,10.17,19.97,14.95,17.80,0.00,30.68,263.14,18.32,942.10,18.53,18.09,17.65,66.42,15.90,12.23,2.42,7.11,2.32,104.93,68.23,844.94,30.20,9.68,66.10,15.92,7.21,1.81,570.28,268.37,358.47,16.90,3.59,248.10,44996.00,44769.00,45887.00,2.04,9.84,24.80,1.81
Windsor Machines,522029,WINDMACHIN,INE052A01021,Industrial Manufacturing,Industrial Products,320.50,3310.08,35.26,440.80,288.36,7.22,86.29,42.95,-0.91,-37.88,-0.66,4.17,-112.57,-0.60,-2.74,4.29,48.78,1110.77,200.50,46.74,605.98,51.03,31.35,-0.91,2.98,2.11,0.20,113.61,-0.61,-193.29,-51.25,-41.32,288.04,10.08,-0.06,63.54,93.79,-28.46,33.86,475.60,0.00,584.40,99.01,5.71,148.87,19702.00,19824.00,21280.00,2.31,0.73,54.01,33.86
Wipro,507685,WIPRO,INE075A01022,IT - Software,Computers - Software & Consulting,181.00,179322.06,21671.30,369.93,206.45,33.74,20291.00,72.59,3352.00,0.65,3330.40,3501.80,-4.69,3423.52,3145.00,3262.40,0.00,13.57,24488.96,7.89,94968.00,6.40,10.59,3356.30,13219.00,17.84,15.46,-1.81,13.71,0.97,14931.60,16942.60,206.71,4685.46,3.45,48.07,12197.40,14.59,10555.50,85920.60,46785.90,38867.40,8.59,2.16,24478.60,3041147.00,2603140.00,2461550.00,8.85,5.22,13.21,10555.50
Wockhardt,532300,WOCKPHARMA,INE049B01025,Pharmaceuticals & Biotechnology,Pharmaceuticals,1830.60,29758.85,763.00,2422.30,1636.89,24.43,2233.00,49.09,106.00,973.63,-12.13,146.91,-34.76,96.56,61.00,82.00,14.68,74.64,970.65,24.12,3564.00,18.37,25.88,107.00,398.71,7.55,6.11,983.41,11.52,10.32,390.00,-22.00,1634.94,210.56,5.89,41.74,191.00,-1.09,250.00,4859.00,412.00,2194.00,35.51,6.02,929.00,166518.00,139016.00,146918.00,7.23,9.24,34.44,250.00
Wonderla Holiday,538268,WONDERLA,INE066O01014,Leisure Services,Amusement Parks/ Other Recreation,490.10,3110.75,193.03,1106.70,519.20,26.18,6.26,62.22,72.80,38.48,52.57,13.71,343.36,11.74,14.48,-1.75,0.00,29.41,109.74,36.92,593.16,30.68,44.22,72.80,105.78,6.20,4.60,7.28,30.00,1.92,134.75,122.54,519.49,31.08,1.85,56.87,423.01,-7.78,21.59,1733.47,402.48,80.31,13.38,1.73,242.63,53865.00,55706.00,57800.00,4.20,11.27,22.30,21.59
WPIL,505872,WPIL,INE765D01022,Industrial Manufacturing,Industrial Products,461.50,4509.00,376.53,768.00,433.07,9.57,502.34,70.79,33.90,51.30,22.41,40.41,26.82,64.68,75.56,51.78,3.18,26.58,499.55,17.26,1976.52,8.42,32.22,59.01,169.67,14.58,10.67,47.15,11.79,-59.72,-92.89,-149.56,432.78,85.81,3.80,58.12,446.63,-6.74,524.69,1580.61,42.10,2311.69,10.84,2.83,500.54,24898.00,25524.00,27889.00,5.60,2.77,20.82,524.69
XPRO India,590013,XPROINDIA,INE445C01015,Industrial Products,Packaging,1121.10,2629.36,49.79,1677.00,1150.69,28.81,324.77,40.32,7.94,244.89,-5.48,12.97,-42.49,4.16,6.83,4.97,0.00,80.51,125.97,5.05,535.01,-1.22,20.37,7.62,32.66,3.78,2.80,76.54,4.37,5.04,20.41,12.81,1150.99,10.65,1.77,39.62,265.05,-12.93,300.44,736.23,0.19,480.38,38.59,3.46,174.42,27413.00,27435.00,28580.00,13.81,2.94,42.91,300.44
Yash Highvoltage,544310,,INE00GK01023,Electrical Equipment,Other Electrical Equipment,923.70,2760.72,62.51,1025.00,671.10,9.88,37.55,54.79,25.30,68.89,14.98,14.02,69.19,,,,0.00,70.90,,,235.16,57.22,46.53,23.72,38.94,28.58,23.50,82.22,18.66,22.46,8.83,9.53,668.56,,,50.17,71.60,-13.19,20.06,169.72,5.37,132.44,44.44,14.33,135.57,6341.00,3741.00,2566.00,2.17,8.99,34.06,20.06
Yasho Industries,541167,YASHO,INE616Z01012,Chemicals & Petrochemicals,Specialty Chemicals,4284.20,5171.58,139.31,4994.00,2356.31,14.21,557.93,67.91,36.44,547.25,5.63,9.49,283.98,20.35,3.50,2.87,0.00,98.88,250.92,42.42,933.50,33.05,58.73,36.44,52.30,8.44,4.98,374.59,11.60,9.11,151.08,-43.91,2336.93,48.79,16.88,59.84,27.13,-7.44,16.97,429.26,5.88,497.75,31.89,11.70,314.09,22695.00,23730.00,26589.00,5.74,2.21,24.14,16.97
Yatharth Hospit.,543950,YATHARTH,INE0JO301016,Healthcare Services,Hospital,847.85,8159.35,317.91,920.20,762.96,7.86,264.09,55.80,47.06,11.94,42.04,47.52,1.61,58.06,43.08,41.25,9.59,45.04,413.15,47.86,1334.10,44.00,52.33,45.42,181.17,12.37,10.36,27.41,11.57,6.87,204.52,149.60,762.11,96.00,6.03,49.45,440.58,-6.63,263.36,1684.21,1.99,712.02,24.06,4.59,392.65,96264.00,99117.00,81440.00,5.62,10.84,27.74,263.36
Yes Bank,532648,YESBANK,INE528G01035,Banks,Private Sector Bank,22.74,71470.12,25671.33,404.00,21.96,11.79,383881.18,0.00,1071.80,32.54,808.65,1082.19,-0.97,916.71,956.59,664.31,0.00,18.93,7498.17,1.48,30658.32,-0.45,5.92,1071.81,3774.85,5.98,7.10,37.81,13.31,0.82,21216.85,6386.40,21.95,4405.24,0.29,45.36,14215.16,2.77,15587.34,46158.99,92353.83,82410.69,17.47,1.36,8054.49,5844167.00,6008062.00,6355943.00,46.12,24.04,29.83,12532.94
Zaggle Prepaid,543985,ZAGGLE,INE07K301024,IT - Services,IT Enabled Services,197.56,2656.93,217.83,597.00,255.48,52.28,53.14,44.30,17.43,-32.65,25.88,37.77,-53.85,39.34,35.97,33.24,1.61,21.36,586.49,36.08,1911.49,38.32,17.70,17.43,124.41,13.49,10.04,28.74,4.47,-16.41,-6.32,19.85,256.07,53.14,2.93,49.38,653.14,-7.09,535.15,1386.74,192.32,1095.51,10.30,1.90,390.17,118274.00,115656.00,108821.00,2.31,5.44,47.96,535.15
Zee Entertainmen,505537,ZEEL,INE256A01028,Entertainment,TV Broadcasting & Software Production,108.03,10358.25,545.00,619.35,99.31,12.98,265.10,3.99,74.30,-48.30,143.70,-103.70,171.65,34.30,154.80,76.50,5.38,49.47,2024.21,2.79,8181.40,2.42,4.52,74.30,209.40,2.75,2.40,-72.62,3.90,1.37,708.10,1186.00,99.22,97.45,0.36,57.37,1250.00,6.31,1493.50,11633.80,1274.80,12016.30,22.17,0.88,1907.30,620227.00,625207.00,638222.00,20.11,7.81,67.97,1493.50
Zen Technologies,533339,ZENTEC,INE251B01027,Aerospace & Defense,Aerospace & Defense,1909.10,17239.11,330.35,2627.95,1622.00,6.59,18.52,48.51,36.67,-23.20,47.75,31.53,-32.58,38.80,55.71,61.91,0.00,94.88,142.69,-17.79,671.11,-23.50,-10.48,31.85,181.70,16.18,10.72,-27.66,24.05,19.09,244.60,31.03,1619.11,46.08,4.30,61.93,400.64,2.96,354.73,1880.03,6.22,1554.17,55.98,9.12,141.64,290771.00,314092.00,311948.00,6.47,10.42,34.22,354.73
Zensar Tech.,504067,ZENSARTECH,INE520A01027,IT - Software,Computers - Software & Consulting,484.95,11029.51,1114.20,985.00,572.87,44.19,79.30,49.00,183.80,0.99,182.00,210.22,-12.73,208.66,199.80,182.20,0.00,13.87,1535.65,8.05,5810.70,8.06,8.90,183.80,795.17,22.75,17.32,18.00,12.19,1.46,770.80,565.00,573.76,238.19,9.17,44.80,743.60,13.90,931.50,4673.80,1920.70,2390.90,8.77,2.34,1508.30,219808.00,206187.00,210063.00,10.73,21.98,17.94,931.50
ZF Commercial,533023,ZFCVINDIA,INE342J01019,Auto Components,Auto Components & Equipments,2621.50,29831.26,798.28,3044.00,2413.14,13.88,54.82,60.00,99.10,-17.53,120.17,141.35,-29.89,110.66,138.68,106.47,0.00,60.70,986.92,9.44,4133.96,7.96,8.15,99.10,491.45,19.08,14.36,2.47,9.51,6.97,809.35,273.65,2411.05,143.08,9.72,60.71,1465.22,7.64,1622.01,3666.89,606.25,2845.16,35.58,8.11,1041.71,41406.00,31657.00,33640.00,5.93,25.45,8.62,1622.01
Zota Health Care,,ZOTA,INE358U01012,Pharmaceuticals & Biotechnology,Pharmaceuticals,1076.70,3728.89,25.98,1740.00,1271.94,38.12,270.44,49.38,-43.56,-204.19,-14.32,-8.88,-203.94,-41.71,-29.64,-16.19,0.26,,225.74,75.06,608.68,78.89,67.60,-43.95,-97.89,-8.47,-15.00,-68.80,-25.32,-11.56,-84.43,-49.96,1273.90,-0.09,-11.94,26.73,3.62,-15.79,95.57,658.86,263.88,457.17,337.11,5.38,173.60,14678.00,14005.00,10354.00,7.92,6.75,35.96,95.57
Zydus Lifesci.,532321,ZYDUSLIFE,INE010B01027,Pharmaceuticals & Biotechnology,Pharmaceuticals,1107.70,110443.50,8982.30,1324.30,1019.75,8.12,12496.00,75.02,952.10,-35.09,1466.80,1530.25,-26.16,1544.21,1022.90,1238.60,0.00,22.68,7429.04,21.33,28591.70,21.11,21.96,990.20,4868.59,21.14,21.25,4.55,12.51,2.61,2116.60,6781.10,1018.87,2145.97,14.69,44.84,2956.80,6.47,1416.60,27010.80,7539.90,14130.30,13.85,4.11,8017.00,399251.00,418314.00,386127.00,6.89,11.27,6.83,1416.60
Zydus Wellness,531335,ZYDUSWELL,INE768C01028,Food Products,Packaged Foods,501.30,15941.31,512.30,611.85,487.57,18.07,3202.80,69.63,118.90,-7.04,127.90,162.00,-26.60,37.90,-39.90,-52.80,0.00,71.96,1105.67,69.97,4537.10,66.27,66.92,118.90,221.52,4.91,3.98,-31.18,8.27,5.40,226.40,380.00,487.43,118.28,1.19,38.00,73.90,2.96,111.10,5762.40,5.10,1362.50,31.56,2.74,1437.00,86866.00,80671.00,66514.00,3.32,19.13,7.92,111.10
